team,player,line,pos,num,handedness,ht,wt,player_id,full
ANA,Adam Henrique,1st line,LW,14,L,"6'0""",195,8474641.0,Anaheim Ducks
ANA,Leo Carlsson,1st line,C,91,L,"6'3""",193,8484153.0,Anaheim Ducks
ANA,Troy Terry,1st line,RW,19,R,"6'0""",185,8478873.0,Anaheim Ducks
ANA,Jackson LaCombe,1st pair,LD,60,L,"6'2""",201,8481605.0,Anaheim Ducks
ANA,Cam Fowler,1st pair,RD,4,L,"6'2""",214,8475764.0,Anaheim Ducks
ANA,Isac Lundestrom,2nd line,LW,21,L,"6'0""",191,8480806.0,Anaheim Ducks
ANA,Mason McTavish,2nd line,C,23,L,"6'0""",215,8482745.0,Anaheim Ducks
ANA,Jakob Silfverberg,2nd line,RW,33,R,"6'1""",210,8475164.0,Anaheim Ducks
ANA,Urho Vaakanainen,2nd pair,LD,5,L,"6'2""",196,8480001.0,Anaheim Ducks
ANA,Radko Gudas,2nd pair,RD,7,R,"6'0""",205,8475462.0,Anaheim Ducks
ANA,Frank Vatrano,3rd line,LW,77,L,"5'11""",204,8478366.0,Anaheim Ducks
ANA,Ryan Strome,3rd line,C,16,R,"6'1""",196,8476458.0,Anaheim Ducks
ANA,Brett Leason,3rd line,RW,20,R,"6'5""",215,8481517.0,Anaheim Ducks
ANA,Olen Zellweger,3rd pair,LD,51,L,"5'10""",175,8482803.0,Anaheim Ducks
ANA,Robert Hagg,3rd pair,RD,18,L,"6'2""",204,8477462.0,Anaheim Ducks
ANA,Ross Johnston,4th line,LW,44,L,"6'5""",235,8477527.0,Anaheim Ducks
ANA,Sam Carrick,4th line,C,39,R,"6'0""",197,8475842.0,Anaheim Ducks
ANA,Brock McGinn,4th line,RW,26,L,"6'0""",190,8476934.0,Anaheim Ducks
ANA,Alex Killorn,injured reserve,F,17.0,L,"6'1""",199.0,8473986.0,Anaheim Ducks
ANA,Trevor Zegras,injured reserve,F,11.0,L,"6'0""",185.0,8481533.0,Anaheim Ducks
ANA,Max Jones,injured reserve,F,49.0,L,"6'3""",220.0,8479368.0,Anaheim Ducks
ANA,Pavel Mintyukov,injured reserve,D,34.0,L,"6'2""",194.0,8483490.0,Anaheim Ducks
ANA,Benoit-Olivier Groulx,scratch,F,24.0,L,"6'2""",198.0,8480870.0,Anaheim Ducks
ANA,Gustav Lindstrom,scratch,D,28.0,R,"6'2""",194.0,8480184.0,Anaheim Ducks
ANA,Ilya Lyubushkin,scratch,D,46.0,R,"6'2""",201.0,8480950.0,Anaheim Ducks
ARI,Clayton Keller,1st line,LW,9,L,"5'10""",170,8479343.0,Arizona Coyotes
ARI,Jack McBain,1st line,C,22,L,"6'4""",218,8480855.0,Arizona Coyotes
ARI,Nick Schmaltz,1st line,RW,8,R,"6'0""",177,8477951.0,Arizona Coyotes
ARI,J.J. Moser,1st pair,LD,90,L,"6'0""",172,8482655.0,Arizona Coyotes
ARI,Sean Durzi,1st pair,RD,50,R,"6'0""",188,8480434.0,Arizona Coyotes
ARI,Jason Zucker,2nd line,LW,16,L,"5'11""",192,8475722.0,Arizona Coyotes
ARI,Alexander Kerfoot,2nd line,C,15,L,"5'10""",185,8477021.0,Arizona Coyotes
ARI,Lawson Crouse,2nd line,RW,67,L,"6'4""",220,8478474.0,Arizona Coyotes
ARI,Travis Dermott,2nd pair,LD,33,L,"6'0""",205,8478408.0,Arizona Coyotes
ARI,Michael Kesselring,2nd pair,RD,5,R,"6'4""",190,8480891.0,Arizona Coyotes
ARI,Matias Maccelli,3rd line,LW,63,L,"5'11""",165,8481711.0,Arizona Coyotes
ARI,Logan  B+  FP Cooley,3rd line,C,92,L,"5'11""",180,0.0,Arizona Coyotes
ARI,Dylan Guenther,3rd line,RW,11,R,"6'2""",175,8482699.0,Arizona Coyotes
ARI,Juuso Valimaki,3rd pair,LD,4,L,"6'2""",212,8479976.0,Arizona Coyotes
ARI,Victor Soderstrom,3rd pair,RD,77,R,"6'0""",182,8481599.0,Arizona Coyotes
ARI,Michael Carcone,4th line,LW,53,L,"5'10""",170,8479619.0,Arizona Coyotes
ARI,Nick Bjugstad,4th line,C,17,R,"6'6""",215,8475760.0,Arizona Coyotes
ARI,Liam O'Brien,4th line,RW,38,L,"6'1""",215,8477070.0,Arizona Coyotes
ARI,Barrett Hayton,injured reserve,F,29.0,L,"6'1""",190.0,8480849.0,Arizona Coyotes
ARI,Travis Boyd,injured reserve,F,72.0,R,"6'0""",190.0,8476329.0,Arizona Coyotes
ARI,Jakub Voracek,injured reserve,F,,L,"6'2""",214.0,8474161.0,Arizona Coyotes
ARI,Bryan Little,injured reserve,F,,R,"6'0""",191.0,8473412.0,Arizona Coyotes
ARI,Matt Dumba,injured reserve,D,24.0,R,"6'0""",180.0,8476856.0,Arizona Coyotes
ARI,Troy Stecher,injured reserve,D,51.0,R,"5'10""",186.0,8479442.0,Arizona Coyotes
ARI,Vladislav Kolyachonok,injured reserve,D,52.0,L,"6'1""",189.0,8481609.0,Arizona Coyotes
ARI,Shea Weber,injured reserve,D,,R,"6'4""",230.0,8470642.0,Arizona Coyotes
ARI,Adam Ruzicka,scratch,F,83.0,L,"6'4""",220.0,8480008.0,Arizona Coyotes
ARI,Justin Kirkland,scratch,F,25.0,L,"6'3""",193.0,8477993.0,Arizona Coyotes
ARI,Josh Brown,scratch,D,3.0,R,"6'5""",217.0,8477384.0,Arizona Coyotes
BOS,Brad Marchand,1st line,LW,63,L,"5'9""",181,8473419.0,Boston Bruins
BOS,Charlie Coyle,1st line,C,13,R,"6'3""",220,8475745.0,Boston Bruins
BOS,Trent Frederic,1st line,RW,11,L,"6'2""",203,8479365.0,Boston Bruins
BOS,Matt Grzelcyk,1st pair,LD,48,L,"5'9""",174,8476891.0,Boston Bruins
BOS,Charlie McAvoy,1st pair,RD,73,R,"6'0""",208,8479325.0,Boston Bruins
BOS,James van Riemsdyk,2nd line,LW,21,L,"6'3""",217,8474037.0,Boston Bruins
BOS,Pavel Zacha,2nd line,C,18,L,"6'3""",210,8478401.0,Boston Bruins
BOS,David Pastrnak,2nd line,RW,88,R,"6'0""",194,8477956.0,Boston Bruins
BOS,Hampus Lindholm,2nd pair,LD,27,L,"6'3""",208,8476854.0,Boston Bruins
BOS,Brandon Carlo,2nd pair,RD,25,R,"6'5""",212,8478443.0,Boston Bruins
BOS,Jesper Boqvist,3rd line,LW,70,L,"6'0""",180,8480003.0,Boston Bruins
BOS,Morgan Geekie,3rd line,C,39,R,"6'2""",168,8479987.0,Boston Bruins
BOS,Danton Heinen,3rd line,RW,43,L,"6'1""",188,8478046.0,Boston Bruins
BOS,Parker Wotherspoon,3rd pair,LD,29,L,"6'0""",172,8478450.0,Boston Bruins
BOS,Kevin Shattenkirk,3rd pair,RD,12,R,"6'0""",207,8474031.0,Boston Bruins
BOS,Oskar Steen,4th line,LW,62,R,"5'9""",187,8479546.0,Boston Bruins
BOS,Patrick Brown,4th line,C,38,R,"5'11""",214,8477887.0,Boston Bruins
BOS,Jakub Lauko,4th line,RW,94,L,"6'0""",179,8480880.0,Boston Bruins
BOS,Milan Lucic,injured reserve,F,17.0,L,"6'3""",231.0,8473473.0,Boston Bruins
BOS,Jake DeBrusk,scratch,F,74.0,L,"6'0""",188.0,8478498.0,Boston Bruins
BOS,Matthew  B+  L Poitras,scratch,F,51.0,R,"5'11""",177.0,0.0,Boston Bruins
BOS,Derek Forbort,scratch,D,28.0,L,"6'4""",219.0,8475762.0,Boston Bruins
BUF,Jeff Skinner,1st line,LW,53,L,"5'11""",195,8475784.0,Buffalo Sabres
BUF,Tage Thompson,1st line,C,72,R,"6'6""",215,8479420.0,Buffalo Sabres
BUF,Kyle Okposo,1st line,RW,21,R,"6'0""",216,8473449.0,Buffalo Sabres
BUF,Jacob Bryson,1st pair,LD,78,L,"5'9""",185,8480196.0,Buffalo Sabres
BUF,Rasmus Dahlin,1st pair,RD,26,L,"6'3""",193,8480839.0,Buffalo Sabres
BUF,JJ Peterka,2nd line,LW,77,L,"5'11""",192,8482175.0,Buffalo Sabres
BUF,Dylan Cozens,2nd line,C,24,R,"6'3""",183,8481528.0,Buffalo Sabres
BUF,Jack Quinn,2nd line,RW,22,R,"6'0""",176,8482097.0,Buffalo Sabres
BUF,Owen Power,2nd pair,LD,25,L,"6'6""",214,8482671.0,Buffalo Sabres
BUF,Henri Jokiharju,2nd pair,RD,10,R,"6'0""",195,8480035.0,Buffalo Sabres
BUF,Jordan Greenway,3rd line,LW,12,L,"6'6""",225,8478413.0,Buffalo Sabres
BUF,Casey Mittelstadt,3rd line,C,37,L,"6'1""",199,8479999.0,Buffalo Sabres
BUF,Alex Tuch,3rd line,RW,89,R,"6'4""",220,8477949.0,Buffalo Sabres
BUF,Ryan Johnson,3rd pair,LD,33,L,"6'0""",170,8481564.0,Buffalo Sabres
BUF,Connor Clifton,3rd pair,RD,75,R,"5'11""",175,8477365.0,Buffalo Sabres
BUF,Zach Benson,4th line,LW,9,L,"5'10""",170,8484145.0,Buffalo Sabres
BUF,Peyton Krebs,4th line,C,19,L,"5'11""",180,8481522.0,Buffalo Sabres
BUF,Eric Robinson,4th line,RW,50,L,"6'2""",197,8480762.0,Buffalo Sabres
BUF,Erik Johnson,injured reserve,D,6.0,R,"6'4""",225.0,8473446.0,Buffalo Sabres
BUF,Victor Olofsson,scratch,F,71.0,L,"5'11""",183.0,8478109.0,Buffalo Sabres
BUF,Zemgus Girgensons,scratch,F,28.0,L,"6'2""",211.0,8476878.0,Buffalo Sabres
BUF,Mattias Samuelsson,scratch,D,23.0,L,"6'4""",218.0,8480807.0,Buffalo Sabres
CAR,Michael Bunting,1st line,LW,58,L,"5'11""",197,8478047.0,Carolina Hurricanes
CAR,Sebastian Aho,1st line,C,20,L,"6'0""",176,8478427.0,Carolina Hurricanes
CAR,Teuvo Teravainen,1st line,RW,86,L,"5'11""",191,8476882.0,Carolina Hurricanes
CAR,Jaccob Slavin,1st pair,LD,74,L,"6'3""",207,8476958.0,Carolina Hurricanes
CAR,Brent Burns,1st pair,RD,8,R,"6'5""",230,8470613.0,Carolina Hurricanes
CAR,Stefan Noesen,2nd line,LW,23,R,"6'1""",205,8476474.0,Carolina Hurricanes
CAR,Jack Drury,2nd line,C,18,L,"5'11""",174,8480835.0,Carolina Hurricanes
CAR,Martin Necas,2nd line,RW,88,R,"6'2""",189,8480039.0,Carolina Hurricanes
CAR,Brady Skjei,2nd pair,LD,76,L,"6'3""",210,8476869.0,Carolina Hurricanes
CAR,Brett Pesce,2nd pair,RD,22,R,"6'3""",206,8477488.0,Carolina Hurricanes
CAR,Jordan Martinook,3rd line,LW,48,L,"6'0""",196,8476921.0,Carolina Hurricanes
CAR,Jordan Staal,3rd line,C,11,L,"6'4""",220,8473533.0,Carolina Hurricanes
CAR,Seth Jarvis,3rd line,RW,24,R,"5'10""",175,8482093.0,Carolina Hurricanes
CAR,Dmitry Orlov,3rd pair,LD,7,L,"5'11""",208,8475200.0,Carolina Hurricanes
CAR,Jalen Chatfield,3rd pair,RD,5,R,"6'1""",188,8478970.0,Carolina Hurricanes
CAR,Brendan Lemieux,4th line,LW,28,L,"6'1""",213,8477962.0,Carolina Hurricanes
CAR,Jesperi Kotkaniemi,4th line,C,82,L,"6'2""",198,8480829.0,Carolina Hurricanes
CAR,Jesper Fast,4th line,RW,71,R,"6'1""",191,8475855.0,Carolina Hurricanes
CAR,Frederik Andersen,injured reserve,G,31.0,L,"6'4""",238.0,8475883.0,Carolina Hurricanes
CAR,Andrei Svechnikov,scratch,F,37.0,L,"6'2""",195.0,8480830.0,Carolina Hurricanes
CAR,Tony DeAngelo,scratch,D,77.0,R,"5'11""",180.0,8477950.0,Carolina Hurricanes
CAR,Pyotr Kochetkov,scratch,G,52.0,L,"6'3""",205.0,8481611.0,Carolina Hurricanes
CBJ,Johnny Gaudreau,1st line,LW,13,L,"5'9""",165,8476346.0,Columbus Blue Jackets
CBJ,Cole Sillinger,1st line,C,4,L,"6'0""",197,8482705.0,Columbus Blue Jackets
CBJ,Yegor Chinakhov,1st line,RW,59,L,"6'0""",178,8482475.0,Columbus Blue Jackets
CBJ,Zach Werenski,1st pair,LD,8,L,"6'2""",212,8478460.0,Columbus Blue Jackets
CBJ,Adam Boqvist,1st pair,RD,27,R,"5'11""",179,8480871.0,Columbus Blue Jackets
CBJ,Adam Fantilli,2nd line,LW,11,L,"6'2""",195,8484166.0,Columbus Blue Jackets
CBJ,Boone Jenner,2nd line,C,38,L,"6'2""",208,8476432.0,Columbus Blue Jackets
CBJ,Jack Roslovic,2nd line,RW,96,R,"6'1""",187,8478458.0,Columbus Blue Jackets
CBJ,Ivan Provorov,2nd pair,LD,9,L,"6'1""",201,8478500.0,Columbus Blue Jackets
CBJ,Damon Severson,2nd pair,RD,78,R,"6'2""",205,8476923.0,Columbus Blue Jackets
CBJ,Kent Johnson,3rd line,LW,91,L,"6'1""",168,8482660.0,Columbus Blue Jackets
CBJ,Dmitri Voronkov,3rd line,C,10,L,"6'4""",190,8481716.0,Columbus Blue Jackets
CBJ,Kirill Marchenko,3rd line,RW,86,R,"6'3""",187,8480893.0,Columbus Blue Jackets
CBJ,Jake Bean,3rd pair,LD,22,L,"6'1""",186,8479402.0,Columbus Blue Jackets
CBJ,Erik Gudbranson,3rd pair,RD,44,R,"6'5""",217,8475790.0,Columbus Blue Jackets
CBJ,Alexandre Texier,4th line,LW,42,L,"6'1""",192,8480074.0,Columbus Blue Jackets
CBJ,Sean Kuraly,4th line,C,7,L,"6'2""",213,8476374.0,Columbus Blue Jackets
CBJ,Justin Danforth,4th line,RW,17,R,"5'9""",185,8479941.0,Columbus Blue Jackets
CBJ,Patrik Laine,injured reserve,F,29.0,R,"6'5""",206.0,8479339.0,Columbus Blue Jackets
CBJ,Emil Bemstrom,scratch,F,52.0,R,"6'0""",190.0,8480205.0,Columbus Blue Jackets
CBJ,Mathieu Olivier,scratch,F,24.0,R,"6'2""",210.0,8479671.0,Columbus Blue Jackets
CBJ,Andrew Peeke,scratch,D,2.0,R,"6'3""",194.0,8479369.0,Columbus Blue Jackets
CGY,Jonathan Huberdeau,1st line,LW,10,L,"6'1""",202,8476456.0,Calgary Flames
CGY,Nazem Kadri,1st line,C,91,L,"6'0""",192,8475172.0,Calgary Flames
CGY,Connor Zary,1st line,RW,47,L,"6'0""",178,8482074.0,Calgary Flames
CGY,Noah Hanifin,1st pair,LD,55,L,"6'3""",215,8478396.0,Calgary Flames
CGY,Chris Tanev,1st pair,RD,8,R,"6'2""",197,8475690.0,Calgary Flames
CGY,Yegor Sharangovich,2nd line,LW,17,L,"6'2""",195,8481068.0,Calgary Flames
CGY,Elias Lindholm,2nd line,C,28,R,"6'1""",195,8477496.0,Calgary Flames
CGY,Matt Coronato,2nd line,RW,27,R,"5'10""",183,8482679.0,Calgary Flames
CGY,Dennis Gilbert,2nd pair,LD,48,L,"6'2""",216,8478502.0,Calgary Flames
CGY,Rasmus Andersson,2nd pair,RD,4,R,"6'1""",214,8478397.0,Calgary Flames
CGY,Andrew Mangiapane,3rd line,LW,88,L,"5'10""",184,8478233.0,Calgary Flames
CGY,Mikael Backlund,3rd line,C,11,L,"6'0""",200,8474150.0,Calgary Flames
CGY,Martin Pospisil,3rd line,RW,76,L,"6'2""",181,8481028.0,Calgary Flames
CGY,Oliver Kylington,3rd pair,LD,58,L,"6'0""",183,8478430.0,Calgary Flames
CGY,MacKenzie Weegar,3rd pair,RD,52,R,"6'0""",200,8477346.0,Calgary Flames
CGY,Walker Duehr,4th line,LW,71,R,"6'2""",210,8482652.0,Calgary Flames
CGY,Cole Schwindt,4th line,C,79,R,"6'2""",182,8481655.0,Calgary Flames
CGY,Adam Klapka,4th line,RW,43,R,"6'8""",245,8483609.0,Calgary Flames
CGY,Blake Coleman,scratch,F,20.0,L,"5'11""",207.0,8476399.0,Calgary Flames
CGY,A.J. Greer,scratch,F,18.0,L,"6'3""",210.0,8478421.0,Calgary Flames
CGY,Jordan Oesterle,scratch,D,82.0,L,"6'0""",182.0,8477851.0,Calgary Flames
CHI,Nick Foligno,1st line,LW,17,L,"6'0""",208,8473422.0,Chicago Blackhawks
CHI,Philipp Kurashev,1st line,C,23,L,"6'0""",190,8480798.0,Chicago Blackhawks
CHI,Taylor Raddysh,1st line,RW,11,R,"6'2""",198,8479390.0,Chicago Blackhawks
CHI,Alex Vlasic,1st pair,LD,72,L,"6'6""",200,8481568.0,Chicago Blackhawks
CHI,Seth Jones,1st pair,RD,4,R,"6'4""",209,8477495.0,Chicago Blackhawks
CHI,Colin Blackwell,2nd line,LW,43,R,"5'9""",190,8476278.0,Chicago Blackhawks
CHI,Jason Dickinson,2nd line,C,16,L,"6'2""",200,8477450.0,Chicago Blackhawks
CHI,Joey Anderson,2nd line,RW,15,R,"5'11""",190,8479315.0,Chicago Blackhawks
CHI,Kevin Korchinski,2nd pair,LD,55,L,"6'2""",185,8483466.0,Chicago Blackhawks
CHI,Jaycob Megna,2nd pair,RD,24,L,"6'6""",221,8477034.0,Chicago Blackhawks
CHI,Lukas Reichel,3rd line,LW,27,L,"6'0""",170,8482117.0,Chicago Blackhawks
CHI,MacKenzie Entwistle,3rd line,C,58,R,"6'3""",181,8480025.0,Chicago Blackhawks
CHI,Ryan Donato,3rd line,RW,8,L,"6'0""",192,8477987.0,Chicago Blackhawks
CHI,Jarred Tinordi,3rd pair,LD,25,L,"6'6""",225,8475797.0,Chicago Blackhawks
CHI,Isaak Phillips,3rd pair,RD,41,L,"6'2""",193,8482192.0,Chicago Blackhawks
CHI,Boris Katchouk,4th line,LW,14,L,"6'1""",179,8479383.0,Chicago Blackhawks
CHI,Zachary Sanford,4th line,C,13,L,"6'4""",207,0.0,Chicago Blackhawks
CHI,Reese Johnson,4th line,RW,52,R,"6'1""",192,8481147.0,Chicago Blackhawks
CHI,Connor Bedard,injured reserve,F,98.0,R,"5'10""",185.0,8484144.0,Chicago Blackhawks
CHI,Taylor Hall,injured reserve,F,71.0,L,"6'1""",205.0,8475791.0,Chicago Blackhawks
CHI,Tyler Johnson,injured reserve,F,90.0,R,"5'8""",182.0,8474870.0,Chicago Blackhawks
CHI,Andreas Athanasiou,injured reserve,F,89.0,L,"6'2""",188.0,8476960.0,Chicago Blackhawks
CHI,Anthony Beauvillier,injured reserve,F,91.0,L,"5'11""",182.0,8478463.0,Chicago Blackhawks
CHI,Luke Philp,injured reserve,F,39.0,R,"5'10""",180.0,8478224.0,Chicago Blackhawks
CHI,Connor Murphy,injured reserve,D,5.0,R,"6'4""",212.0,8476473.0,Chicago Blackhawks
CHI,Nikita Zaitsev,injured reserve,D,22.0,R,"6'2""",195.0,8479458.0,Chicago Blackhawks
CHI,Rem Pitlick,scratch,F,20.0,L,"5'11""",196.0,8479514.0,Chicago Blackhawks
CHI,Cole Guttman,scratch,F,70.0,R,"5'10""",163.0,8480252.0,Chicago Blackhawks
CHI,Louis Crevier,scratch,D,46.0,R,"6'8""",214.0,8481806.0,Chicago Blackhawks
COL,Jonathan Drouin,1st line,LW,27,L,"6'0""",203,8477494.0,Colorado Avalanche
COL,Nathan MacKinnon,1st line,C,29,R,"6'0""",200,8477492.0,Colorado Avalanche
COL,Mikko Rantanen,1st line,RW,96,L,"6'4""",215,8478420.0,Colorado Avalanche
COL,Devon Toews,1st pair,LD,7,L,"6'1""",191,8478038.0,Colorado Avalanche
COL,Cale Makar,1st pair,RD,8,R,"5'11""",187,8480069.0,Colorado Avalanche
COL,Miles Wood,2nd line,LW,28,L,"6'2""",195,8477425.0,Colorado Avalanche
COL,Ross Colton,2nd line,C,20,L,"6'0""",190,8479525.0,Colorado Avalanche
COL,Logan O'Connor,2nd line,RW,25,R,"6'0""",175,8481186.0,Colorado Avalanche
COL,Samuel Girard,2nd pair,LD,49,L,"5'10""",170,8479398.0,Colorado Avalanche
COL,Josh Manson,2nd pair,RD,42,R,"6'3""",218,8476312.0,Colorado Avalanche
COL,Andrew Cogliano,3rd line,LW,11,L,"5'10""",175,8471699.0,Colorado Avalanche
COL,Ryan Johansen,3rd line,C,12,R,"6'3""",218,8475793.0,Colorado Avalanche
COL,Artturi Lehkonen,3rd line,RW,62,L,"6'0""",180,8477476.0,Colorado Avalanche
COL,Jack Johnson,3rd pair,LD,3,L,"6'1""",227,8471677.0,Colorado Avalanche
COL,Bowen Byram,3rd pair,RD,4,L,"6'0""",195,8481524.0,Colorado Avalanche
COL,Kurtis MacDermid,4th line,LW,56,L,"6'5""",233,8477073.0,Colorado Avalanche
COL,Fredrik Olofsson,4th line,C,22,L,"6'2""",196,8478028.0,Colorado Avalanche
COL,Joel Kiviranta,4th line,RW,94,L,"5'10""",175,8481641.0,Colorado Avalanche
COL,Gabriel Landeskog,injured reserve,F,92.0,L,"6'1""",215.0,8476455.0,Colorado Avalanche
COL,Pavel Francouz,injured reserve,G,39.0,R,"6'0""",179.0,8480925.0,Colorado Avalanche
COL,Zach Parise,scratch,F,,L,"5'11""",195.0,8470610.0,Colorado Avalanche
COL,Caleb Jones,scratch,D,82.0,L,"6'1""",194.0,8478452.0,Colorado Avalanche
DAL,Jason Robertson,1st line,LW,21,L,"6'2""",194,8480027.0,Dallas Stars
DAL,Roope Hintz,1st line,C,24,L,"6'3""",220,8478449.0,Dallas Stars
DAL,Wyatt Johnston,1st line,RW,53,R,"6'1""",178,8482740.0,Dallas Stars
DAL,Thomas Harley,1st pair,LD,55,L,"6'3""",188,8481581.0,Dallas Stars
DAL,Miro Heiskanen,1st pair,RD,4,L,"6'1""",190,8480036.0,Dallas Stars
DAL,Mason Marchment,2nd line,LW,27,L,"6'4""",201,8478975.0,Dallas Stars
DAL,Matt Duchene,2nd line,C,95,L,"5'11""",195,8475168.0,Dallas Stars
DAL,Tyler Seguin,2nd line,RW,91,R,"6'1""",200,8475794.0,Dallas Stars
DAL,Ryan Suter,2nd pair,LD,20,L,"6'2""",206,8470600.0,Dallas Stars
DAL,Nils Lundkvist,2nd pair,RD,5,R,"5'11""",187,8480878.0,Dallas Stars
DAL,Jamie Benn,3rd line,LW,14,L,"6'2""",210,8473994.0,Dallas Stars
DAL,Sam Steel,3rd line,C,18,L,"5'11""",189,8479351.0,Dallas Stars
DAL,Joe Pavelski,3rd line,RW,16,R,"5'11""",195,8470794.0,Dallas Stars
DAL,Esa Lindell,3rd pair,LD,23,L,"6'3""",215,8476902.0,Dallas Stars
DAL,Jani Hakanpaa,3rd pair,RD,2,R,"6'5""",218,8475825.0,Dallas Stars
DAL,Evgenii Dadonov,4th line,LW,63,L,"5'11""",189,8474149.0,Dallas Stars
DAL,Radek Faksa,4th line,C,12,L,"6'3""",220,8476889.0,Dallas Stars
DAL,Ty Dellandrea,4th line,RW,10,R,"6'0""",184,8480848.0,Dallas Stars
DAL,Jerad Rosburg,injured reserve,D,39.0,L,"6'1""",200.0,0.0,Dallas Stars
DAL,Craig Smith,scratch,F,15.0,R,"6'1""",208.0,8475225.0,Dallas Stars
DAL,Joel Hanley,scratch,D,44.0,L,"5'11""",190.0,8477810.0,Dallas Stars
DET,Alex DeBrincat,1st line,LW,93,R,"5'7""",165,8479337.0,Detroit Red Wings
DET,Dylan Larkin,1st line,C,71,L,"6'1""",198,8477946.0,Detroit Red Wings
DET,Lucas Raymond,1st line,RW,23,R,"5'11""",170,8482078.0,Detroit Red Wings
DET,Jake Walman,1st pair,LD,96,L,"6'1""",170,8478013.0,Detroit Red Wings
DET,Moritz Seider,1st pair,RD,53,R,"6'3""",208,8481542.0,Detroit Red Wings
DET,David Perron,2nd line,LW,57,R,"6'0""",200,8474102.0,Detroit Red Wings
DET,J.T. Compher,2nd line,C,37,R,"6'0""",190,8477456.0,Detroit Red Wings
DET,Robby Fabbri,2nd line,RW,14,L,"5'10""",190,8477952.0,Detroit Red Wings
DET,Olli Maatta,2nd pair,LD,2,L,"6'2""",206,8476874.0,Detroit Red Wings
DET,Jeff Petry,2nd pair,RD,46,R,"6'3""",209,8473507.0,Detroit Red Wings
DET,Michael Rasmussen,3rd line,LW,27,L,"6'6""",221,8479992.0,Detroit Red Wings
DET,Andrew Copp,3rd line,C,18,L,"6'1""",206,8477429.0,Detroit Red Wings
DET,Christian Fischer,3rd line,RW,36,R,"6'2""",214,8478432.0,Detroit Red Wings
DET,Shayne Gostisbehere,3rd pair,LD,41,L,"5'11""",180,8476906.0,Detroit Red Wings
DET,Justin Holl,3rd pair,RD,3,R,"6'4""",210,8475718.0,Detroit Red Wings
DET,Klim Kostin,4th line,LW,24,L,"6'3""",212,8480011.0,Detroit Red Wings
DET,Joe Veleno,4th line,C,90,L,"6'1""",191,8480813.0,Detroit Red Wings
DET,Daniel Sprong,4th line,RW,17,R,"6'0""",180,8478466.0,Detroit Red Wings
DET,Patrick Kane,injured reserve,F,88.0,L,"5'10""",177.0,8474141.0,Detroit Red Wings
DET,Matt Luff,injured reserve,F,22.0,R,"6'2""",196.0,8479644.0,Detroit Red Wings
DET,Ben Chiarot,scratch,D,8.0,L,"6'3""",234.0,8475279.0,Detroit Red Wings
EDM,Leon Draisaitl,1st line,LW,29,L,"6'2""",208,8477934.0,Edmonton Oilers
EDM,Connor McDavid,1st line,C,97,L,"6'1""",193,8478402.0,Edmonton Oilers
EDM,Zach Hyman,1st line,RW,18,R,"6'1""",211,8475786.0,Edmonton Oilers
EDM,Darnell Nurse,1st pair,LD,25,L,"6'4""",221,8477498.0,Edmonton Oilers
EDM,Cody Ceci,1st pair,RD,5,R,"6'2""",210,8476879.0,Edmonton Oilers
EDM,Evander Kane,2nd line,LW,91,L,"6'2""",210,8475169.0,Edmonton Oilers
EDM,Ryan Nugent-Hopkins,2nd line,C,93,L,"6'0""",184,8476454.0,Edmonton Oilers
EDM,Warren Foegele,2nd line,RW,37,L,"6'2""",198,8477998.0,Edmonton Oilers
EDM,Mattias Ekholm,2nd pair,LD,14,L,"6'4""",215,8475218.0,Edmonton Oilers
EDM,Evan Bouchard,2nd pair,RD,2,R,"6'3""",194,8480803.0,Edmonton Oilers
EDM,Dylan Holloway,3rd line,LW,55,L,"6'1""",203,8482077.0,Edmonton Oilers
EDM,Ryan McLeod,3rd line,C,71,L,"6'3""",201,8480802.0,Edmonton Oilers
EDM,Corey Perry,3rd line,RW,90,R,"6'3""",205,8470621.0,Edmonton Oilers
EDM,Brett Kulak,3rd pair,LD,27,L,"6'2""",197,8476967.0,Edmonton Oilers
EDM,Vincent Desharnais,3rd pair,RD,73,R,"6'6""",209,8479576.0,Edmonton Oilers
EDM,Mattias Janmark,4th line,LW,13,L,"6'1""",195,8477406.0,Edmonton Oilers
EDM,Derek Ryan,4th line,C,10,R,"5'10""",185,8478585.0,Edmonton Oilers
EDM,Connor Brown,4th line,RW,28,R,"6'0""",186,8477015.0,Edmonton Oilers
EDM,Sam Gagner,scratch,F,89.0,R,"5'11""",200.0,8474040.0,Edmonton Oilers
EDM,Philip Kemp,scratch,D,76.0,R,"6'3""",201.0,8480274.0,Edmonton Oilers
FLA,Evan Rodrigues,1st line,LW,17,R,"5'11""",184,8478542.0,Florida Panthers
FLA,Aleksander Barkov,1st line,C,16,L,"6'3""",210,8477493.0,Florida Panthers
FLA,Mackie Samoskevich,1st line,RW,25,R,"5'11""",190,8482713.0,Florida Panthers
FLA,Gustav Forsling,1st pair,LD,42,L,"6'0""",186,8478055.0,Florida Panthers
FLA,Aaron Ekblad,1st pair,RD,5,R,"6'4""",215,8477932.0,Florida Panthers
FLA,Carter Verhaeghe,2nd line,LW,23,L,"6'1""",177,8477409.0,Florida Panthers
FLA,Sam Bennett,2nd line,C,9,L,"6'1""",195,8477935.0,Florida Panthers
FLA,Matthew Tkachuk,2nd line,RW,19,L,"6'2""",202,8479314.0,Florida Panthers
FLA,Niko Mikkola,2nd pair,LD,77,L,"6'4""",185,8478859.0,Florida Panthers
FLA,Brandon Montour,2nd pair,RD,62,R,"6'0""",189,8477986.0,Florida Panthers
FLA,Eetu Luostarinen,3rd line,LW,27,L,"6'3""",184,8480185.0,Florida Panthers
FLA,Anton Lundell,3rd line,C,15,L,"6'1""",185,8482113.0,Florida Panthers
FLA,Sam Reinhart,3rd line,RW,13,R,"6'1""",194,8477933.0,Florida Panthers
FLA,Oliver Ekman-Larsson,3rd pair,LD,91,L,"6'2""",200,8475171.0,Florida Panthers
FLA,Dmitry Kulikov,3rd pair,RD,7,L,"6'1""",199,8475179.0,Florida Panthers
FLA,Jonah Gadjovich,4th line,LW,12,L,"6'2""",200,8479981.0,Florida Panthers
FLA,Kevin Stenlund,4th line,C,82,R,"6'4""",210,8478831.0,Florida Panthers
FLA,Ryan Lomberg,4th line,RW,94,L,"5'9""",187,8479066.0,Florida Panthers
FLA,Nick Cousins,injured reserve,F,21.0,L,"5'11""",183.0,8476393.0,Florida Panthers
FLA,Steven Lorentz,scratch,F,18.0,L,"6'3""",192.0,8478904.0,Florida Panthers
FLA,William Lockwood,scratch,F,67.0,R,"5'11""",172.0,8479367.0,Florida Panthers
FLA,Josh Mahura,scratch,D,28.0,L,"6'0""",190.0,8479372.0,Florida Panthers
LAK,Alex Laferriere,1st line,LW,78,R,"6'0""",173,8482155.0,Los Angeles Kings
LAK,Anze Kopitar,1st line,C,11,L,"6'3""",225,8471685.0,Los Angeles Kings
LAK,Adrian Kempe,1st line,RW,9,L,"6'2""",201,8477960.0,Los Angeles Kings
LAK,Mikey Anderson,1st pair,LD,44,L,"5'11""",194,8479998.0,Los Angeles Kings
LAK,Drew Doughty,1st pair,RD,8,R,"6'1""",202,8474563.0,Los Angeles Kings
LAK,Trevor Moore,2nd line,LW,12,L,"5'10""",185,8479675.0,Los Angeles Kings
LAK,Phillip Danault,2nd line,C,24,L,"6'1""",201,8476479.0,Los Angeles Kings
LAK,Kevin Fiala,2nd line,RW,22,L,"5'10""",193,8477942.0,Los Angeles Kings
LAK,Vladislav Gavrikov,2nd pair,LD,84,L,"6'3""",213,8478882.0,Los Angeles Kings
LAK,Matt Roy,2nd pair,RD,3,R,"6'1""",200,8478911.0,Los Angeles Kings
LAK,Carl Grundstrom,3rd line,LW,91,L,"6'0""",201,8479336.0,Los Angeles Kings
LAK,Pierre-Luc Dubois,3rd line,C,80,L,"6'3""",218,8479400.0,Los Angeles Kings
LAK,Jaret Anderson-Dolan,3rd line,RW,28,L,"5'11""",188,8479994.0,Los Angeles Kings
LAK,Andreas Englund,3rd pair,LD,5,L,"6'3""",189,8477971.0,Los Angeles Kings
LAK,Brandt Clarke,3rd pair,RD,92,R,"6'2""",185,8482730.0,Los Angeles Kings
LAK,Samuel Fagemo,4th line,LW,68,R,"6'0""",190,8481239.0,Los Angeles Kings
LAK,Trevor Lewis,4th line,C,61,R,"6'1""",202,8473453.0,Los Angeles Kings
LAK,Arthur Kaliyev,4th line,RW,34,L,"6'2""",190,8481560.0,Los Angeles Kings
LAK,Viktor Arvidsson,injured reserve,F,33.0,R,"5'9""",180.0,8478042.0,Los Angeles Kings
LAK,Blake Lizotte,injured reserve,F,46.0,L,"5'7""",175.0,8481481.0,Los Angeles Kings
LAK,Pheonix Copley,injured reserve,G,29.0,L,"6'4""",200.0,8477831.0,Los Angeles Kings
LAK,Quinton Byfield,scratch,F,55.0,L,"6'4""",215.0,8482124.0,Los Angeles Kings
LAK,Jordan Spence,scratch,D,21.0,R,"5'10""",175.0,8481606.0,Los Angeles Kings
MIN,Kirill Kaprizov,1st line,LW,97,L,"5'10""",192,8478864.0,Minnesota Wild
MIN,Marco Rossi,1st line,C,23,L,"5'9""",183,8482079.0,Minnesota Wild
MIN,Mats Zuccarello,1st line,RW,36,L,"5'8""",178,8475692.0,Minnesota Wild
MIN,Jonas Brodin,1st pair,LD,25,L,"6'1""",194,8476463.0,Minnesota Wild
MIN,Brock Faber,1st pair,RD,7,R,"6'0""",190,8482122.0,Minnesota Wild
MIN,Marcus Foligno,2nd line,LW,17,L,"6'3""",224,8475220.0,Minnesota Wild
MIN,Joel Eriksson Ek,2nd line,C,14,L,"6'1""",210,8478493.0,Minnesota Wild
MIN,Matt Boldy,2nd line,RW,12,L,"6'2""",196,8481557.0,Minnesota Wild
MIN,Jake Middleton,2nd pair,LD,5,L,"6'3""",210,0.0,Minnesota Wild
MIN,Dakota Mermis,2nd pair,RD,6,L,"6'0""",195,8477541.0,Minnesota Wild
MIN,Marcus Johansson,3rd line,LW,90,L,"6'1""",205,8475149.0,Minnesota Wild
MIN,Ryan Hartman,3rd line,C,38,R,"6'0""",189,8477451.0,Minnesota Wild
MIN,Pat Maroon,3rd line,RW,20,L,"6'2""",236,8474034.0,Minnesota Wild
MIN,Alex Goligoski,3rd pair,LD,33,L,"5'11""",185,8471274.0,Minnesota Wild
MIN,Zach Bogosian,3rd pair,RD,24,R,"6'3""",226,8474567.0,Minnesota Wild
MIN,Brandon Duhaime,4th line,LW,21,L,"6'2""",200,8479520.0,Minnesota Wild
MIN,Jacob Lucchini,4th line,C,27,L,"5'11""",183,8481422.0,Minnesota Wild
MIN,Frederick Gaudreau,4th line,RW,89,R,"6'0""",179,8477919.0,Minnesota Wild
MIN,Connor Dewar,injured reserve,F,26.0,L,"5'10""",170.0,8480980.0,Minnesota Wild
MIN,Vinni Lettieri,injured reserve,F,10.0,R,"5'11""",191.0,8479968.0,Minnesota Wild
MIN,Sam Hentges,injured reserve,F,54.0,R,"6'0""",175.0,0.0,Minnesota Wild
MIN,Jared Spurgeon,injured reserve,D,46.0,R,"5'9""",167.0,8474716.0,Minnesota Wild
MIN,Adam Raska,scratch,F,51.0,R,"5'10""",178.0,8482197.0,Minnesota Wild
MIN,Jon Merrill,scratch,D,4.0,L,"6'3""",195.0,8475750.0,Minnesota Wild
MIN,Marc-Andre Fleury,scratch,G,29.0,L,"6'2""",185.0,8470594.0,Minnesota Wild
MTL,Cole Caufield,1st line,LW,22,R,"5'8""",176,8481540.0,Montreal Canadiens
MTL,Nick Suzuki,1st line,C,14,R,"5'11""",212,8480018.0,Montreal Canadiens
MTL,Josh Anderson,1st line,RW,17,R,"6'3""",227,8476981.0,Montreal Canadiens
MTL,Mike Matheson,1st pair,LD,8,L,"6'2""",196,8476875.0,Montreal Canadiens
MTL,Kaiden Guhle,1st pair,RD,21,L,"6'3""",205,8482087.0,Montreal Canadiens
MTL,Juraj Slafkovsky,2nd line,LW,20,L,"6'3""",238,8483515.0,Montreal Canadiens
MTL,Sean Monahan,2nd line,C,91,L,"6'2""",202,8477497.0,Montreal Canadiens
MTL,Joel Armia,2nd line,RW,40,R,"6'4""",218,8476469.0,Montreal Canadiens
MTL,Jayden  C+  P Struble,2nd pair,LD,47,L,"6'0""",205,0.0,Montreal Canadiens
MTL,David Savard,2nd pair,RD,58,R,"6'2""",234,8475233.0,Montreal Canadiens
MTL,Tanner Pearson,3rd line,LW,70,L,"6'1""",207,8476871.0,Montreal Canadiens
MTL,Jake Evans,3rd line,C,71,R,"6'1""",190,8478133.0,Montreal Canadiens
MTL,Rafael Harvey-Pinard,3rd line,RW,49,L,"5'9""",184,8481093.0,Montreal Canadiens
MTL,Arber Xhekaj,3rd pair,LD,72,L,"6'4""",238,8482964.0,Montreal Canadiens
MTL,Johnathan Kovacevic,3rd pair,RD,26,R,"6'5""",223,8480192.0,Montreal Canadiens
MTL,Jordan Harris,3rd pair,LD,54,L,"5'11""",189,8480887.0,Montreal Canadiens
MTL,Michael Pezzetta,4th line,LW,55,L,"6'1""",218,8479543.0,Montreal Canadiens
MTL,Lucas Condotta,4th line,C,82,L,"6'2""",210,8483549.0,Montreal Canadiens
MTL,Christian Dvorak,injured reserve,F,28.0,L,"6'1""",200.0,8477989.0,Montreal Canadiens
MTL,Alex Newhook,injured reserve,F,15.0,L,"5'11""",199.0,8481618.0,Montreal Canadiens
MTL,Kirby Dach,injured reserve,F,77.0,R,"6'4""",218.0,8481523.0,Montreal Canadiens
MTL,Chris Wideman,injured reserve,D,6.0,R,"5'10""",183.0,8475227.0,Montreal Canadiens
MTL,Carey Price,injured reserve,G,31.0,L,"6'3""",217.0,8471679.0,Montreal Canadiens
MTL,Jesse Ylonen,scratch,F,56.0,R,"6'1""",201.0,8481058.0,Montreal Canadiens
MTL,Cayden Primeau,scratch,G,30.0,L,"6'3""",200.0,8480051.0,Montreal Canadiens
NJD,Timo Meier,1st line,LW,28,L,"6'0""",210,8478414.0,New Jersey Devils
NJD,Nico Hischier,1st line,C,13,L,"6'1""",175,8480002.0,New Jersey Devils
NJD,Jesper Bratt,1st line,RW,63,L,"5'10""",175,8479407.0,New Jersey Devils
NJD,Kevin Bahl,1st pair,LD,88,L,"6'6""",216,8480860.0,New Jersey Devils
NJD,Simon Nemec,1st pair,RD,17,R,"6'0""",190,8483495.0,New Jersey Devils
NJD,Tyler Toffoli,2nd line,LW,73,R,"6'0""",197,8475726.0,New Jersey Devils
NJD,Dawson Mercer,2nd line,C,91,R,"6'0""",180,8482110.0,New Jersey Devils
NJD,Ondrej Palat,2nd line,RW,18,L,"5'11""",194,8476292.0,New Jersey Devils
NJD,Luke  C+  P Hughes,2nd pair,LD,43,L,"6'2""",184,0.0,New Jersey Devils
NJD,John Marino,2nd pair,RD,6,R,"6'1""",181,8478507.0,New Jersey Devils
NJD,Curtis Lazar,3rd line,LW,42,R,"6'0""",211,8477508.0,New Jersey Devils
NJD,Erik Haula,3rd line,C,56,L,"6'0""",193,8475287.0,New Jersey Devils
NJD,Nathan Bastian,3rd line,RW,14,R,"6'4""",205,8479414.0,New Jersey Devils
NJD,Santeri Hatakka,3rd pair,LD,82,L,"6'0""",174,8481701.0,New Jersey Devils
NJD,Colin Miller,3rd pair,RD,24,R,"6'1""",193,8476525.0,New Jersey Devils
NJD,Justin Dowling,4th line,LW,37,L,"5'10""",180,8475413.0,New Jersey Devils
NJD,Chris Tierney,4th line,C,11,L,"6'1""",195,8476919.0,New Jersey Devils
NJD,Alexander Holtz,4th line,RW,10,R,"6'0""",192,8482125.0,New Jersey Devils
NJD,Jack Hughes,injured reserve,F,86.0,L,"5'11""",170.0,8481559.0,New Jersey Devils
NJD,Tomas Nosek,injured reserve,F,92.0,L,"6'2""",205.0,8477931.0,New Jersey Devils
NJD,Nolan Foote,injured reserve,F,25.0,L,"6'3""",195.0,8481518.0,New Jersey Devils
NJD,Dougie Hamilton,injured reserve,D,7.0,R,"6'6""",229.0,8476462.0,New Jersey Devils
NJD,Jonas Siegenthaler,injured reserve,D,71.0,L,"6'3""",210.0,8478399.0,New Jersey Devils
NJD,Brendan Smith,injured reserve,D,2.0,L,"6'2""",200.0,8474090.0,New Jersey Devils
NJD,Max Willman,scratch,F,46.0,L,"6'1""",198.0,8478051.0,New Jersey Devils
NJD,Daniil Misyul,scratch,D,59.0,L,"6'3""",176.0,0.0,New Jersey Devils
NJD,Nick DeSimone,scratch,D,,R,"6'2""",190.0,8480084.0,New Jersey Devils
NSH,Filip Forsberg,1st line,LW,9,R,"6'1""",205,8476887.0,Nashville Predators
NSH,Ryan O'Reilly,1st line,C,90,L,"6'1""",216,8475158.0,Nashville Predators
NSH,Gustav Nyquist,1st line,RW,14,L,"5'11""",179,8474679.0,Nashville Predators
NSH,Roman Josi,1st pair,LD,59,L,"6'1""",201,8474600.0,Nashville Predators
NSH,Dante Fabbro,1st pair,RD,57,R,"6'0""",189,8479371.0,Nashville Predators
NSH,Yakov Trenin,2nd line,LW,13,L,"6'2""",201,8478508.0,Nashville Predators
NSH,Colton Sissons,2nd line,C,10,R,"6'1""",200,8476925.0,Nashville Predators
NSH,Denis Gurianov,2nd line,RW,15,L,"6'3""",200,8478495.0,Nashville Predators
NSH,Jeremy Lauzon,2nd pair,LD,3,L,"6'1""",204,8478468.0,Nashville Predators
NSH,Alexandre Carrier,2nd pair,RD,45,R,"5'11""",174,8478851.0,Nashville Predators
NSH,Tommy Novak,3rd line,LW,82,L,"6'1""",179,8478438.0,Nashville Predators
NSH,Cody Glass,3rd line,C,8,R,"6'2""",192,8479996.0,Nashville Predators
NSH,Luke Evangelista,3rd line,RW,77,R,"5'11""",166,8482146.0,Nashville Predators
NSH,Ryan McDonagh,3rd pair,LD,27,L,"6'1""",214,8474151.0,Nashville Predators
NSH,Luke Schenn,3rd pair,RD,2,R,"6'2""",227,8474568.0,Nashville Predators
NSH,Cole Smith,4th line,LW,36,L,"6'3""",195,8482062.0,Nashville Predators
NSH,Michael McCarron,4th line,C,47,R,"6'5""",237,8477446.0,Nashville Predators
NSH,Kiefer Sherwood,4th line,RW,44,R,"6'0""",194,8480748.0,Nashville Predators
NSH,Philip Tomasino,scratch,F,26.0,R,"6'0""",180.0,8481577.0,Nashville Predators
NSH,Tyson Barrie,scratch,D,22.0,R,"5'11""",197.0,8475197.0,Nashville Predators
NYI,Anders Lee,1st line,LW,27,L,"6'3""",231,8475314.0,New York Islanders
NYI,Bo Horvat,1st line,C,14,L,"6'0""",215,8477500.0,New York Islanders
NYI,Mathew Barzal,1st line,RW,13,R,"6'0""",187,8478445.0,New York Islanders
NYI,Alexander Romanov,1st pair,LD,28,L,"6'1""",209,8481014.0,New York Islanders
NYI,Noah Dobson,1st pair,RD,8,R,"6'4""",184,8480865.0,New York Islanders
NYI,Pierre Engvall,2nd line,LW,18,L,"6'5""",214,8478115.0,New York Islanders
NYI,Brock Nelson,2nd line,C,29,L,"6'3""",212,8475754.0,New York Islanders
NYI,Kyle Palmieri,2nd line,RW,21,R,"5'11""",185,8475151.0,New York Islanders
NYI,Mike Reilly,2nd pair,LD,2,L,"6'1""",200,8476422.0,New York Islanders
NYI,Sebastian Aho,2nd pair,RD,25,L,"5'10""",176,8480222.0,New York Islanders
NYI,Simon Holmstrom,3rd line,LW,10,L,"6'0""",193,8481601.0,New York Islanders
NYI,Jean-Gabriel Pageau,3rd line,C,44,R,"5'10""",180,8476419.0,New York Islanders
NYI,Oliver Wahlstrom,3rd line,RW,26,R,"6'2""",211,8480789.0,New York Islanders
NYI,Samuel Bolduc,3rd pair,LD,4,L,"6'4""",210,8481541.0,New York Islanders
NYI,Scott Mayfield,3rd pair,RD,24,R,"6'5""",223,8476429.0,New York Islanders
NYI,Matt Martin,4th line,LW,17,L,"6'3""",220,8474709.0,New York Islanders
NYI,Kyle MacLean,4th line,C,32,L,"6'0""",181,8481237.0,New York Islanders
NYI,Cal Clutterbuck,4th line,RW,15,R,"5'11""",216,8473504.0,New York Islanders
NYI,Casey Cizikas,injured reserve,F,53.0,L,"5'11""",195.0,8475231.0,New York Islanders
NYI,Ryan Pulock,injured reserve,D,6.0,R,"6'2""",217.0,8477506.0,New York Islanders
NYI,Robert Bortuzzo,injured reserve,D,41.0,R,"6'4""",216.0,8474145.0,New York Islanders
NYI,Julien Gauthier,scratch,F,16.0,R,"6'4""",227.0,8479328.0,New York Islanders
NYI,Hudson Fasching,scratch,F,20.0,R,"6'2""",209.0,8477392.0,New York Islanders
NYI,Adam Pelech,scratch,D,3.0,L,"6'3""",218.0,8476917.0,New York Islanders
NYR,Artemi Panarin,1st line,LW,10,R,"5'11""",170,8478550.0,New York Rangers
NYR,Vincent Trocheck,1st line,C,16,R,"5'10""",183,8476389.0,New York Rangers
NYR,Alexis Lafreniere,1st line,RW,13,L,"6'1""",193,8482109.0,New York Rangers
NYR,K'Andre Miller,1st pair,LD,79,L,"6'5""",210,8480817.0,New York Rangers
NYR,Jacob Trouba,1st pair,RD,8,R,"6'3""",209,8476885.0,New York Rangers
NYR,Chris Kreider,2nd line,LW,20,L,"6'3""",217,8475184.0,New York Rangers
NYR,Mika Zibanejad,2nd line,C,93,R,"6'2""",208,8476459.0,New York Rangers
NYR,Blake Wheeler,2nd line,RW,17,R,"6'5""",225,8471218.0,New York Rangers
NYR,Erik Gustafsson,2nd pair,LD,56,L,"6'0""",197,8476979.0,New York Rangers
NYR,Adam Fox,2nd pair,RD,23,R,"5'11""",181,8479323.0,New York Rangers
NYR,Will Cuylle,3rd line,LW,50,L,"6'3""",204,8482157.0,New York Rangers
NYR,Jonny Brodzinski,3rd line,C,22,R,"6'1""",215,8477380.0,New York Rangers
NYR,Kaapo Kakko,3rd line,RW,24,L,"6'3""",199,8481554.0,New York Rangers
NYR,Zac Jones,3rd pair,LD,6,L,"5'11""",175,8481708.0,New York Rangers
NYR,Braden Schneider,3rd pair,RD,4,R,"6'2""",202,8482073.0,New York Rangers
NYR,Jimmy Vesey,4th line,LW,26,L,"6'3""",202,8476918.0,New York Rangers
NYR,Barclay Goodrow,4th line,C,21,L,"6'2""",215,8476624.0,New York Rangers
NYR,Tyler Pitlick,4th line,RW,71,R,"6'2""",200,8475752.0,New York Rangers
NYR,Filip Chytil,injured reserve,F,72.0,L,"6'2""",206.0,8480078.0,New York Rangers
NYR,Jake Leschyshyn,scratch,F,15.0,L,"5'11""",181.0,8479991.0,New York Rangers
NYR,Ryan Lindgren,scratch,D,55.0,L,"6'0""",191.0,8479324.0,New York Rangers
OTT,Brady Tkachuk,1st line,LW,7,L,"6'4""",212,8480801.0,Ottawa Senators
OTT,Tim Stutzle,1st line,C,18,L,"6'0""",190,8482116.0,Ottawa Senators
OTT,Claude Giroux,1st line,RW,28,R,"5'11""",185,8473512.0,Ottawa Senators
OTT,Jake Sanderson,1st pair,LD,85,L,"6'3""",195,8482105.0,Ottawa Senators
OTT,Artem Zub,1st pair,RD,2,R,"6'2""",202,8482245.0,Ottawa Senators
OTT,Mathieu Joseph,2nd line,LW,21,L,"6'1""",190,8478472.0,Ottawa Senators
OTT,Josh Norris,2nd line,C,9,L,"6'1""",199,8480064.0,Ottawa Senators
OTT,Vladimir Tarasenko,2nd line,RW,91,L,"6'0""",225,8475765.0,Ottawa Senators
OTT,Thomas Chabot,2nd pair,LD,72,L,"6'2""",196,8478469.0,Ottawa Senators
OTT,Jakob Chychrun,2nd pair,RD,6,L,"6'2""",210,8479345.0,Ottawa Senators
OTT,Ridly Greig,3rd line,LW,71,L,"6'0""",181,8482092.0,Ottawa Senators
OTT,Shane Pinto,3rd line,C,57,R,"6'3""",201,8481596.0,Ottawa Senators
OTT,Drake Batherson,3rd line,RW,19,R,"6'3""",203,8480208.0,Ottawa Senators
OTT,Erik Brannstrom,3rd pair,LD,26,L,"5'10""",185,8480073.0,Ottawa Senators
OTT,Jacob Bernard-Docker,3rd pair,RD,24,R,"6'1""",190,8480879.0,Ottawa Senators
OTT,Parker Kelly,4th line,LW,27,L,"6'0""",188,8480448.0,Ottawa Senators
OTT,Rourke Chartier,4th line,C,49,L,"6'0""",203,8478078.0,Ottawa Senators
OTT,Mark Kastelic,4th line,RW,12,R,"6'4""",223,8480355.0,Ottawa Senators
OTT,Anton Forsberg,injured reserve,G,31.0,L,"6'3""",192.0,8476341.0,Ottawa Senators
OTT,Dominik Kubalik,scratch,F,81.0,L,"6'2""",179.0,8477330.0,Ottawa Senators
OTT,Zack MacEwen,scratch,F,17.0,R,"6'3""",205.0,8479772.0,Ottawa Senators
OTT,Travis Hamonic,scratch,D,23.0,R,"6'2""",205.0,8474612.0,Ottawa Senators
PHI,Joel Farabee,1st line,LW,86,L,"6'0""",164,8480797.0,Philadelphia Flyers
PHI,Sean Couturier,1st line,C,14,L,"6'3""",211,8476461.0,Philadelphia Flyers
PHI,Travis Konecny,1st line,RW,11,R,"5'10""",175,8478439.0,Philadelphia Flyers
PHI,Travis Sanheim,1st pair,LD,6,L,"6'3""",181,8477948.0,Philadelphia Flyers
PHI,Jamie Drysdale,1st pair,RD,9,R,"5'11""",187,8482142.0,Philadelphia Flyers
PHI,Olle Lycksell,2nd line,LW,62,L,"5'10""",165,8480245.0,Philadelphia Flyers
PHI,Morgan Frost,2nd line,C,48,L,"5'11""",170,8480028.0,Philadelphia Flyers
PHI,Cam Atkinson,2nd line,RW,89,R,"5'8""",175,8474715.0,Philadelphia Flyers
PHI,Cam York,2nd pair,LD,8,L,"5'11""",172,8481546.0,Philadelphia Flyers
PHI,Rasmus Ristolainen,2nd pair,RD,55,R,"6'4""",220,8477499.0,Philadelphia Flyers
PHI,Tyson Foerster,3rd line,LW,71,R,"6'2""",194,8482159.0,Philadelphia Flyers
PHI,Ryan Poehling,3rd line,C,25,L,"6'2""",204,8480068.0,Philadelphia Flyers
PHI,Noah Cates,3rd line,RW,27,L,"6'1""",170,8480220.0,Philadelphia Flyers
PHI,Nick Seeler,3rd pair,LD,24,L,"6'2""",201,8476372.0,Philadelphia Flyers
PHI,Sean Walker,3rd pair,RD,26,R,"5'11""",196,8480336.0,Philadelphia Flyers
PHI,Nicolas Deslauriers,4th line,LW,44,L,"6'3""",219,8475235.0,Philadelphia Flyers
PHI,Scott Laughton,4th line,C,21,L,"6'1""",190,8476872.0,Philadelphia Flyers
PHI,Garnet Hathaway,4th line,RW,19,R,"6'3""",210,8477903.0,Philadelphia Flyers
PHI,Owen Tippett,injured reserve,F,74.0,R,"6'0""",183.0,8480015.0,Philadelphia Flyers
PHI,Ryan Ellis,injured reserve,D,94.0,R,"5'10""",180.0,8475176.0,Philadelphia Flyers
PHI,Egor Zamula,scratch,D,5.0,L,"6'3""",170.0,8481178.0,Philadelphia Flyers
PHI,Marc Staal,scratch,D,18.0,L,"6'4""",209.0,8471686.0,Philadelphia Flyers
PHI,Carter Hart,scratch,G,79.0,L,"6'2""",181.0,8479394.0,Philadelphia Flyers
PIT,Jake Guentzel,1st line,LW,59,L,"5'11""",180,8477404.0,Pittsburgh Penguins
PIT,Sidney Crosby,1st line,C,87,L,"5'11""",200,8471675.0,Pittsburgh Penguins
PIT,Bryan Rust,1st line,RW,17,R,"5'11""",192,8475810.0,Pittsburgh Penguins
PIT,Marcus Pettersson,1st pair,LD,28,L,"6'3""",177,8477969.0,Pittsburgh Penguins
PIT,Kris Letang,1st pair,RD,58,R,"6'0""",201,8471724.0,Pittsburgh Penguins
PIT,Drew O'Connor,2nd line,LW,10,L,"6'3""",205,8482055.0,Pittsburgh Penguins
PIT,Evgeni Malkin,2nd line,C,71,L,"6'3""",195,8471215.0,Pittsburgh Penguins
PIT,Rickard Rakell,2nd line,LW,67,R,"6'0""",196,8476483.0,Pittsburgh Penguins
PIT,Ryan Graves,2nd pair,LD,27,L,"6'5""",220,8477435.0,Pittsburgh Penguins
PIT,Erik Karlsson,2nd pair,RD,65,R,"6'0""",190,8474578.0,Pittsburgh Penguins
PIT,Lars Eller,3rd line,C,20,L,"6'2""",205,8474189.0,Pittsburgh Penguins
PIT,Valtteri Puustinen,3rd line,RW,48,R,"5'9""",179,8481703.0,Pittsburgh Penguins
PIT,Jansen Harkins,3rd line,LW,43,L,"6'1""",183,8478424.0,Pittsburgh Penguins
PIT,Pierre-Olivier Joseph,3rd pair,LD,73,L,"6'2""",185,8480058.0,Pittsburgh Penguins
PIT,Chad Ruhwedel,3rd pair,RD,2,R,"5'11""",191,8477244.0,Pittsburgh Penguins
PIT,Noel Acciari,4th line,C,55,R,"5'10""",203,8478569.0,Pittsburgh Penguins
PIT,Jeff Carter,4th line,RW,77,R,"6'3""",219,8470604.0,Pittsburgh Penguins
PIT,Matt Nieto,injured reserve,F,83.0,L,"5'11""",185.0,8476442.0,Pittsburgh Penguins
PIT,John Ludvig,injured reserve,D,7.0,L,"6'1""",201.0,8481206.0,Pittsburgh Penguins
PIT,Reilly Smith,scratch,F,19.0,L,"6'1""",183.0,8475191.0,Pittsburgh Penguins
PIT,Ryan Shea,scratch,D,5.0,L,"6'1""",176.0,8478854.0,Pittsburgh Penguins
SEA,Tomas Tatar,1st line,LW,90,L,"5'10""",183,8475193.0,Seattle Kraken
SEA,Jared McCann,1st line,C,19,L,"6'1""",185,8477955.0,Seattle Kraken
SEA,Jordan Eberle,1st line,RW,7,R,"5'11""",187,8474586.0,Seattle Kraken
SEA,Vince Dunn,1st pair,LD,29,L,"6'0""",203,8478407.0,Seattle Kraken
SEA,Adam Larsson,1st pair,RD,6,R,"6'3""",208,8476457.0,Seattle Kraken
SEA,Jaden Schwartz,2nd line,LW,17,L,"5'10""",190,8475768.0,Seattle Kraken
SEA,Alexander Wennberg,2nd line,C,21,L,"6'2""",197,8477505.0,Seattle Kraken
SEA,Andre Burakovsky,2nd line,RW,95,L,"6'3""",201,8477444.0,Seattle Kraken
SEA,Jamie Oleksiak,2nd pair,LD,24,L,"6'7""",255,8476467.0,Seattle Kraken
SEA,Will Borgen,2nd pair,RD,3,R,"6'3""",196,8478840.0,Seattle Kraken
SEA,Eeli Tolvanen,3rd line,LW,20,L,"5'10""",191,8480009.0,Seattle Kraken
SEA,Yanni Gourde,3rd line,C,37,L,"5'9""",173,8476826.0,Seattle Kraken
SEA,Oliver Bjorkstrand,3rd line,RW,22,R,"6'0""",177,8477416.0,Seattle Kraken
SEA,Brian Dumoulin,3rd pair,LD,8,L,"6'4""",207,8475208.0,Seattle Kraken
SEA,Justin Schultz,3rd pair,RD,4,R,"6'2""",193,8474602.0,Seattle Kraken
SEA,Tye Kartye,4th line,LW,52,L,"5'11""",202,8481789.0,Seattle Kraken
SEA,Matty Beniers,4th line,C,10,L,"6'2""",175,8482665.0,Seattle Kraken
SEA,Brandon Tanev,4th line,RW,13,L,"6'0""",180,8479293.0,Seattle Kraken
SEA,Pierre-Edouard Bellemare,injured reserve,F,41.0,L,"6'0""",198.0,8477930.0,Seattle Kraken
SEA,Kailer Yamamoto,scratch,F,56.0,R,"5'8""",153.0,8479977.0,Seattle Kraken
SEA,Devin Shore,scratch,F,94.0,L,"6'1""",206.0,8476913.0,Seattle Kraken
SEA,Ryker Evans,scratch,D,39.0,L,"6'0""",192.0,8482858.0,Seattle Kraken
SJS,Mike Hoffman,1st line,LW,68,L,"6'0""",190,8474884.0,San Jose Sharks
SJS,Tomas Hertl,1st line,C,48,L,"6'2""",215,8476881.0,San Jose Sharks
SJS,Fabian Zetterlund,1st line,RW,20,R,"5'11""",196,8480188.0,San Jose Sharks
SJS,Shakir Mukhamadullin,1st pair,LD,85,L,"6'4""",178,0.0,San Jose Sharks
SJS,Jan Rutta,1st pair,RD,84,R,"6'2""",204,8480172.0,San Jose Sharks
SJS,Alexander Barabanov,2nd line,LW,94,L,"5'10""",192,8482222.0,San Jose Sharks
SJS,Logan Couture,2nd line,C,39,L,"6'1""",200,8474053.0,San Jose Sharks
SJS,Anthony Duclair,2nd line,RW,10,L,"5'11""",198,8477407.0,San Jose Sharks
SJS,Nikita Okhotiuk,2nd pair,LD,83,L,"6'0""",198,8481537.0,San Jose Sharks
SJS,Kyle Burroughs,2nd pair,RD,4,R,"6'0""",198,8477335.0,San Jose Sharks
SJS,William Eklund,3rd line,LW,72,L,"5'10""",176,8482667.0,San Jose Sharks
SJS,Nico Sturm,3rd line,C,7,L,"6'3""",207,8481477.0,San Jose Sharks
SJS,Luke Kunin,3rd line,RW,11,R,"6'0""",197,8479316.0,San Jose Sharks
SJS,Marc-Edouard Vlasic,3rd pair,LD,44,L,"6'1""",205,8471709.0,San Jose Sharks
SJS,Ty Emberson,3rd pair,RD,6,R,"6'1""",195,8480834.0,San Jose Sharks
SJS,Filip Zadina,4th line,LW,18,L,"6'0""",189,8480821.0,San Jose Sharks
SJS,Ryan Carpenter,4th line,C,22,R,"6'0""",200,8477846.0,San Jose Sharks
SJS,Justin Bailey,4th line,RW,90,R,"6'4""",214,8477473.0,San Jose Sharks
SJS,Mikael Granlund,injured reserve,F,64.0,L,"5'10""",185.0,8475798.0,San Jose Sharks
SJS,Givani Smith,injured reserve,F,54.0,L,"6'2""",210.0,8479379.0,San Jose Sharks
SJS,Jacob MacDonald,injured reserve,D,9.0,L,"6'0""",204.0,8479439.0,San Jose Sharks
SJS,Matt Benning,injured reserve,D,5.0,R,"6'1""",203.0,8476988.0,San Jose Sharks
SJS,Kevin Labanc,scratch,F,62.0,R,"5'11""",185.0,8478099.0,San Jose Sharks
SJS,Calen Addison,scratch,D,33.0,R,"5'10""",178.0,8480884.0,San Jose Sharks
SJS,Henry Thrun,scratch,D,3.0,L,"6'2""",190.0,8481567.0,San Jose Sharks
SJS,Mario Ferraro,scratch,D,38.0,L,"5'11""",185.0,8479983.0,San Jose Sharks
STL,Pavel Buchnevich,1st line,LW,89,L,"6'3""",197,8477402.0,St. Louis Blues
STL,Robert Thomas,1st line,C,18,R,"6'0""",188,8480023.0,St. Louis Blues
STL,Jordan Kyrou,1st line,RW,25,R,"6'0""",175,8479385.0,St. Louis Blues
STL,Nick Leddy,1st pair,LD,4,L,"6'0""",207,8475181.0,St. Louis Blues
STL,Colton Parayko,1st pair,RD,55,R,"6'6""",230,8476892.0,St. Louis Blues
STL,Brandon Saad,2nd line,LW,20,L,"6'1""",206,8476438.0,St. Louis Blues
STL,Brayden Schenn,2nd line,C,10,L,"6'1""",200,8475170.0,St. Louis Blues
STL,Jake Neighbours,2nd line,RW,63,L,"6'0""",195,8482089.0,St. Louis Blues
STL,Torey Krug,2nd pair,LD,47,L,"5'9""",186,8476792.0,St. Louis Blues
STL,Matthew Kessel,2nd pair,RD,51,R,"6'2""",205,8482516.0,St. Louis Blues
STL,Alexei Toropchenko,3rd line,LW,13,L,"6'3""",187,8480281.0,St. Louis Blues
STL,Kevin Hayes,3rd line,C,12,L,"6'5""",216,8475763.0,St. Louis Blues
STL,Nathan Walker,3rd line,RW,26,L,"5'9""",186,8477573.0,St. Louis Blues
STL,Marco Scandella,3rd pair,LD,6,L,"6'3""",212,8474618.0,St. Louis Blues
STL,Scott Perunovich,3rd pair,RD,48,L,"5'9""",172,8481059.0,St. Louis Blues
STL,Nikita Alexandrov,4th line,LW,59,L,"6'0""",190,8481543.0,St. Louis Blues
STL,Oskar Sundqvist,4th line,C,70,R,"6'3""",209,8476897.0,St. Louis Blues
STL,Sammy Blais,4th line,RW,79,L,"6'2""",205,8478104.0,St. Louis Blues
STL,Kasperi Kapanen,injured reserve,F,42.0,R,"6'1""",194.0,8477953.0,St. Louis Blues
STL,Anton Malmstrom,injured reserve,D,,L,"6'4""",205.0,0.0,St. Louis Blues
STL,Josh Jacobs,injured reserve,D,,R,"6'2""",200.0,8477972.0,St. Louis Blues
STL,Adam Gaudette,scratch,F,88.0,R,"6'1""",170.0,8478874.0,St. Louis Blues
STL,Justin Faulk,scratch,D,72.0,R,"6'0""",217.0,8475753.0,St. Louis Blues
TBL,Steven Stamkos,1st line,LW,91,R,"6'1""",194,8474564.0,Tampa Bay Lightning
TBL,Brayden Point,1st line,C,21,R,"5'10""",166,8478010.0,Tampa Bay Lightning
TBL,Nikita Kucherov,1st line,RW,86,L,"5'11""",180,8476453.0,Tampa Bay Lightning
TBL,Victor Hedman,1st pair,LD,77,L,"6'6""",229,8475167.0,Tampa Bay Lightning
TBL,Darren Raddysh,1st pair,RD,43,R,"6'0""",201,8478178.0,Tampa Bay Lightning
TBL,Brandon Hagel,2nd line,LW,38,L,"6'0""",175,8479542.0,Tampa Bay Lightning
TBL,Anthony Cirelli,2nd line,C,71,L,"6'0""",193,8478519.0,Tampa Bay Lightning
TBL,Nick Paul,2nd line,RW,20,L,"6'3""",219,8477426.0,Tampa Bay Lightning
TBL,Calvin de Haan,2nd pair,LD,44,L,"6'1""",195,8475177.0,Tampa Bay Lightning
TBL,Nick Perbix,2nd pair,RD,48,R,"6'4""",200,8480246.0,Tampa Bay Lightning
TBL,Michael Eyssimont,3rd line,LW,23,L,"6'0""",192,8479591.0,Tampa Bay Lightning
TBL,Tyler Motte,3rd line,C,64,L,"5'10""",192,8477353.0,Tampa Bay Lightning
TBL,Conor Sheary,3rd line,RW,73,L,"5'8""",179,8477839.0,Tampa Bay Lightning
TBL,Emil Martinsen Lilleberg,3rd pair,LD,78,L,"6'2""",185,8482929.0,Tampa Bay Lightning
TBL,Maxwell Crozier,3rd pair,RD,65,R,"6'2""",192,8481719.0,Tampa Bay Lightning
TBL,Mitchell Chaffee,4th line,LW,41,R,"6'0""",207,8482070.0,Tampa Bay Lightning
TBL,Luke Glendening,4th line,C,11,R,"5'11""",191,8476822.0,Tampa Bay Lightning
TBL,Waltteri Merela,4th line,RW,39,R,"6'2""",196,8484325.0,Tampa Bay Lightning
TBL,Tanner Jeannot,injured reserve,F,84.0,L,"6'2""",207.0,8479661.0,Tampa Bay Lightning
TBL,Austin Watson,injured reserve,F,51.0,R,"6'4""",204.0,8475766.0,Tampa Bay Lightning
TBL,Logan Brown,injured reserve,F,22.0,L,"6'6""",220.0,8479366.0,Tampa Bay Lightning
TBL,Mikhail Sergachev,injured reserve,D,98.0,L,"6'2""",217.0,8479410.0,Tampa Bay Lightning
TBL,Haydn Fleury,injured reserve,D,7.0,L,"6'3""",208.0,8477938.0,Tampa Bay Lightning
TBL,Brent Seabrook,injured reserve,D,,R,"6'3""",220.0,8470607.0,Tampa Bay Lightning
TBL,Alex Barre-Boulet,scratch,F,12.0,L,"5'9""",168.0,8479718.0,Tampa Bay Lightning
TBL,Erik Cernak,scratch,D,81.0,R,"6'3""",233.0,8478416.0,Tampa Bay Lightning
TOR,Matthew Knies,1st line,LW,23,L,"6'3""",217,8482720.0,Toronto Maple Leafs
TOR,Auston Matthews,1st line,C,34,L,"6'3""",215,8479318.0,Toronto Maple Leafs
TOR,Mitchell Marner,1st line,RW,16,R,"6'0""",180,8478483.0,Toronto Maple Leafs
TOR,Morgan Rielly,1st pair,LD,44,L,"6'1""",219,8476853.0,Toronto Maple Leafs
TOR,TJ Brodie,1st pair,RD,78,L,"6'1""",185,8474673.0,Toronto Maple Leafs
TOR,Tyler Bertuzzi,2nd line,LW,59,L,"6'2""",200,8477479.0,Toronto Maple Leafs
TOR,John Tavares,2nd line,C,91,L,"6'1""",215,8475166.0,Toronto Maple Leafs
TOR,William Nylander,2nd line,RW,88,R,"6'0""",202,8477939.0,Toronto Maple Leafs
TOR,Simon Benoit,2nd pair,LD,2,L,"6'3""",208,8481122.0,Toronto Maple Leafs
TOR,Jake McCabe,2nd pair,RD,22,L,"6'1""",204,8476931.0,Toronto Maple Leafs
TOR,Nicholas Robertson,3rd line,LW,89,L,"5'9""",178,8481582.0,Toronto Maple Leafs
TOR,Max Domi,3rd line,C,11,L,"5'10""",208,8477503.0,Toronto Maple Leafs
TOR,Pontus Holmberg,3rd line,RW,29,L,"5'10""",175,8480995.0,Toronto Maple Leafs
TOR,Mark Giordano,3rd pair,LD,55,L,"6'1""",200,8470966.0,Toronto Maple Leafs
TOR,Timothy Liljegren,3rd pair,RD,37,R,"6'0""",190,8480043.0,Toronto Maple Leafs
TOR,Noah Gregor,4th line,LW,18,L,"6'0""",190,8479393.0,Toronto Maple Leafs
TOR,David Kampf,4th line,C,64,L,"6'2""",190,8480144.0,Toronto Maple Leafs
TOR,Ryan Reaves,4th line,RW,75,R,"6'2""",225,8471817.0,Toronto Maple Leafs
TOR,Bobby McMann,injured reserve,F,74.0,L,"6'2""",220.0,8482259.0,Toronto Maple Leafs
TOR,John Klingberg,injured reserve,D,3.0,R,"6'3""",185.0,8475906.0,Toronto Maple Leafs
TOR,Jake Muzzin,injured reserve,D,8.0,L,"6'3""",217.0,8474162.0,Toronto Maple Leafs
TOR,Joseph Woll,injured reserve,G,60.0,L,"6'2""",198.0,8479361.0,Toronto Maple Leafs
TOR,Matt Murray,injured reserve,G,30.0,L,"6'4""",178.0,8476899.0,Toronto Maple Leafs
TOR,Calle Jarnkrok,scratch,F,19.0,R,"6'0""",190.0,8475714.0,Toronto Maple Leafs
TOR,Conor Timmins,scratch,D,25.0,R,"6'2""",185.0,8479982.0,Toronto Maple Leafs
TOR,William Lagesson,scratch,D,85.0,L,"6'2""",196.0,8478021.0,Toronto Maple Leafs
VAN,Pius Suter,1st line,LW,24,L,"5'11""",176,8480459.0,Vancouver Canucks
VAN,J.T. Miller,1st line,C,9,L,"6'1""",218,8476468.0,Vancouver Canucks
VAN,Brock Boeser,1st line,RW,6,R,"6'1""",208,8478444.0,Vancouver Canucks
VAN,Quinn Hughes,1st pair,LD,43,L,"5'10""",170,8480800.0,Vancouver Canucks
VAN,Filip Hronek,1st pair,RD,17,R,"6'0""",183,8479425.0,Vancouver Canucks
VAN,Ilya Mikheyev,2nd line,LW,65,L,"6'3""",195,8481624.0,Vancouver Canucks
VAN,Elias Pettersson,2nd line,C,40,L,"6'2""",176,8480012.0,Vancouver Canucks
VAN,Andrei Kuzmenko,2nd line,RW,96,R,"5'11""",194,8483808.0,Vancouver Canucks
VAN,Ian Cole,2nd pair,LD,82,L,"6'1""",225,8474013.0,Vancouver Canucks
VAN,Tyler Myers,2nd pair,RD,57,R,"6'8""",229,8474574.0,Vancouver Canucks
VAN,Dakota Joshua,3rd line,LW,81,L,"6'2""",183,8478057.0,Vancouver Canucks
VAN,Teddy Blueger,3rd line,C,53,L,"6'0""",185,8476927.0,Vancouver Canucks
VAN,Conor Garland,3rd line,RW,8,R,"5'10""",165,8478856.0,Vancouver Canucks
VAN,Nikita Zadorov,3rd pair,LD,91,L,"6'6""",235,8477507.0,Vancouver Canucks
VAN,Noah Juulsen,3rd pair,RD,47,R,"6'2""",193,8478454.0,Vancouver Canucks
VAN,Nils Hoglander,4th line,LW,21,L,"5'9""",185,8481535.0,Vancouver Canucks
VAN,Nils Aman,4th line,C,88,L,"6'2""",179,8482496.0,Vancouver Canucks
VAN,Sam Lafferty,4th line,RW,18,R,"6'2""",205,8478043.0,Vancouver Canucks
VAN,Phillip Di Giuseppe,injured reserve,F,34.0,L,"6'0""",192.0,8476858.0,Vancouver Canucks
VAN,Guillaume Brisebois,injured reserve,D,55.0,L,"6'2""",175.0,8478465.0,Vancouver Canucks
VAN,Tucker Poolman,injured reserve,D,5.0,R,"6'2""",199.0,8477359.0,Vancouver Canucks
VAN,Linus Karlsson,scratch,F,94.0,R,"6'1""",178.0,8481024.0,Vancouver Canucks
VAN,Mark Friedman,scratch,D,51.0,R,"5'11""",185.0,8478017.0,Vancouver Canucks
VAN,Carson Soucy,scratch,D,7.0,L,"6'5""",210.0,8477369.0,Vancouver Canucks
VGK,Pavel Dorofeyev,1st line,LW,16,L,"6'0""",176,8481604.0,Vegas Golden Knights
VGK,Chandler Stephenson,1st line,C,20,L,"6'0""",208,8476905.0,Vegas Golden Knights
VGK,Mark Stone,1st line,RW,61,R,"6'3""",202,8475913.0,Vegas Golden Knights
VGK,Alec Martinez,1st pair,LD,23,L,"6'1""",209,8474166.0,Vegas Golden Knights
VGK,Alex Pietrangelo,1st pair,RD,7,R,"6'3""",210,8474565.0,Vegas Golden Knights
VGK,Ivan Barbashev,2nd line,LW,49,L,"6'0""",187,8477964.0,Vegas Golden Knights
VGK,Nicolas Roy,2nd line,C,10,R,"6'4""",200,8478462.0,Vegas Golden Knights
VGK,Jonathan Marchessault,2nd line,RW,81,R,"5'9""",180,8476539.0,Vegas Golden Knights
VGK,Brayden McNabb,2nd pair,LD,3,L,"6'4""",213,8475188.0,Vegas Golden Knights
VGK,Kaedan Korczak,2nd pair,RD,6,R,"6'3""",192,8481527.0,Vegas Golden Knights
VGK,Paul Cotter,3rd line,LW,43,L,"6'0""",185,8481032.0,Vegas Golden Knights
VGK,Brett Howden,3rd line,C,21,L,"6'3""",197,8479353.0,Vegas Golden Knights
VGK,Sheldon Rempal,3rd line,RW,56,R,"5'10""",165,8480776.0,Vegas Golden Knights
VGK,Nicolas Hague,3rd pair,LD,14,L,"6'6""",221,8479980.0,Vegas Golden Knights
VGK,Zach Whitecloud,3rd pair,RD,2,R,"6'2""",209,8480727.0,Vegas Golden Knights
VGK,Jonas Rondbjerg,4th line,LW,46,L,"6'0""",176,8480007.0,Vegas Golden Knights
VGK,Byron Froese,4th line,C,51,R,"5'11""",190,8475278.0,Vegas Golden Knights
VGK,Keegan Kolesar,4th line,RW,55,R,"6'2""",216,8478434.0,Vegas Golden Knights
VGK,Jack Eichel,injured reserve,F,9.0,R,"6'2""",203.0,8478403.0,Vegas Golden Knights
VGK,William Karlsson,injured reserve,F,71.0,L,"6'0""",195.0,8476448.0,Vegas Golden Knights
VGK,Michael Amadio,injured reserve,F,22.0,R,"6'1""",204.0,8478020.0,Vegas Golden Knights
VGK,William Carrier,injured reserve,F,28.0,L,"6'2""",218.0,8477478.0,Vegas Golden Knights
VGK,Shea Theodore,injured reserve,D,27.0,L,"6'2""",195.0,8477447.0,Vegas Golden Knights
VGK,Ben Hutton,injured reserve,D,17.0,L,"6'2""",206.0,8477018.0,Vegas Golden Knights
VGK,Tobias Bjornfot,injured reserve,D,26.0,L,"6'0""",202.0,8481600.0,Vegas Golden Knights
VGK,Robin Lehner,injured reserve,G,90.0,L,"6'4""",240.0,8475215.0,Vegas Golden Knights
VGK,Brendan Brisson,scratch,F,19.0,L,"5'11""",179.0,8482153.0,Vegas Golden Knights
VGK,Brayden Pachal,scratch,D,94.0,R,"6'0""",200.0,8481167.0,Vegas Golden Knights
WPG,Kyle Connor,1st line,LW,81,L,"6'1""",182,8478398.0,Winnipeg Jets
WPG,Adam Lowry,1st line,C,17,L,"6'5""",210,8476392.0,Winnipeg Jets
WPG,Gabriel Vilardi,1st line,RW,13,R,"6'2""",185,8480014.0,Winnipeg Jets
WPG,Josh Morrissey,1st pair,LD,44,L,"6'0""",195,8477504.0,Winnipeg Jets
WPG,Dylan DeMelo,1st pair,RD,2,R,"6'0""",191,8476331.0,Winnipeg Jets
WPG,Cole Perfetti,2nd line,LW,91,L,"5'10""",177,8482149.0,Winnipeg Jets
WPG,Vladislav Namestnikov,2nd line,C,7,L,"6'0""",183,8476480.0,Winnipeg Jets
WPG,Nikolaj Ehlers,2nd line,RW,27,L,"6'0""",172,8477940.0,Winnipeg Jets
WPG,Brenden Dillon,2nd pair,LD,5,L,"6'4""",225,8475455.0,Winnipeg Jets
WPG,Neal Pionk,2nd pair,RD,4,R,"6'0""",186,8480145.0,Winnipeg Jets
WPG,Nino Niederreiter,3rd line,LW,62,L,"6'2""",218,8475799.0,Winnipeg Jets
WPG,Dominic Toninato,3rd line,C,21,L,"6'2""",191,8476952.0,Winnipeg Jets
WPG,Mason Appleton,3rd line,RW,22,R,"6'2""",193,8478891.0,Winnipeg Jets
WPG,Dylan Samberg,3rd pair,LD,54,L,"6'3""",190,8480049.0,Winnipeg Jets
WPG,Nate Schmidt,3rd pair,RD,88,L,"6'0""",194,8477220.0,Winnipeg Jets
WPG,Morgan Barron,4th line,LW,36,L,"6'4""",220,8480289.0,Winnipeg Jets
WPG,Rasmus Kupari,4th line,C,15,R,"6'2""",189,8480845.0,Winnipeg Jets
WPG,Alex Iafallo,4th line,RW,9,L,"6'0""",188,8480113.0,Winnipeg Jets
WPG,Mark Scheifele,injured reserve,F,55.0,R,"6'3""",207.0,8476460.0,Winnipeg Jets
WPG,David Gustafsson,injured reserve,F,19.0,L,"6'2""",196.0,8481019.0,Winnipeg Jets
WPG,Axel Jonsson-Fjallby,scratch,F,71.0,L,"6'0""",170.0,8479536.0,Winnipeg Jets
WPG,Logan Stanley,scratch,D,64.0,L,"6'6""",216.0,8479378.0,Winnipeg Jets
WPG,Declan Chisholm,scratch,D,47.0,L,"6'1""",185.0,8480990.0,Winnipeg Jets
WSH,Alex Ovechkin,1st line,LW,8,R,"6'3""",236,8471214.0,Washington Capitals
WSH,Dylan Strome,1st line,C,17,L,"6'3""",200,8478440.0,Washington Capitals
WSH,Max Pacioretty,1st line,RW,67,L,"6'2""",215,8474157.0,Washington Capitals
WSH,Rasmus Sandin,1st pair,LD,38,L,"5'11""",183,8480873.0,Washington Capitals
WSH,John Carlson,1st pair,RD,74,R,"6'3""",217,8474590.0,Washington Capitals
WSH,Aliaksei Protas,2nd line,LW,21,L,"6'6""",225,8481656.0,Washington Capitals
WSH,Connor McMichael,2nd line,C,24,L,"5'11""",182,8481580.0,Washington Capitals
WSH,T.J. Oshie,2nd line,RW,77,R,"6'0""",195,8471698.0,Washington Capitals
WSH,Martin Fehervary,2nd pair,LD,42,L,"6'2""",200,8480796.0,Washington Capitals
WSH,Trevor van Riemsdyk,2nd pair,RD,57,R,"6'2""",192,8477845.0,Washington Capitals
WSH,Anthony Mantha,3rd line,LW,39,L,"6'5""",234,8477511.0,Washington Capitals
WSH,Evgeny Kuznetsov,3rd line,C,92,L,"6'2""",197,8475744.0,Washington Capitals
WSH,Tom Wilson,3rd line,RW,43,R,"6'4""",220,8476880.0,Washington Capitals
WSH,Joel Edmundson,3rd pair,LD,6,L,"6'5""",224,8476441.0,Washington Capitals
WSH,Nick Jensen,3rd pair,RD,3,R,"6'1""",196,8475324.0,Washington Capitals
WSH,Beck Malenstyn,4th line,LW,47,L,"6'3""",200,8479359.0,Washington Capitals
WSH,Nic Dowd,4th line,C,26,R,"6'1""",195,8475343.0,Washington Capitals
WSH,Nicolas Aube-Kubel,4th line,RW,96,R,"5'11""",187,8477979.0,Washington Capitals
WSH,Sonny Milano,injured reserve,F,15.0,L,"6'0""",194.0,8477947.0,Washington Capitals
WSH,Nicklas Backstrom,injured reserve,F,19.0,L,"6'1""",206.0,8473563.0,Washington Capitals
WSH,Matthew Phillips,scratch,F,45.0,R,"5'7""",140.0,8479547.0,Washington Capitals
WSH,Ethan Bear,scratch,D,25.0,R,"5'11""",197.0,8478451.0,Washington Capitals
WSH,Alexander Alexeyev,scratch,D,27.0,L,"6'4""",196.0,8480823.0,Washington Capitals
