team,player,pos,age,years_remaining,terms,acquired,status,cap%,free_agency_type,2023-24,2024-25,2025-26,2026-27,2027-28,2028-29,player_id
ANA,Tristan Luneau,RD,19.0,3,ELC,Draft,NHL,0.011000000000000001,RFA,896667,896667,896667,0,0,0,
ANA,Pavel Mintyukov,LD,19.0,3,ELC,Draft,NHL,0.011000000000000001,RFA,918333,918333,918333,0,0,0,
ANA,Jackson LaCombe,LD/RD,22.0,1,ELC,Draft,NHL,0.011000000000000001,RFA,925000,0,0,0,0,0,8481605.0
ANA,Jamie Drysdale,RD,21.0,3,,Draft,NHL,0.027999999999999997,RFA,2300000,2300000,2300000,0,0,0,8482142.0
ANA,Ilya Lyubushkin,RD,29.0,1,,Trade,NHL,0.033,UFA,2750000,0,0,0,0,0,8480950.0
ANA,Radko Gudas,RD,33.0,3,NTC,Signed,NHL,0.048,UFA,4000000,4000000,4000000,0,0,0,8475462.0
ANA,Cam Fowler,LD/RD,31.0,3,M-NTC,Draft,NHL,0.078,UFA,6500000,6500000,6500000,0,0,0,8475764.0
ANA,Benoit-Olivier Groulx,C,23.0,1,,Draft,NHL,0.009000000000000001,RFA,775000,0,0,0,0,0,8480870.0
ANA,Brett Leason,RW,24.0,1,,Waivers claim,NHL,0.009000000000000001,RFA,775000,0,0,0,0,0,8481517.0
ANA,Sam Carrick,"RW, C",31.0,1,,Trade,NHL,0.01,UFA,850000,0,0,0,0,0,8475842.0
ANA,Mason McTavish,"C, LW",20.0,2,ELC,Draft,NHL,0.011000000000000001,RFA,894167,894167,0,0,0,0,8482745.0
ANA,Ross Johnston,LW,29.0,3,,Waivers claim,NHL,0.013000000000000001,UFA,1100000,1100000,1100000,0,0,0,8477527.0
ANA,Max Jones,"LW, RW",25.0,1,,Draft,NHL,0.016,RFA,1295000,0,0,0,0,0,8479368.0
ANA,Brock McGinn,"LW, RW",29.0,2,,Trade,NHL,0.033,UFA,2750000,2750000,0,0,0,0,8476934.0
ANA,Frank Vatrano,"LW, RW",29.0,2,,Signed,NHL,0.044000000000000004,UFA,3650000,3650000,0,0,0,0,8478366.0
ANA,Ryan Strome,"C, RW",30.0,4,,Signed,NHL,0.06,UFA,5000000,5000000,5000000,5000000,0,0,8476458.0
ANA,Jakob Silfverberg,"RW, LW",33.0,1,M-NTC,Trade,NHL,0.063,UFA,5250000,0,0,0,0,0,8475164.0
ANA,Trevor Zegras,"C, LW",22.0,3,,Draft,NHL,0.069,RFA,5750000,5750000,5750000,0,0,0,8481533.0
ANA,Adam Henrique,"LW, C",33.0,1,M-NTC,Trade,NHL,0.07,UFA,5825000,0,0,0,0,0,8474641.0
ANA,Urho Vaakanainen,LD/RD,24.0,1,,Trade,NHL,0.01,RFA,850000,0,0,0,0,0,8480001.0
ANA,John Gibson,G,30.0,4,M-NTC,Draft,NHL,0.077,UFA,6400000,6400000,6400000,6400000,0,0,8476434.0
ANA,Lukas Dostal,G,23.0,2,,Draft,NHL,0.01,RFA,812500,812500,0,0,0,0,8480843.0
ANA,Alex Killorn,"RW, LW",34.0,4,NTC,Signed,IR,0.075,UFA,6250000,6250000,6250000,6250000,0,0,8473986.0
ANA,Troy Terry,RW,26.0,7,,Draft,NHL,0.084,UFA,7000000,7000000,7000000,7000000,7000000,7000000,8478873.0
ANA,Isac Lundestrom,"C, LW",23.0,1,,Draft,IR,0.022000000000000002,RFA,1800000,0,0,0,0,0,8480806.0
ARI,Connor Ingram,G,26.0,3,,Waivers claim,NHL,0.023,UFA,1950000,1950000,1950000,0,0,0,8478971.0
ARI,Karel Vejmelka,G,27.0,2,,Signed,NHL,0.033,UFA,2725000,2725000,0,0,0,0,8478872.0
ARI,Travis Dermott,LD/RD,26.0,1,,Signed,NHL,0.01,UFA,800000,0,0,0,0,0,8478408.0
ARI,J.J. Moser,LD/RD,23.0,1,ELC,Draft,NHL,0.011000000000000001,RFA,886667,0,0,0,0,0,8482655.0
ARI,Juuso Valimaki,LD,25.0,1,,Waivers claim,NHL,0.012,RFA,1000000,0,0,0,0,0,8479976.0
ARI,Troy Stecher,RD,29.0,1,,Signed,NHL,0.013000000000000001,UFA,1100000,0,0,0,0,0,8479442.0
ARI,Joshua Brown,RD,29.0,1,,Signed,NHL,0.015,UFA,1275000,0,0,0,0,0,8477384.0
ARI,Sean Durzi,LD/RD,24.0,1,,Trade,NHL,0.02,RFA,1700000,0,0,0,0,0,8480434.0
ARI,Matt Dumba,RD,29.0,1,,Signed,NHL,0.047,UFA,3900000,0,0,0,0,0,8476856.0
ARI,Michael Carcone,"LW, C",27.0,2,,Signed,NHL,0.009000000000000001,UFA,775000,775000,0,0,0,0,8479619.0
ARI,Liam O'Brien,LW,29.0,1,,Signed,NHL,0.009000000000000001,UFA,775000,0,0,0,0,0,8477070.0
ARI,Logan Cooley,C,19.0,3,ELC,Draft,NHL,0.011000000000000001,RFA,950000,950000,950000,0,0,0,
ARI,Jack McBain,"C, LW",23.0,2,,Signed,NHL,0.019,RFA,1599999,1599999,0,0,0,0,8480855.0
ARI,Travis Boyd,"C, RW",30.0,1,,Signed,NHL,0.021,UFA,1750000,0,0,0,0,0,8476329.0
ARI,Nick Schmaltz,"RW, C",27.0,3,M-NTC,Trade,NHL,0.07,UFA,5850000,5850000,5850000,0,0,0,8477951.0
ARI,Barrett Hayton,"C, LW",23.0,1,,Draft,NHL,0.021,RFA,1775000,0,0,0,0,0,8480849.0
ARI,Nick Bjugstad,"C, RW",31.0,2,,Signed,NHL,0.025,UFA,2100000,2100000,0,0,0,0,8475760.0
ARI,Matias Maccelli,LW,22.0,3,,Draft,NHL,0.040999999999999995,RFA,3425000,3425000,3425000,0,0,0,8481711.0
ARI,Alexander Kerfoot,"LW, RW",29.0,2,M-NTC,Signed,NHL,0.042,UFA,3500000,3500000,0,0,0,0,8477021.0
ARI,Lawson Crouse,"LW, RW",26.0,4,,Trade,NHL,0.051,UFA,4300000,4300000,4300000,4300000,0,0,8478474.0
ARI,Jason Zucker,"LW, RW",31.0,1,,Signed,NHL,0.063,UFA,5300000,0,0,0,0,0,8475722.0
ARI,Jakub Voracek,"RW, LW",34.0,1,,Trade,IR,0.099,UFA,8250000,0,0,0,0,0,8474161.0
ARI,Shea Weber,RD,38.0,3,,Trade,IR,0.094,UFA,7857143,7857143,7857143,0,0,0,8470642.0
ARI,Bryan Little,"C, RW",35.0,1,M-NTC,Trade,IR,0.063,UFA,5291667,0,0,0,0,0,8473412.0
ARI,Clayton Keller,"LW, RW",25.0,5,,Draft,NHL,0.086,UFA,7150000,7150000,7150000,7150000,7150000,0,8479343.0
BOS,Morgan Geekie,"C, RW",25.0,2,,Signed,NHL,0.024,RFA,2000000,2000000,0,0,0,0,8479987.0
BOS,Linus Ullmark,G,30.0,2,M-NTC,Signed,NHL,0.06,UFA,5000000,5000000,0,0,0,0,8476999.0
BOS,Ian Mitchell,RD,24.0,1,,Trade,NHL,0.009000000000000001,RFA,775000,0,0,0,0,0,8480070.0
BOS,Kevin Shattenkirk,RD,34.0,1,,Signed,NHL,0.013000000000000001,UFA,1050000,0,0,0,0,0,8474031.0
BOS,Derek Forbort,LD,31.0,1,M-NTC,Signed,NHL,0.036000000000000004,UFA,3000000,0,0,0,0,0,8475762.0
BOS,Matt Grzelcyk,LD,29.0,1,,Draft,NHL,0.044000000000000004,UFA,3687500,0,0,0,0,0,8476891.0
BOS,Brandon Carlo,RD,26.0,4,M-NTC,Draft,NHL,0.049,UFA,4100000,4100000,4100000,4100000,0,0,8478443.0
BOS,Hampus Lindholm,LD,29.0,7,"NTC, NMC",Trade,NHL,0.078,UFA,6500000,6500000,6500000,6500000,6500000,6500000,8476854.0
BOS,Jakub Lauko,"LW, RW",23.0,2,,Draft,NHL,0.009000000000000001,RFA,787500,787500,0,0,0,0,8480880.0
BOS,Patrick Brown,"C, RW",31.0,2,,Signed,NHL,0.01,UFA,800000,800000,0,0,0,0,8477887.0
BOS,Matthew Poitras,C,19.0,3,ELC,Draft,NHL,0.01,RFA,870000,870000,870000,0,0,0,8483505.0
BOS,John Beecher,C,22.0,2,ELC,Draft,NHL,0.011000000000000001,RFA,925000,925000,0,0,0,0,8481556.0
BOS,James van Riemsdyk,"LW, RW",34.0,1,,Signed,NHL,0.012,UFA,1000000,0,0,0,0,0,8474037.0
BOS,Milan Lucic,"LW, RW",35.0,1,35+NMC,Signed,NHL,0.012,UFA,1000000,0,0,0,0,0,8473473.0
BOS,Jake DeBrusk,"RW, LW",26.0,1,,Draft,NHL,0.048,UFA,4000000,0,0,0,0,0,8478498.0
BOS,Pavel Zacha,"LW, RW, C",26.0,4,M-NTC,Trade,NHL,0.057,UFA,4750000,4750000,4750000,4750000,0,0,8478401.0
BOS,Charlie Coyle,"C, RW",31.0,3,"M-NTC, NMC",Trade,NHL,0.063,UFA,5250000,5250000,5250000,0,0,0,8475745.0
BOS,Brad Marchand,LW,35.0,2,M-NTC,Draft,NHL,0.073,UFA,6125000,6125000,0,0,0,0,8473419.0
BOS,David Pastrnak,RW,27.0,8,NMC,Draft,NHL,0.135,UFA,11250000,11250000,11250000,11250000,11250000,11250000,8477956.0
BOS,Trent Frederic,"LW, RW",25.0,2,,Draft,NHL,0.027999999999999997,UFA,2300000,2300000,0,0,0,0,8479365.0
BOS,Jeremy Swayman,G,24.0,1,,Draft,NHL,0.042,RFA,3475000,0,0,0,0,0,8480280.0
BOS,Charlie McAvoy,RD,25.0,7,,Draft,NHL,0.114,UFA,9500000,9500000,9500000,9500000,9500000,9500000,8479325.0
BUF,Jeff Skinner,"LW, RW",31.0,4,NMC,Trade,NHL,0.10800000000000001,UFA,9000000,9000000,9000000,9000000,0,0,8475784.0
BUF,Tage Thompson,C,25.0,7,,Trade,NHL,0.086,UFA,7142857,7142857,7142857,7142857,7142857,7142857,8479420.0
BUF,Dylan Cozens,"C, LW",22.0,7,,Draft,NHL,0.085,UFA,7100000,7100000,7100000,7100000,7100000,7100000,8481528.0
BUF,Victor Olofsson,"RW, LW",28.0,1,,Draft,NHL,0.057,UFA,4750000,0,0,0,0,0,8478109.0
BUF,Alex Tuch,"RW, LW",27.0,3,M-NTC,Trade,NHL,0.057,UFA,4750000,4750000,4750000,0,0,0,8477949.0
BUF,Jordan Greenway,"LW, RW",26.0,2,,Trade,NHL,0.036000000000000004,UFA,3000000,3000000,0,0,0,0,8478413.0
BUF,Casey Mittelstadt,"LW, C",24.0,1,,Draft,NHL,0.03,RFA,2500000,0,0,0,0,0,8479999.0
BUF,Kyle Okposo,RW,35.0,1,35+,Signed,NHL,0.03,UFA,2500000,0,0,0,0,0,8473449.0
BUF,Tyson Jost,C,25.0,1,,Signed,NHL,0.024,UFA,2000000,0,0,0,0,0,8479370.0
BUF,Zach Benson,LW,18.0,3,ELC,Draft,NHL,0.011000000000000001,RFA,950000,950000,950000,0,0,0,
BUF,Peyton Krebs,"C, LW",22.0,1,ELC,Trade,NHL,0.01,RFA,863333,0,0,0,0,0,8481522.0
BUF,John-Jason Peterka,"LW, RW",21.0,2,ELC,Draft,NHL,0.01,RFA,855833,855833,0,0,0,0,8482175.0
BUF,Mattias Samuelsson,LD,23.0,7,,Draft,NHL,0.051,UFA,4285714,4285714,4285714,4285714,4285714,4285714,8480807.0
BUF,Connor Clifton,RD,28.0,3,,Signed,NHL,0.04,UFA,3333333,3333333,3333333,0,0,0,8477365.0
BUF,Erik Johnson,RD,35.0,1,35+,Signed,NHL,0.039,UFA,3250000,0,0,0,0,0,8473446.0
BUF,Henri Jokiharju,RD,24.0,1,,Trade,NHL,0.03,RFA,2500000,0,0,0,0,0,8480035.0
BUF,Jacob Bryson,LD/RD,25.0,1,,Draft,NHL,0.022000000000000002,RFA,1850000,0,0,0,0,0,8480196.0
BUF,Owen Power,LD/RD,20.0,8,ELC,Draft,NHL,0.011000000000000001,UFA,916667,8350000,8350000,8350000,8350000,8350000,8482671.0
BUF,Eric Comrie,G,28.0,1,,Signed,NHL,0.022000000000000002,UFA,1800000,0,0,0,0,0,8477480.0
BUF,Devon Levi,G,21.0,2,ELC,Trade,NHL,0.011000000000000001,10.2(c),925000,925000,0,0,0,0,8482221.0
BUF,Ukko-Pekka Luukkonen,G,24.0,1,,Draft,NHL,0.01,RFA,837500,0,0,0,0,0,8480045.0
BUF,Jack Quinn,"RW, LW",22.0,2,ELC,Draft,IR,0.01,RFA,863333,863333,0,0,0,0,8482097.0
BUF,Rasmus Dahlin,LD/RD,23.0,9,,Draft,NHL,0.07200000000000001,UFA,6000000,11000000,11000000,11000000,11000000,11000000,8480839.0
BUF,Zemgus Girgensons,"LW, C",29.0,1,,Draft,NHL,0.03,UFA,2500000,0,0,0,0,0,8476878.0
CAR,Brent Burns,RD,38.0,2,RSM-NTC,Trade,NHL,0.063,UFA,5280000,5280000,0,0,0,0,8470613.0
CAR,Anthony Deangelo,RD,27.0,1,,Signed,NHL,0.02,UFA,1675000,0,0,0,0,0,8477950.0
CAR,Brett Pesce,RD,28.0,1,M-NTC,Draft,NHL,0.048,UFA,4025000,0,0,0,0,0,8477488.0
CAR,Brady Skjei,LD,29.0,1,M-NTC,Trade,NHL,0.063,UFA,5250000,0,0,0,0,0,8476869.0
CAR,Sebastian Aho,C,26.0,9,,Signed,NHL,0.10099999999999999,UFA,8460250,9750000,9750000,9750000,9750000,9750000,8478427.0
CAR,Teuvo Teravainen,"LW, RW",29.0,1,M-NTC,Trade,NHL,0.065,UFA,5400000,0,0,0,0,0,8476882.0
CAR,Jesperi Kotkaniemi,C,23.0,7,,Signed,NHL,0.057999999999999996,UFA,4820000,4820000,4820000,4820000,4820000,4820000,8480829.0
CAR,Michael Bunting,LW,28.0,3,M-NTC,Signed,NHL,0.054000000000000006,UFA,4500000,4500000,4500000,0,0,0,8478047.0
CAR,Jalen Chatfield,RD,27.0,1,,Signed,NHL,0.009000000000000001,UFA,762500,0,0,0,0,0,8478970.0
CAR,Martin Necas,"RW, C",24.0,1,,Draft,NHL,0.036000000000000004,RFA,3000000,0,0,0,0,0,8480039.0
CAR,Jesper Fast,RW,31.0,2,NTC,Signed,NHL,0.028999999999999998,UFA,2400000,2400000,0,0,0,0,8475855.0
CAR,Jordan Martinook,"LW, RW",31.0,1,,Signed,NHL,0.022000000000000002,UFA,1800000,0,0,0,0,0,8476921.0
CAR,Jack Drury,C,23.0,1,ELC,Draft,NHL,0.011000000000000001,RFA,925000,0,0,0,0,0,8480835.0
CAR,Seth Jarvis,RW,21.0,1,ELC,Draft,NHL,0.011000000000000001,RFA,894167,0,0,0,0,0,8482093.0
CAR,Brendan Lemieux,"LW, RW",27.0,1,,Signed,NHL,0.01,UFA,800000,0,0,0,0,0,8477962.0
CAR,Stefan Noesen,"LW, RW",30.0,1,,Signed,NHL,0.009000000000000001,UFA,762500,0,0,0,0,0,8476474.0
CAR,Dmitry Orlov,LD,32.0,2,,Signed,NHL,0.09300000000000001,UFA,7750000,7750000,0,0,0,0,8475200.0
CAR,Jordan Staal,"C, LW",35.0,4,NMC,Trade,NHL,0.035,UFA,2900000,2900000,2900000,2900000,0,0,8473533.0
CAR,Frederik Andersen,G,34.0,2,M-NTC,Signed,NHL,0.040999999999999995,UFA,3400000,3400000,0,0,0,0,8475883.0
CAR,Andrei Svechnikov,"LW, RW",23.0,6,,Draft,IR,0.09300000000000001,UFA,7750000,7750000,7750000,7750000,7750000,7750000,8480830.0
CAR,Antti Raanta,G,34.0,1,,Signed,NHL,0.018000000000000002,UFA,1500000,0,0,0,0,0,8477293.0
CAR,Jaccob Slavin,LD,29.0,2,M-NTC,Draft,NHL,0.063,UFA,5300000,5300000,0,0,0,0,8476958.0
CBJ,Kent Johnson,"LW, C",20.0,1,ELC,Draft,NHL,0.011000000000000001,10.2(c),925000,0,0,0,0,0,8482660.0
CBJ,Kirill Marchenko,RW,23.0,1,ELC,Draft,NHL,0.011000000000000001,RFA,925000,0,0,0,0,0,8480893.0
CBJ,Johnny Gaudreau,LW,30.0,6,NMC,Signed,NHL,0.11699999999999999,UFA,9750000,9750000,9750000,9750000,9750000,9750000,8476346.0
CBJ,Jack Roslovic,"C, RW",26.0,1,,Trade,NHL,0.048,UFA,4000000,0,0,0,0,0,8478458.0
CBJ,Boone Jenner,"C, LW",30.0,3,M-NTC,Draft,NHL,0.045,UFA,3750000,3750000,3750000,0,0,0,8476432.0
CBJ,Sean Kuraly,"C, LW",30.0,2,M-NTC,Signed,NHL,0.03,UFA,2500000,2500000,0,0,0,0,8476374.0
CBJ,Eric Robinson,LW,28.0,1,,Signed,NHL,0.019,UFA,1600000,0,0,0,0,0,8480762.0
CBJ,Alexandre Texier,"LW, C, RW",24.0,1,,Draft,NHL,0.018000000000000002,RFA,1525000,0,0,0,0,0,8480074.0
CBJ,Justin Danforth,"RW, C",30.0,2,,Signed,NHL,0.012,UFA,975000,1100000,0,0,0,0,8479941.0
CBJ,Adam Fantilli,C,19.0,3,ELC,Draft,NHL,0.011000000000000001,RFA,950000,950000,950000,0,0,0,
CBJ,Patrik Laine,"RW, LW",25.0,3,M-NTC,Trade,NHL,0.10400000000000001,UFA,8700000,8700000,8700000,0,0,0,8479339.0
CBJ,Cole Sillinger,C,20.0,1,ELC,Draft,NHL,0.011000000000000001,RFA,925000,0,0,0,0,0,8482705.0
CBJ,Emil Bemstrom,"RW, LW",24.0,1,,Draft,NHL,0.011000000000000001,RFA,900000,0,0,0,0,0,8480205.0
CBJ,Liam Foudy,"LW, C",23.0,1,,Draft,NHL,0.009000000000000001,RFA,762500,0,0,0,0,0,8480853.0
CBJ,Zachary Werenski,LD,26.0,5,NMC,Draft,NHL,0.115,UFA,9583333,9583333,9583333,9583333,9583333,0,8478460.0
CBJ,Damon Severson,RD,29.0,8,NTC,Trade,NHL,0.075,UFA,6250000,6250000,6250000,6250000,6250000,6250000,8476923.0
CBJ,Ivan Provorov,LD,26.0,2,RS,Trade,NHL,0.057,UFA,4725000,4725000,0,0,0,0,8478500.0
CBJ,Andrew Peeke,RD,25.0,3,,Draft,NHL,0.033,UFA,2750000,2750000,2750000,0,0,0,8479369.0
CBJ,Adam Boqvist,RD,23.0,2,,Trade,NHL,0.031,RFA,2600000,2600000,0,0,0,0,8480871.0
CBJ,Jake Bean,LD/RD,25.0,1,,Trade,NHL,0.027999999999999997,RFA,2333333,0,0,0,0,0,8479402.0
CBJ,Erik Gudbranson,RD,31.0,3,M-NTC,Signed,NHL,0.048,UFA,4000000,4000000,4000000,0,0,0,8475790.0
CBJ,Spencer Martin,G,28.0,1,,Waivers claim,NHL,0.009000000000000001,UFA,762500,0,0,0,0,0,8477484.0
CBJ,Elvis Merzlikins,G,29.0,4,M-NTC,Draft,NHL,0.065,UFA,5400000,5400000,5400000,5400000,0,0,8478007.0
CBJ,Daniil Tarasov,G,24.0,2,,Draft,IR,0.013000000000000001,RFA,1050000,1050000,0,0,0,0,8480193.0
CBJ,Mathieu Olivier,RW,26.0,2,,Trade,IR,0.013000000000000001,UFA,1100000,1100000,0,0,0,0,8479671.0
CBJ,Yegor Chinakhov,"RW, LW",22.0,1,,Draft,IR,0.01,RFA,800000,0,0,0,0,0,8482475.0
CGY,Kevin Rooney,C,30.0,1,,Signed,IR,0.016,UFA,1300000,0,0,0,0,0,8479291.0
CGY,Nazem Kadri,C,33.0,6,NMC,Signed,NHL,0.084,UFA,7000000,7000000,7000000,7000000,7000000,7000000,8475172.0
CGY,Jacob Markstrom,G,33.0,3,NMC,Signed,NHL,0.07200000000000001,UFA,6000000,6000000,6000000,0,0,0,8474593.0
CGY,Jonathan Huberdeau,"LW, RW",30.0,8,NMC,Trade,NHL,0.126,UFA,10500000,10500000,10500000,10500000,10500000,10500000,8476456.0
CGY,Andrew Mangiapane,"RW, LW",27.0,2,M-NTC,Draft,NHL,0.069,UFA,5800000,5800000,0,0,0,0,8478233.0
CGY,Mikael Backlund,C,34.0,3,NMC,Draft,NHL,0.064,UFA,5350000,4500000,4500000,0,0,0,8474150.0
CGY,Blake Coleman,"RW, LW",31.0,4,NTC,Signed,NHL,0.059000000000000004,UFA,4900000,4900000,4900000,4900000,0,0,8476399.0
CGY,Elias Lindholm,C,28.0,1,,Trade,NHL,0.057999999999999996,UFA,4850000,0,0,0,0,0,8477496.0
CGY,Yegor Sharangovich,"LW, RW, C",25.0,2,,Trade,NHL,0.037000000000000005,UFA,3100000,3100000,0,0,0,0,8481068.0
CGY,Dillon Dube,"C, LW, RW",25.0,1,,Draft,NHL,0.027999999999999997,RFA,2300000,0,0,0,0,0,8479346.0
CGY,Matthew Coronato,RW,20.0,2,ELC,Draft,NHL,0.011000000000000001,10.2(c),925000,925000,0,0,0,0,8482679.0
CGY,Daniel Vladar,G,26.0,2,,Trade,NHL,0.026000000000000002,UFA,2200000,2200000,0,0,0,0,8478435.0
CGY,Walker Duehr,RW,25.0,2,,Signed,NHL,0.01,UFA,825000,825000,0,0,0,0,8482652.0
CGY,AJ Greer,"RW, LW",26.0,1,,Waivers claim,NHL,0.009000000000000001,UFA,762500,0,0,0,0,0,8478421.0
CGY,Adam Ruzicka,LW,24.0,1,,Draft,NHL,0.009000000000000001,RFA,762500,0,0,0,0,0,8480008.0
CGY,MacKenzie Weegar,LD/RD,29.0,8,NTC,Trade,NHL,0.075,UFA,6250000,6250000,6250000,6250000,6250000,6250000,8477346.0
CGY,Noah Hanifin,LD,26.0,1,M-NTC,Trade,NHL,0.059000000000000004,UFA,4950000,0,0,0,0,0,8478396.0
CGY,Rasmus Andersson,RD,26.0,3,,Draft,NHL,0.054000000000000006,UFA,4550000,4550000,4550000,0,0,0,8478397.0
CGY,Christopher Tanev,RD,33.0,1,M-NTC,Signed,NHL,0.054000000000000006,UFA,4500000,0,0,0,0,0,8475690.0
CGY,Nikita Zadorov,LD/RD,28.0,1,,Signed,NHL,0.045,UFA,3750000,0,0,0,0,0,8477507.0
CGY,Jordan Oesterle,LD/RD,31.0,1,,Signed,NHL,0.011000000000000001,UFA,925000,0,0,0,0,0,8477851.0
CGY,Dennis Gilbert,LD,26.0,1,,Signed,NHL,0.009000000000000001,UFA,762500,0,0,0,0,0,8478502.0
CGY,Dryden Hunt,"LW, RW",27.0,2,,Signed,NHL,0.009000000000000001,UFA,775000,775000,0,0,0,0,8478211.0
CHI,Tyler Johnson,"RW, C, LW",33.0,1,M-NTC,Trade,NHL,0.06,UFA,5000000,0,0,0,0,0,8474870.0
CHI,Philipp Kurashev,"LW, C, RW",24.0,2,,Draft,IR,0.027000000000000003,RFA,2250000,2250000,0,0,0,0,8480798.0
CHI,Colin Blackwell,"C, RW",30.0,1,,Signed,IR,0.013999999999999999,UFA,1200000,0,0,0,0,0,8476278.0
CHI,Arvid Soderblom,G,24.0,2,,Signed,NHL,0.012,RFA,962500,962500,0,0,0,0,8482821.0
CHI,Petr Mrazek,G,31.0,1,M-NTC,Trade,NHL,0.046,UFA,3800000,0,0,0,0,0,8475852.0
CHI,Alex Vlasic,LD,22.0,1,ELC,Draft,NHL,0.011000000000000001,RFA,916667,0,0,0,0,0,8481568.0
CHI,Wyatt Kaiser,LD,21.0,2,ELC,Draft,NHL,0.011000000000000001,RFA,916667,916667,0,0,0,0,8482176.0
CHI,Andreas Athanasiou,"LW, RW",29.0,2,,Signed,NHL,0.051,UFA,4250000,4250000,0,0,0,0,8476960.0
CHI,Nick Foligno,"LW, C, RW",35.0,1,35+,Trade,NHL,0.048,UFA,4000000,0,0,0,0,0,8473422.0
CHI,Corey Perry,RW,38.0,1,35+,Trade,NHL,0.048,UFA,4000000,0,0,0,0,0,8470621.0
CHI,Jason Dickinson,"C, LW",28.0,1,,Trade,NHL,0.032,UFA,2650000,0,0,0,0,0,8477450.0
CHI,Ryan Donato,"LW, C",27.0,2,,Signed,NHL,0.024,UFA,2000000,2000000,0,0,0,0,8477987.0
CHI,Connor Bedard,C,18.0,3,ELC,Draft,NHL,0.011000000000000001,RFA,950000,950000,950000,0,0,0,8484144.0
CHI,Cole Guttman,C,24.0,1,ELC,Signed,NHL,0.011000000000000001,RFA,950000,0,0,0,0,0,8480252.0
CHI,Taylor Hall,LW,31.0,2,"M-NTC, NMC",Trade,NHL,0.07200000000000001,UFA,6000000,6000000,0,0,0,0,8475791.0
CHI,Lukas Reichel,"LW, C",21.0,1,ELC,Draft,NHL,0.011000000000000001,RFA,925000,0,0,0,0,0,8482117.0
CHI,Reese Johnson,"RW, C",25.0,1,,Signed,NHL,0.01,RFA,800000,0,0,0,0,0,8481147.0
CHI,Boris Katchouk,LW,25.0,1,,Trade,NHL,0.009000000000000001,RFA,758333,0,0,0,0,0,8479383.0
CHI,Taylor Raddysh,RW,25.0,1,,Trade,NHL,0.009000000000000001,RFA,758333,0,0,0,0,0,8479390.0
CHI,Seth Jones,RD,29.0,7,NMC,Trade,NHL,0.114,UFA,9500000,9500000,9500000,9500000,9500000,9500000,8477495.0
CHI,Nikita Zaitsev,RD,31.0,1,M-NTC,Trade,NHL,0.054000000000000006,UFA,4500000,0,0,0,0,0,8479458.0
CHI,Connor Murphy,RD,30.0,3,M-NTC,Trade,NHL,0.053,UFA,4400000,4400000,4400000,0,0,0,8476473.0
CHI,Jarred Tinordi,LD,31.0,1,,Waivers claim,NHL,0.015,UFA,1250000,0,0,0,0,0,8475797.0
CHI,Kevin Korchinski,LD,19.0,3,ELC,Draft,NHL,0.011000000000000001,RFA,918333,918333,918333,0,0,0,8483466.0
CHI,Mackenzie Entwistle,"LW, C",24.0,1,,Trade,NHL,0.01,RFA,800000,0,0,0,0,0,8480025.0
COL,Nathan MacKinnon,C,28.0,8,NMC,Draft,NHL,0.151,UFA,12600000,12600000,12600000,12600000,12600000,12600000,8477492.0
COL,Alexandar Georgiev,G,27.0,2,,Trade,NHL,0.040999999999999995,UFA,3400000,3400000,0,0,0,0,8480382.0
COL,Justus Annunen,G,23.0,1,,Draft,NHL,0.009000000000000001,RFA,775000,0,0,0,0,0,8481020.0
COL,Ivan Prosvetov,G,24.0,1,,Waivers claim,NHL,0.009000000000000001,RFA,775000,0,0,0,0,0,8481031.0
COL,Jack Johnson,LD,36.0,1,35+,Signed,NHL,0.009000000000000001,UFA,775000,0,0,0,0,0,8471677.0
COL,Kurtis MacDermid,"LD/RD, LW",29.0,1,,Trade,NHL,0.012,UFA,987500,0,0,0,0,0,8477073.0
COL,Riley Tufte,LW,25.0,1,,Signed,NHL,0.009000000000000001,RFA,775000,0,0,0,0,0,8479362.0
COL,Bowen Byram,LD/RD,22.0,2,,Draft,NHL,0.046,RFA,3850000,3850000,0,0,0,0,8481524.0
COL,Devon Toews,LD,29.0,1,,Trade,NHL,0.049,UFA,4100000,0,0,0,0,0,8478038.0
COL,Josh Manson,RD,32.0,3,NTC,Signed,NHL,0.054000000000000006,UFA,4500000,4500000,4500000,0,0,0,8476312.0
COL,Samuel Girard,LD/RD,25.0,4,,Trade,NHL,0.06,UFA,5000000,5000000,5000000,5000000,0,0,8479398.0
COL,Cale Makar,RD,24.0,4,,Draft,NHL,0.10800000000000001,UFA,9000000,9000000,9000000,9000000,0,0,8480069.0
COL,Fredrik Olofsson,LW,27.0,1,,Trade,NHL,0.009000000000000001,UFA,775000,0,0,0,0,0,8478028.0
COL,Jonathan Drouin,"C, LW",28.0,1,,Signed,NHL,0.01,UFA,825000,0,0,0,0,0,8477494.0
COL,Andrew Cogliano,LW,36.0,1,35+,Signed,NHL,0.01,UFA,825000,0,0,0,0,0,8471699.0
COL,Tomas Tatar,"LW, RW",32.0,1,,Signed,NHL,0.018000000000000002,UFA,1500000,0,0,0,0,0,8475193.0
COL,Miles Wood,LW,28.0,6,,Signed,NHL,0.03,UFA,2500000,2500000,2500000,2500000,2500000,2500000,8477425.0
COL,Ross Colton,"LW, C",27.0,4,,Trade,NHL,0.048,UFA,4000000,4000000,4000000,4000000,0,0,8479525.0
COL,Ryan Johansen,"C, RW",31.0,2,RS,Trade,NHL,0.048,UFA,4000000,4000000,0,0,0,0,8475793.0
COL,Artturi Lehkonen,"LW, RW",28.0,4,NTC,Trade,NHL,0.054000000000000006,UFA,4500000,4500000,4500000,4500000,0,0,8477476.0
COL,Valeri Nichushkin,"RW, LW",28.0,7,NMC,Signed,NHL,0.073,UFA,6125000,6125000,6125000,6125000,6125000,6125000,8477501.0
COL,Mikko Rantanen,"RW, C",26.0,2,M-NTC,Draft,NHL,0.111,UFA,9250000,9250000,0,0,0,0,8478420.0
COL,Logan O'Connor,"RW, LW",27.0,2,,Signed,NHL,0.013000000000000001,UFA,1050000,1050000,0,0,0,0,8481186.0
DAL,Evgeni Dadonov,"RW, LW",34.0,2,M-NTC,Trade,NHL,0.027000000000000003,UFA,2250000,2250000,0,0,0,0,8474149.0
DAL,Matt Duchene,"RW, C",32.0,1,,Signed,NHL,0.036000000000000004,UFA,3000000,0,0,0,0,0,8475168.0
DAL,Radek Faksa,"C, LW",29.0,2,M-NTC,Draft,NHL,0.039,UFA,3250000,3250000,0,0,0,0,8476889.0
DAL,Joe Pavelski,RW,39.0,1,35+NMC,Signed,NHL,0.042,UFA,3500000,0,0,0,0,0,8470794.0
DAL,Jamie Benn,"LW, C",34.0,2,NMC,Draft,NHL,0.114,UFA,9500000,9500000,0,0,0,0,8473994.0
DAL,Jason Robertson,"LW, RW",24.0,3,,Draft,NHL,0.09300000000000001,RFA,7750000,7750000,7750000,0,0,0,8480027.0
DAL,Tyler Seguin,"C, RW",31.0,4,NMC,Trade,NHL,0.11800000000000001,UFA,9850000,9850000,9850000,9850000,0,0,8475794.0
DAL,Roope Hintz,C,26.0,8,,Draft,NHL,0.10099999999999999,UFA,8450000,8450000,8450000,8450000,8450000,8450000,8478449.0
DAL,Craig Smith,"RW, C",34.0,1,,Signed,NHL,0.012,UFA,1000000,0,0,0,0,0,8475225.0
DAL,Mason Marchment,"LW, RW",28.0,3,M-NTC,Signed,NHL,0.054000000000000006,UFA,4500000,4500000,4500000,0,0,0,8478975.0
DAL,Ty Dellandrea,"RW, C",23.0,1,,Draft,NHL,0.011000000000000001,RFA,900000,0,0,0,0,0,8480848.0
DAL,Sam Steel,"C, LW",25.0,1,,Signed,NHL,0.01,RFA,850000,0,0,0,0,0,8479351.0
DAL,Jake Oettinger,G,24.0,2,,Draft,NHL,0.048,RFA,4000000,4000000,0,0,0,0,8479979.0
DAL,Joel Hanley,LD/RD,32.0,2,,Signed,NHL,0.009000000000000001,UFA,787500,787500,0,0,0,0,8477810.0
DAL,Thomas Harley,LD,22.0,1,ELC,Draft,NHL,0.01,RFA,863333,0,0,0,0,0,8481581.0
DAL,Nils Lundkvist,RD,23.0,1,ELC,Trade,NHL,0.011000000000000001,RFA,925000,0,0,0,0,0,8480878.0
DAL,Jani Hakanpaa,RD,31.0,1,,Signed,NHL,0.018000000000000002,UFA,1500000,0,0,0,0,0,8475825.0
DAL,Ryan Suter,LD,38.0,2,35+NMC,Signed,NHL,0.044000000000000004,UFA,3650000,3650000,0,0,0,0,8470600.0
DAL,Esa Lindell,LD,29.0,2,NMC,Draft,NHL,0.069,UFA,5800000,5800000,0,0,0,0,8476902.0
DAL,Miro Heiskanen,LD/RD,24.0,6,,Draft,NHL,0.10099999999999999,UFA,8450000,8450000,8450000,8450000,8450000,8450000,8480036.0
DAL,Wyatt Johnston,C,20.0,2,ELC,Draft,NHL,0.011000000000000001,RFA,894167,894167,0,0,0,0,8482740.0
DAL,Scott Wedgewood,G,31.0,1,,Trade,NHL,0.012,UFA,1000000,0,0,0,0,0,8475809.0
DET,Matt Luff,RW,26.0,1,,Signed,IR,0.009000000000000001,UFA,775000,0,0,0,0,0,8479644.0
DET,Moritz Seider,RD,22.0,1,ELC,Draft,NHL,0.01,RFA,863333,0,0,0,0,0,8481542.0
DET,Alex Lyon,G,30.0,2,,Signed,NHL,0.011000000000000001,UFA,900000,900000,0,0,0,0,8479312.0
DET,James Reimer,G,35.0,1,35+M-NTC,Signed,NHL,0.018000000000000002,UFA,1500000,0,0,0,0,0,8473503.0
DET,Ville Husso,G,28.0,2,M-NTC,Trade,NHL,0.057,UFA,4750000,4750000,0,0,0,0,8478024.0
DET,Jeff Petry,RD,35.0,2,"RSM-NTC, NMC",Trade,NHL,0.027999999999999997,UFA,2343750,2343750,0,0,0,0,8473507.0
DET,Olli Maatta,LD,29.0,2,,Signed,NHL,0.036000000000000004,UFA,3000000,3000000,0,0,0,0,8476874.0
DET,Jake Walman,LD,27.0,3,M-NTC,Trade,NHL,0.040999999999999995,UFA,3400000,3400000,3400000,0,0,0,8478013.0
DET,Justin Holl,RD,31.0,3,M-NTC,Signed,NHL,0.040999999999999995,UFA,3400000,3400000,3400000,0,0,0,8475718.0
DET,Shayne Gostisbehere,LD/RD,30.0,1,M-NTC,Signed,NHL,0.049,UFA,4125000,0,0,0,0,0,8476906.0
DET,Ben Chiarot,LD/RD,32.0,3,M-NTC,Signed,NHL,0.057,UFA,4750000,4750000,4750000,0,0,0,8475279.0
DET,Joseph Veleno,C,23.0,1,,Draft,NHL,0.01,RFA,825000,0,0,0,0,0,8480813.0
DET,Lucas Raymond,"RW, LW",21.0,1,ELC,Draft,NHL,0.011000000000000001,RFA,925000,0,0,0,0,0,8482078.0
DET,Christian Fischer,"RW, LW",26.0,1,,Signed,NHL,0.013000000000000001,UFA,1125000,0,0,0,0,0,8478432.0
DET,Michael Rasmussen,"C, LW",24.0,1,,Draft,NHL,0.017,RFA,1460000,0,0,0,0,0,8479992.0
DET,Daniel Sprong,"RW, LW",26.0,1,,Signed,NHL,0.024,UFA,2000000,0,0,0,0,0,8478466.0
DET,Klim Kostin,"LW, RW",24.0,2,,Signed,NHL,0.024,RFA,2000000,2000000,0,0,0,0,8480011.0
DET,Robby Fabbri,"LW, C",27.0,2,,Trade,NHL,0.048,UFA,4000000,4000000,0,0,0,0,8477952.0
DET,David Perron,"RW, LW",35.0,1,M-NTC,Signed,NHL,0.057,UFA,4750000,0,0,0,0,0,8474102.0
DET,J.T. Compher,"C, RW",28.0,5,M-NTC,Signed,NHL,0.061,UFA,5100000,5100000,5100000,5100000,5100000,0,8477456.0
DET,Andrew Copp,"C, LW, RW",29.0,4,M-NTC,Signed,NHL,0.067,UFA,5625000,5625000,5625000,5625000,0,0,8477429.0
DET,Alex DeBrincat,"LW, RW",25.0,4,,Trade,NHL,0.094,UFA,7875000,7875000,7875000,7875000,0,0,8479337.0
DET,Dylan Larkin,C,27.0,8,NTC,Draft,NHL,0.10400000000000001,UFA,8700000,8700000,8700000,8700000,8700000,8700000,8477946.0
EDM,Brett Kulak,LD/RD,29.0,3,,Signed,NHL,0.033,UFA,2750000,2750000,2750000,0,0,0,8476967.0
EDM,Cody Ceci,RD,29.0,2,,Signed,NHL,0.039,UFA,3250000,3250000,0,0,0,0,8476879.0
EDM,Stuart Skinner,G,24.0,3,,Draft,NHL,0.031,UFA,2600000,2600000,2600000,0,0,0,8479973.0
EDM,Philip Broberg,LD,22.0,1,ELC,Draft,NHL,0.01,RFA,863333,0,0,0,0,0,8481598.0
EDM,Jack Campbell,G,31.0,4,M-NTC,Signed,NHL,0.06,UFA,5000000,5000000,5000000,5000000,0,0,8475789.0
EDM,Markus Niemelainen,LD,25.0,1,,Draft,NHL,0.009000000000000001,RFA,762500,0,0,0,0,0,8479338.0
EDM,Vincent Desharnais,RD,27.0,1,,Signed,NHL,0.009000000000000001,UFA,762500,0,0,0,0,0,8479576.0
EDM,Evan Bouchard,RD,23.0,2,,Draft,NHL,0.047,RFA,3900000,3900000,0,0,0,0,8480803.0
EDM,Mattias Ekholm,LD/RD,33.0,3,RS,Trade,NHL,0.07200000000000001,UFA,6000000,6000000,6000000,0,0,0,8475218.0
EDM,Ryan McLeod,C,24.0,2,,Draft,NHL,0.025,RFA,2100000,2100000,0,0,0,0,8480802.0
EDM,Connor Brown,"RW, LW",29.0,1,,Signed,NHL,0.009000000000000001,UFA,775000,0,0,0,0,0,8477015.0
EDM,Evander Kane,"LW, RW",32.0,3,NMC,Signed,NHL,0.061,UFA,5125000,5125000,5125000,0,0,0,8475169.0
EDM,Zach Hyman,"RW, LW",31.0,5,NMC,Signed,NHL,0.066,UFA,5500000,5500000,5500000,5500000,5500000,0,8475786.0
EDM,Leon Draisaitl,"C, LW",27.0,2,"M-NTC, NMC",Draft,NHL,0.102,UFA,8500000,8500000,0,0,0,0,8477934.0
EDM,Connor McDavid,C,26.0,3,NMC,Draft,NHL,0.15,UFA,12500000,12500000,12500000,0,0,0,8478402.0
EDM,Ryan Nugent-Hopkins,"LW, C",30.0,6,NMC,Draft,NHL,0.061,UFA,5125000,5125000,5125000,5125000,5125000,5125000,8476454.0
EDM,Mattias Janmark,"LW, RW",30.0,1,,Signed,NHL,0.012,UFA,1000000,0,0,0,0,0,8477406.0
EDM,Dylan Holloway,"LW, C",22.0,1,ELC,Draft,NHL,0.011000000000000001,RFA,925000,0,0,0,0,0,8482077.0
EDM,Derek Ryan,"C, RW",36.0,2,35+,Signed,NHL,0.011000000000000001,UFA,900000,900000,0,0,0,0,8478585.0
EDM,Darnell Nurse,LD,28.0,7,NMC,Draft,NHL,0.111,UFA,9250000,9250000,9250000,9250000,9250000,9250000,8477498.0
EDM,Warren Foegele,"LW, RW",27.0,1,,Trade,NHL,0.033,UFA,2750000,0,0,0,0,0,8477998.0
FLA,Sam Bennett,C,27.0,2,,Trade,NHL,0.053,UFA,4425000,4425000,0,0,0,0,8477935.0
FLA,Josh Mahura,LD/RD,25.0,1,,Waivers claim,NHL,0.011000000000000001,RFA,925000,0,0,0,0,0,8479372.0
FLA,Dmitry Kulikov,LD/RD,32.0,1,,Signed,NHL,0.012,UFA,1000000,0,0,0,0,0,8475179.0
FLA,Mike Reilly,LD,30.0,1,,Signed,NHL,0.012,UFA,1000000,0,0,0,0,0,8476422.0
FLA,Oliver Ekman-Larsson,LD,32.0,1,,Signed,NHL,0.027000000000000003,UFA,2250000,0,0,0,0,0,8475171.0
FLA,Niko Mikkola,LD,27.0,3,,Signed,NHL,0.03,UFA,2500000,2500000,2500000,0,0,0,8478859.0
FLA,Gustav Forsling,LD,27.0,1,,Waivers claim,NHL,0.032,UFA,2666667,0,0,0,0,0,8478055.0
FLA,Ryan Lomberg,LW,28.0,1,,Signed,NHL,0.01,UFA,800000,0,0,0,0,0,8479066.0
FLA,Mackie Samoskevich,RW,20.0,2,ELC,Draft,NHL,0.011000000000000001,RFA,925000,925000,0,0,0,0,
FLA,Anton Lundell,"C, LW",22.0,1,ELC,Draft,NHL,0.011000000000000001,RFA,925000,0,0,0,0,0,8482113.0
FLA,Kevin Stenlund,"C, RW",27.0,1,,Signed,NHL,0.012,UFA,1000000,0,0,0,0,0,8478831.0
FLA,Steven Lorentz,"C, LW, RW",27.0,1,,Trade,NHL,0.013000000000000001,UFA,1050000,0,0,0,0,0,8478904.0
FLA,Nick Cousins,"LW, C",30.0,1,,Signed,NHL,0.013000000000000001,UFA,1100000,0,0,0,0,0,8476393.0
FLA,Aleksander Barkov,C,28.0,7,NMC,Draft,NHL,0.12,UFA,10000000,10000000,10000000,10000000,10000000,10000000,8477493.0
FLA,Matthew Tkachuk,RW,25.0,7,NMC,Trade,NHL,0.114,UFA,9500000,9500000,9500000,9500000,9500000,9500000,8479314.0
FLA,Sam Reinhart,RW,27.0,1,,Trade,NHL,0.078,UFA,6500000,0,0,0,0,0,8477933.0
FLA,Carter Verhaeghe,LW,28.0,2,,Signed,NHL,0.05,UFA,4166667,4166667,0,0,0,0,8477409.0
FLA,Evan Rodrigues,"C, LW",30.0,4,,Signed,NHL,0.036000000000000004,UFA,3000000,3000000,3000000,3000000,0,0,8478542.0
FLA,Eetu Luostarinen,"LW, C",25.0,4,,Trade,NHL,0.018000000000000002,UFA,1500000,3000000,3000000,3000000,0,0,8480185.0
FLA,Uvis Balinskis,LD,27.0,1,ELC,Signed,NHL,0.01,UFA,870000,0,0,0,0,0,
FLA,Sergei Bobrovsky,G,35.0,3,NMC,Signed,NHL,0.12,UFA,10000000,10000000,10000000,0,0,0,8475683.0
FLA,Justin Sourdif,C,21.0,2,ELC,Draft,NHL,0.01,RFA,847500,847500,0,0,0,0,
FLA,Brandon Montour,RD,29.0,1,,Trade,IR,0.042,UFA,3500000,0,0,0,0,0,8477986.0
FLA,Anthony Stolarz,G,29.0,1,,Signed,NHL,0.013000000000000001,UFA,1100000,0,0,0,0,0,8476932.0
LAK,Andreas Englund,LD,27.0,2,,Signed,NHL,0.012,UFA,1000000,1000000,0,0,0,0,8477971.0
LAK,Cam Talbot,G,36.0,1,35+NTC,Signed,NHL,0.012,UFA,1000000,0,0,0,0,0,8475660.0
LAK,Pheonix Copley,G,31.0,1,,Signed,NHL,0.018000000000000002,UFA,1500000,0,0,0,0,0,8477831.0
LAK,Tobias Bjornfot,LD,22.0,2,,Draft,NHL,0.009000000000000001,RFA,775000,775000,0,0,0,0,8481600.0
LAK,Brandt Clarke,RD,20.0,3,ELC,Draft,NHL,0.01,RFA,863333,863333,863333,0,0,0,8482730.0
LAK,Matt Roy,RD,28.0,1,,Draft,NHL,0.038,UFA,3150000,0,0,0,0,0,8478911.0
LAK,Blake Lizotte,C,25.0,1,,Signed,NHL,0.02,RFA,1675000,0,0,0,0,0,8481481.0
LAK,Vladislav Gavrikov,LD,27.0,2,NMC,Trade,NHL,0.07,UFA,5875000,5875000,0,0,0,0,8478882.0
LAK,Drew Doughty,RD,33.0,4,M-NTC,Draft,NHL,0.132,UFA,11000000,11000000,11000000,11000000,0,0,8474563.0
LAK,Trevor Lewis,"RW, C",36.0,1,35+,Signed,NHL,0.009000000000000001,UFA,775000,0,0,0,0,0,8473453.0
LAK,Alex Turcotte,C,22.0,1,ELC,Draft,NHL,0.011000000000000001,RFA,894167,0,0,0,0,0,8481532.0
LAK,Quinton Byfield,"C, LW",21.0,1,ELC,Draft,NHL,0.011000000000000001,RFA,894167,0,0,0,0,0,8482124.0
LAK,Carl Grundstrom,"LW, RW",25.0,1,,Trade,NHL,0.016,RFA,1300000,0,0,0,0,0,8479336.0
LAK,Trevor Moore,"LW, RW",28.0,5,M-NTC,Trade,NHL,0.05,UFA,4200000,4200000,4200000,4200000,4200000,0,8479675.0
LAK,Adrian Kempe,"LW, RW",27.0,3,,Draft,NHL,0.066,UFA,5500000,5500000,5500000,0,0,0,8477960.0
LAK,Michael Anderson,LD,24.0,8,,Draft,NHL,0.049,UFA,4125000,4125000,4125000,4125000,4125000,4125000,8479998.0
LAK,Pierre-Luc Dubois,C,25.0,8,,Trade,NHL,0.102,UFA,8500000,8500000,8500000,8500000,8500000,8500000,8479400.0
LAK,Anze Kopitar,C,36.0,3,NMC,Draft,NHL,0.12,UFA,10000000,7000000,7000000,0,0,0,8471685.0
LAK,Phillip Danault,C,30.0,4,NMC,Signed,NHL,0.066,UFA,5500000,5500000,5500000,5500000,0,0,8476479.0
LAK,Kevin Fiala,"RW, LW",27.0,6,NMC,Trade,NHL,0.094,UFA,7875000,7875000,7875000,7875000,7875000,7875000,8477942.0
MIN,Kirill Kaprizov,LW,26.0,3,,Draft,NHL,0.10800000000000001,UFA,9000000,9000000,9000000,0,0,0,8478864.0
MIN,Marc-Andre Fleury,G,38.0,1,35+NMC,Trade,NHL,0.042,UFA,3500000,0,0,0,0,0,8470594.0
MIN,Dakota Mermis,LD/RD,29.0,1,,Signed,NHL,0.009000000000000001,UFA,775000,0,0,0,0,0,8477541.0
MIN,Matthew Boldy,"RW, LW",22.0,7,,Draft,NHL,0.084,UFA,7000000,7000000,7000000,7000000,7000000,7000000,8481557.0
MIN,Mats Zuccarello,"RW, LW",36.0,3,"M-NTC, NMC",Signed,NHL,0.07200000000000001,UFA,6000000,4125000,4125000,0,0,0,8475692.0
MIN,Joel Eriksson Ek,C,26.0,6,,Draft,NHL,0.063,UFA,5250000,5250000,5250000,5250000,5250000,5250000,8478493.0
MIN,Marcus Foligno,"RW, LW",32.0,5,NMC,Trade,NHL,0.037000000000000005,UFA,3100000,4000000,4000000,4000000,4000000,0,8475220.0
MIN,Frederick Gaudreau,"C, LW",30.0,5,M-NTC,Signed,NHL,0.025,UFA,2100000,2100000,2100000,2100000,2100000,0,8477919.0
MIN,Marcus Johansson,"LW, RW",33.0,2,NTC,Trade,NHL,0.024,UFA,2000000,2000000,0,0,0,0,8475149.0
MIN,Brandon Duhaime,"RW, LW",26.0,1,,Draft,NHL,0.013000000000000001,UFA,1100000,0,0,0,0,0,8479520.0
MIN,Marco Rossi,C,22.0,2,ELC,Draft,NHL,0.01,RFA,863333,863333,0,0,0,0,8482079.0
MIN,Connor Dewar,"LW, C",24.0,1,,Draft,NHL,0.01,RFA,800000,0,0,0,0,0,8480980.0
MIN,Patrick Maroon,"LW, RW",35.0,1,RSM-NTC,Trade,NHL,0.01,UFA,800000,0,0,0,0,0,8474034.0
MIN,Jared Spurgeon,RD,33.0,4,NMC,Signed,NHL,0.091,UFA,7575000,7575000,7575000,7575000,0,0,8474716.0
MIN,Jonas Brodin,LD,30.0,5,NMC,Draft,NHL,0.07200000000000001,UFA,6000000,6000000,6000000,6000000,6000000,0,8476463.0
MIN,Jacob Middleton,LD,27.0,2,,Trade,NHL,0.028999999999999998,UFA,2450000,2450000,0,0,0,0,8478136.0
MIN,Alex Goligoski,LD/RD,38.0,1,35+NMC,Signed,NHL,0.024,UFA,2000000,0,0,0,0,0,8471274.0
MIN,Jon Merrill,LD,31.0,2,,Signed,NHL,0.013999999999999999,UFA,1200000,1200000,0,0,0,0,8475750.0
MIN,Brock Faber,RD,21.0,2,ELC,Trade,NHL,0.011000000000000001,RFA,925000,925000,0,0,0,0,8482122.0
MIN,Calen Addison,RD,23.0,1,,Trade,NHL,0.01,RFA,825000,0,0,0,0,0,8480884.0
MIN,Filip Gustavsson,G,25.0,3,,Trade,NHL,0.045,UFA,3750000,3750000,3750000,0,0,0,8479406.0
MIN,Ryan Hartman,"C, RW",29.0,4,NMC,Trade,NHL,0.02,UFA,1700000,4000000,4000000,4000000,0,0,8477451.0
MTL,Johnathan Kovacevic,RD,26.0,2,,Waivers claim,NHL,0.009000000000000001,UFA,766667,766667,0,0,0,0,8480192.0
MTL,Jake Allen,G,33.0,2,M-NTC,Trade,NHL,0.046,UFA,3850000,3850000,0,0,0,0,8474596.0
MTL,Samuel Montembeault,G,26.0,1,,Waivers claim,NHL,0.012,UFA,1000000,0,0,0,0,0,8478470.0
MTL,Cayden Primeau,G,24.0,2,,Draft,NHL,0.011000000000000001,RFA,890000,890000,0,0,0,0,8480051.0
MTL,Chris Wideman,RD,33.0,1,,Signed,IR,0.009000000000000001,UFA,762500,0,0,0,0,0,8475227.0
MTL,Arber Xhekaj,LD/RD,22.0,1,ELC,Signed,NHL,0.01,RFA,828333,0,0,0,0,0,8482964.0
MTL,Kaiden Guhle,LD,21.0,2,ELC,Draft,NHL,0.01,RFA,863333,863333,0,0,0,0,8482087.0
MTL,Justin Barron,RD,21.0,1,ELC,Trade,NHL,0.011000000000000001,RFA,925000,0,0,0,0,0,8482111.0
MTL,Jordan Harris,LD/RD,23.0,2,,Draft,NHL,0.017,RFA,1400000,1400000,0,0,0,0,8480887.0
MTL,Nick Suzuki,C,24.0,7,,Trade,NHL,0.094,UFA,7875000,7875000,7875000,7875000,7875000,7875000,8480018.0
MTL,Cole Caufield,"LW, RW",22.0,8,,Draft,NHL,0.094,UFA,7850000,7850000,7850000,7850000,7850000,7850000,8481540.0
MTL,Brendan Gallagher,RW,31.0,4,"M-NTC, NMC",Draft,NHL,0.078,UFA,6500000,6500000,6500000,6500000,0,0,8475848.0
MTL,Josh Anderson,"RW, LW",29.0,4,M-NTC,Trade,NHL,0.066,UFA,5500000,5500000,5500000,5500000,0,0,8476981.0
MTL,Kirby Dach,"C, RW",22.0,3,,Trade,NHL,0.04,RFA,3362500,3362500,3362500,0,0,0,8481523.0
MTL,Tanner Pearson,LW,31.0,1,,Trade,NHL,0.039,UFA,3250000,0,0,0,0,0,8476871.0
MTL,Alex Newhook,"C, LW",22.0,4,,Trade,NHL,0.035,RFA,2900000,2900000,2900000,2900000,0,0,8481618.0
MTL,Sean Monahan,"C, LW, RW",29.0,1,,Trade,NHL,0.024,UFA,1985000,0,0,0,0,0,8477497.0
MTL,Jake Evans,C,27.0,2,,Draft,NHL,0.02,UFA,1700000,1700000,0,0,0,0,8478133.0
MTL,Rafael Harvey-Pinard,LW,24.0,2,,Draft,NHL,0.013000000000000001,RFA,1100000,1100000,0,0,0,0,8481093.0
MTL,Juraj Slafkovsky,"LW, RW",19.0,2,ELC,Draft,NHL,0.011000000000000001,RFA,950000,950000,0,0,0,0,8483515.0
MTL,Michael Pezzetta,"LW, RW",25.0,2,,Draft,NHL,0.01,UFA,812500,812500,0,0,0,0,8479543.0
MTL,Jesse Ylonen,"RW, LW",24.0,1,,Draft,NHL,0.009000000000000001,RFA,775000,0,0,0,0,0,8481058.0
MTL,Michael Matheson,LD,29.0,3,M-NTC,Trade,NHL,0.057999999999999996,UFA,4875000,4875000,4875000,0,0,0,8476875.0
MTL,David Savard,RD,32.0,2,,Signed,NHL,0.042,UFA,3500000,3500000,0,0,0,0,8475233.0
NJD,Luke Hughes,LD/RD,20.0,2,ELC,Draft,NHL,0.011000000000000001,RFA,925000,925000,0,0,0,0,8482684.0
NJD,Vitek Vanecek,G,27.0,2,,Trade,NHL,0.040999999999999995,UFA,3400000,3400000,0,0,0,0,8477970.0
NJD,Akira Schmid,G,23.0,1,ELC,Draft,NHL,0.01,RFA,850833,0,0,0,0,0,8481033.0
NJD,Kevin Bahl,LD,23.0,2,,Trade,NHL,0.013000000000000001,RFA,1050000,1050000,0,0,0,0,8480860.0
NJD,Jonas Siegenthaler,LD,26.0,5,,Trade,NHL,0.040999999999999995,UFA,3400000,3400000,3400000,3400000,3400000,0,8478399.0
NJD,Colin Miller,RD,30.0,1,,Trade,NHL,0.022000000000000002,UFA,1850000,0,0,0,0,0,8476525.0
NJD,Timo Meier,"LW, RW",27.0,8,,Trade,NHL,0.105,UFA,8800000,8800000,8800000,8800000,8800000,8800000,8478414.0
NJD,Jack Hughes,"C, LW",22.0,7,,Draft,NHL,0.096,UFA,8000000,8000000,8000000,8000000,8000000,8000000,8481559.0
NJD,Jesper Bratt,"RW, LW",25.0,8,,Draft,NHL,0.094,UFA,7875000,7875000,7875000,7875000,7875000,7875000,8479407.0
NJD,Nico Hischier,C,24.0,4,,Draft,NHL,0.087,UFA,7250000,7250000,7250000,7250000,0,0,8480002.0
NJD,Ondrej Palat,"LW, RW",32.0,4,NMC,Signed,NHL,0.07200000000000001,UFA,6000000,6000000,6000000,6000000,0,0,8476292.0
NJD,Tyler Toffoli,"RW, LW",31.0,1,,Trade,NHL,0.051,UFA,4250000,0,0,0,0,0,8475726.0
NJD,Erik Haula,"LW, C",32.0,3,NTC,Trade,NHL,0.038,UFA,3150000,3150000,3150000,0,0,0,8475287.0
NJD,Michael McLeod,C,25.0,1,,Signed,NHL,0.017,RFA,1400000,0,0,0,0,0,8479415.0
NJD,Nathan Bastian,"RW, C",25.0,2,,Signed,NHL,0.016,UFA,1350000,1350000,0,0,0,0,8479414.0
NJD,Curtis Lazar,"RW, C",28.0,2,,Trade,NHL,0.012,UFA,1000000,1000000,0,0,0,0,8477508.0
NJD,Tomas Nosek,"LW, C",31.0,1,,Signed,NHL,0.012,UFA,1000000,0,0,0,0,0,8477931.0
NJD,Alexander Holtz,"RW, LW",21.0,2,ELC,Draft,NHL,0.011000000000000001,RFA,894167,894167,0,0,0,0,8482125.0
NJD,Dawson Mercer,"RW, C",21.0,1,ELC,Draft,NHL,0.011000000000000001,RFA,894167,0,0,0,0,0,8482110.0
NJD,Chris Tierney,C,29.0,1,,Signed,NHL,0.009000000000000001,UFA,775000,0,0,0,0,0,8476919.0
NJD,Dougie Hamilton,RD,30.0,5,NMC,Signed,NHL,0.10800000000000001,UFA,9000000,9000000,9000000,9000000,9000000,0,8476462.0
NJD,John Marino,RD,26.0,4,,Trade,NHL,0.053,UFA,4400000,4400000,4400000,4400000,0,0,8478507.0
NJD,Brendan Smith,LD/RD,34.0,1,,Signed,NHL,0.013000000000000001,UFA,1100000,0,0,0,0,0,8474090.0
NSH,Philip Tomasino,"LW, RW",22.0,1,ELC,Draft,NHL,0.01,RFA,863333,0,0,0,0,0,8481577.0
NSH,Kevin Lankinen,G,28.0,1,,Signed,NHL,0.024,UFA,2000000,0,0,0,0,0,8480947.0
NSH,Juuse Saros,G,28.0,2,,Draft,NHL,0.06,UFA,5000000,5000000,0,0,0,0,8477424.0
NSH,Jeremy Lauzon,LD/RD,26.0,3,,Trade,NHL,0.024,UFA,2000000,2000000,2000000,0,0,0,8478468.0
NSH,Dante Fabbro,RD,25.0,1,,Draft,NHL,0.03,RFA,2500000,0,0,0,0,0,8479371.0
NSH,Alexandre Carrier,RD,27.0,1,,Draft,NHL,0.03,UFA,2500000,0,0,0,0,0,8478851.0
NSH,Luke Schenn,RD,33.0,3,,Signed,NHL,0.033,UFA,2750000,2750000,2750000,0,0,0,8474568.0
NSH,Tyson Barrie,RD,32.0,1,,Trade,NHL,0.054000000000000006,UFA,4500000,0,0,0,0,0,8475197.0
NSH,Ryan McDonagh,LD,34.0,3,NTC,Trade,NHL,0.081,UFA,6750000,6750000,6750000,0,0,0,8474151.0
NSH,Roman Josi,LD,33.0,5,NMC,Draft,NHL,0.10800000000000001,UFA,9059000,9059000,9059000,9059000,9059000,0,8474600.0
NSH,Cole Smith,"RW, LW",27.0,1,,Signed,NHL,0.009000000000000001,UFA,775000,0,0,0,0,0,8482062.0
NSH,Kiefer Sherwood,"LW, RW",28.0,1,,Signed,NHL,0.009000000000000001,UFA,775000,0,0,0,0,0,8480748.0
NSH,Michael McCarron,"RW, C",28.0,1,,Signed,NHL,0.009000000000000001,UFA,775000,0,0,0,0,0,8477446.0
NSH,Samuel Fagemo,"LW, RW",23.0,1,,Waivers claim,NHL,0.009000000000000001,RFA,775000,0,0,0,0,0,8481239.0
NSH,Luke Evangelista,RW,21.0,2,ELC,Draft,NHL,0.01,RFA,797500,797500,0,0,0,0,8482146.0
NSH,Thomas Novak,C,26.0,1,,Draft,NHL,0.01,UFA,800000,0,0,0,0,0,8478438.0
NSH,Filip Forsberg,LW,29.0,7,NMC,Trade,NHL,0.102,UFA,8500000,8500000,8500000,8500000,8500000,8500000,8476887.0
NSH,Ryan O'Reilly,C,32.0,4,,Signed,NHL,0.054000000000000006,UFA,4500000,4500000,4500000,4500000,0,0,8475158.0
NSH,Gustav Nyquist,"LW, RW",34.0,2,,Signed,NHL,0.038,UFA,3185000,3185000,0,0,0,0,8474679.0
NSH,Colton Sissons,"C, RW",29.0,3,,Draft,NHL,0.034,UFA,2857143,2857143,2857143,0,0,0,8476925.0
NSH,Cody Glass,C,24.0,2,,Trade,NHL,0.03,RFA,2500000,2500000,0,0,0,0,8479996.0
NSH,Yakov Trenin,"LW, C",26.0,1,,Draft,NHL,0.02,UFA,1700000,0,0,0,0,0,8478508.0
NSH,Juuso Parssinen,C,22.0,1,ELC,Draft,NHL,0.01,RFA,850833,0,0,0,0,0,8481704.0
NYI,Mathew Barzal,"C, RW",26.0,8,,Draft,NHL,0.11,UFA,9150000,9150000,9150000,9150000,9150000,9150000,8478445.0
NYI,Anders Lee,"LW, C",33.0,3,NTC,Signed,NHL,0.084,UFA,7000000,7000000,7000000,0,0,0,8475314.0
NYI,Bo Horvat,C,28.0,8,NTC,Trade,NHL,0.102,UFA,8500000,8500000,8500000,8500000,8500000,8500000,8477500.0
NYI,Adam Pelech,LD,29.0,6,NTC,Draft,NHL,0.069,UFA,5750000,5750000,5750000,5750000,5750000,5750000,8476917.0
NYI,Ryan Pulock,RD,29.0,7,NTC,Draft,NHL,0.07400000000000001,UFA,6150000,6150000,6150000,6150000,6150000,6150000,8477506.0
NYI,Hudson Fasching,RW,28.0,2,,Signed,NHL,0.009000000000000001,UFA,775000,775000,0,0,0,0,8477392.0
NYI,Julien Gauthier,RW,25.0,2,,Signed,NHL,0.009000000000000001,UFA,787500,787500,0,0,0,0,8479328.0
NYI,Simon Holmstrom,RW,22.0,1,ELC,Draft,NHL,0.01,RFA,863333,0,0,0,0,0,8481601.0
NYI,Oliver Wahlstrom,RW,23.0,1,,Draft,NHL,0.01,RFA,874125,0,0,0,0,0,8480789.0
NYI,Matt Martin,"LW, RW",34.0,1,,Signed,NHL,0.018000000000000002,UFA,1500000,0,0,0,0,0,8474709.0
NYI,Cal Clutterbuck,RW,35.0,1,,Trade,NHL,0.021,UFA,1750000,0,0,0,0,0,8473504.0
NYI,Casey Cizikas,C,32.0,4,,Signed,NHL,0.03,UFA,2500000,2500000,2500000,2500000,0,0,8475231.0
NYI,Pierre Engvall,"RW, LW",27.0,7,M-NTC,Signed,NHL,0.036000000000000004,UFA,3000000,3000000,3000000,3000000,3000000,3000000,8478115.0
NYI,Kyle Palmieri,"RW, LW",32.0,2,M-NTC,Signed,NHL,0.06,UFA,5000000,5000000,0,0,0,0,8475151.0
NYI,Jean-Gabriel Pageau,C,30.0,3,M-NTC,Trade,NHL,0.06,UFA,5000000,5000000,5000000,0,0,0,8476419.0
NYI,Noah Dobson,RD,23.0,2,,Draft,NHL,0.048,RFA,4000000,4000000,0,0,0,0,8480865.0
NYI,Scott Mayfield,RD,30.0,7,NTC,Signed,NHL,0.042,UFA,3500000,3500000,3500000,3500000,3500000,3500000,8476429.0
NYI,Alexander Romanov,LD,23.0,2,,Trade,NHL,0.03,RFA,2500000,2500000,0,0,0,0,8481014.0
NYI,Sebastian Aho,LD,27.0,1,,Draft,NHL,0.01,UFA,825000,0,0,0,0,0,8480222.0
NYI,Samuel Bolduc,LD,22.0,2,,Draft,NHL,0.01,RFA,800000,800000,0,0,0,0,8481541.0
NYI,Ilya Sorokin,G,28.0,9,,Draft,NHL,0.048,UFA,4000000,8250000,8250000,8250000,8250000,8250000,8478009.0
NYI,Semyon Varlamov,G,35.0,4,35+NTC,Signed,NHL,0.033,UFA,2750000,2750000,2750000,2750000,0,0,8473575.0
NYI,Brock Nelson,"C, LW",31.0,2,M-NTC,Draft,NHL,0.07200000000000001,UFA,6000000,6000000,0,0,0,0,8475754.0
NYR,Chris Kreider,LW,32.0,4,NMC,Draft,NHL,0.078,UFA,6500000,6500000,6500000,6500000,0,0,8475184.0
NYR,Artemi Panarin,LW,31.0,3,NMC,Signed,NHL,0.139,UFA,11642857,11642857,11642857,0,0,0,8478550.0
NYR,Mika Zibanejad,C,30.0,7,NMC,Trade,NHL,0.102,UFA,8500000,8500000,8500000,8500000,8500000,8500000,8476459.0
NYR,Vincent Trocheck,"C, RW",30.0,6,NMC,Signed,NHL,0.067,UFA,5625000,5625000,5625000,5625000,5625000,5625000,8476389.0
NYR,Alexis Lafreniere,"LW, RW",22.0,2,,Draft,NHL,0.027999999999999997,RFA,2325000,2325000,0,0,0,0,8482109.0
NYR,Barclay Goodrow,"C, LW",30.0,4,M-NTC,Trade,NHL,0.044000000000000004,UFA,3641667,3641667,3641667,3641667,0,0,8476624.0
NYR,Filip Chytil,"C, LW",24.0,4,,Draft,NHL,0.053,UFA,4437500,4437500,4437500,4437500,0,0,8480078.0
NYR,Kaapo Kakko,RW,22.0,1,,Draft,NHL,0.025,RFA,2100000,0,0,0,0,0,8481554.0
NYR,Will Cuylle,LW,21.0,2,ELC,Draft,NHL,0.01,RFA,828333,828333,0,0,0,0,8482157.0
NYR,Blake Wheeler,"RW, C",37.0,1,35+NTC,Signed,NHL,0.01,UFA,800000,0,0,0,0,0,8471218.0
NYR,Nick Bonino,"C, LW",35.0,1,35+,Signed,NHL,0.01,UFA,800000,0,0,0,0,0,8474009.0
NYR,Jimmy Vesey,"RW, LW",30.0,2,,Signed,NHL,0.01,UFA,800000,800000,0,0,0,0,8476918.0
NYR,Tyler Pitlick,RW,31.0,1,,Signed,NHL,0.009000000000000001,UFA,787500,0,0,0,0,0,8475752.0
NYR,Adam Fox,RD,25.0,6,,Trade,NHL,0.114,UFA,9500000,9500000,9500000,9500000,9500000,9500000,8479323.0
NYR,Jacob Trouba,RD,29.0,3,NMC,Trade,NHL,0.096,UFA,8000000,8000000,8000000,0,0,0,8476885.0
NYR,Zachary Jones,LD,22.0,2,,Draft,NHL,0.01,RFA,812500,812500,0,0,0,0,8481708.0
NYR,Ryan Lindgren,LD,25.0,1,,Trade,NHL,0.036000000000000004,RFA,3000000,0,0,0,0,0,8479324.0
NYR,Braden Schneider,RD,22.0,1,ELC,Draft,NHL,0.011000000000000001,RFA,925000,0,0,0,0,0,8482073.0
NYR,Erik Gustafsson,LD,31.0,1,,Signed,NHL,0.01,UFA,825000,0,0,0,0,0,8476979.0
NYR,Igor Shesterkin,G,27.0,2,M-NTC,Draft,NHL,0.068,UFA,5666667,5666667,0,0,0,0,8478048.0
NYR,Jonathan Quick,G,37.0,1,35+M-NTC,Signed,NHL,0.01,UFA,825000,0,0,0,0,0,8471734.0
NYR,K'Andre Miller,LD,23.0,2,,Draft,NHL,0.046,RFA,3872000,3872000,0,0,0,0,8480817.0
OTT,Joshua Norris,C,24.0,7,,Trade,IR,0.095,UFA,7950000,7950000,7950000,7950000,7950000,7950000,8480064.0
OTT,Anton Forsberg,G,30.0,2,,Waivers claim,NHL,0.033,UFA,2750000,2750000,0,0,0,0,8476341.0
OTT,Brady Tkachuk,LW,24.0,5,,Draft,NHL,0.098,UFA,8205714,8205714,8205714,8205714,8205714,0,8480801.0
OTT,Claude Giroux,"RW, C",35.0,2,NMC,Signed,NHL,0.078,UFA,6500000,6500000,0,0,0,0,8473512.0
OTT,Vladimir Tarasenko,RW,31.0,1,NTC,Signed,NHL,0.06,UFA,5000000,0,0,0,0,0,8475765.0
OTT,Drake Batherson,RW,25.0,4,,Draft,NHL,0.06,UFA,4975000,4975000,4975000,4975000,0,0,8480208.0
OTT,Mathieu Joseph,"LW, RW",26.0,3,,Trade,NHL,0.035,UFA,2950000,2950000,2950000,0,0,0,8478472.0
OTT,Dominik Kubalik,"LW, RW",28.0,1,,Trade,NHL,0.03,UFA,2500000,0,0,0,0,0,8477330.0
OTT,Ridly Greig,"C, LW",21.0,2,ELC,Draft,NHL,0.01,RFA,863333,863333,0,0,0,0,8482092.0
OTT,Mark Kastelic,C,24.0,2,,Draft,NHL,0.01,RFA,835000,835000,0,0,0,0,8480355.0
OTT,Rourke Chartier,C,27.0,1,,Signed,NHL,0.009000000000000001,UFA,775000,0,0,0,0,0,8478078.0
OTT,Zack MacEwen,"RW, C",27.0,3,,Signed,NHL,0.009000000000000001,UFA,775000,775000,775000,0,0,0,8479772.0
OTT,Parker Kelly,"C, LW",24.0,1,,Signed,NHL,0.009000000000000001,RFA,762500,0,0,0,0,0,8480448.0
OTT,Tim Stutzle,C,21.0,8,,Draft,NHL,0.1,UFA,8350000,8350000,8350000,8350000,8350000,8350000,8482116.0
OTT,Shane Pinto,C,22.0,0,,Draft,NHL,,10.2(c),0,0,0,0,0,0,8481596.0
OTT,Jakob Chychrun,LD/RD,25.0,2,M-NTC,Trade,NHL,0.055,UFA,4600000,4600000,0,0,0,0,8479345.0
OTT,Artem Zub,RD,28.0,4,M-NTC,Signed,NHL,0.055,UFA,4600000,4600000,4600000,4600000,0,0,8482245.0
OTT,Erik Brannstrom,LD/RD,24.0,1,,Trade,NHL,0.024,RFA,2000000,0,0,0,0,0,8480073.0
OTT,Travis Hamonic,RD,33.0,2,NMC,Signed,NHL,0.013000000000000001,UFA,1100000,1100000,0,0,0,0,8474612.0
OTT,Jake Sanderson,LD,21.0,9,ELC,Draft,NHL,0.011000000000000001,UFA,925000,8050000,8050000,8050000,8050000,8050000,8482105.0
OTT,Joonas Korpisalo,G,29.0,5,M-NTC,Signed,NHL,0.048,UFA,4000000,4000000,4000000,4000000,4000000,0,8476914.0
OTT,Thomas Chabot,LD,26.0,5,,Draft,NHL,0.096,UFA,8000000,8000000,8000000,8000000,8000000,0,8478469.0
PHI,Garnet Hathaway,"RW, LW",31.0,2,,Signed,NHL,0.027999999999999997,UFA,2375000,2375000,0,0,0,0,8477903.0
PHI,Rasmus Ristolainen,RD,28.0,4,,Trade,IR,0.061,UFA,5100000,5100000,5100000,5100000,0,0,8477499.0
PHI,Ryan Ellis,RD,32.0,4,,Trade,IR,0.075,UFA,6250000,6250000,6250000,6250000,0,0,8475176.0
PHI,Felix Sandstrom,G,26.0,1,,Draft,NHL,0.009000000000000001,UFA,775000,0,0,0,0,0,8478433.0
PHI,Samuel Ersson,G,23.0,3,ELC,Draft,NHL,0.01,RFA,859167,1450000,1450000,0,0,0,8481035.0
PHI,Carter Hart,G,25.0,1,,Draft,NHL,0.048,RFA,3979000,0,0,0,0,0,8479394.0
PHI,Nick Seeler,LD/RD,30.0,1,,Signed,NHL,0.009000000000000001,UFA,775000,0,0,0,0,0,8476372.0
PHI,Emil Andrae,LD,21.0,3,ELC,Draft,NHL,0.011000000000000001,RFA,903333,903333,903333,0,0,0,
PHI,Marc Staal,LD,36.0,1,35+,Signed,NHL,0.013000000000000001,UFA,1100000,0,0,0,0,0,8471686.0
PHI,Cam York,LD/RD,22.0,2,,Draft,NHL,0.019,RFA,1600000,1600000,0,0,0,0,8481546.0
PHI,Sean Walker,LD/RD,28.0,1,,Trade,NHL,0.032,UFA,2650000,0,0,0,0,0,8480336.0
PHI,Travis Sanheim,LD,27.0,8,NTC,Draft,NHL,0.075,UFA,6250000,6250000,6250000,6250000,6250000,6250000,8477948.0
PHI,Bobby Brink,RW,22.0,1,ELC,Draft,NHL,0.011000000000000001,RFA,925000,0,0,0,0,0,8481553.0
PHI,Ryan Poehling,"LW, C",24.0,1,,Signed,NHL,0.017,RFA,1400000,0,0,0,0,0,8480068.0
PHI,Owen Tippett,RW,24.0,1,,Trade,NHL,0.018000000000000002,RFA,1500000,0,0,0,0,0,8480015.0
PHI,Nicolas Deslauriers,"LW, RW",32.0,3,M-NTC,Signed,NHL,0.021,UFA,1750000,1750000,1750000,0,0,0,8475235.0
PHI,Morgan Frost,C,24.0,2,,Draft,NHL,0.025,RFA,2100000,2100000,0,0,0,0,8480028.0
PHI,Noah Cates,"C, LW",24.0,2,,Draft,NHL,0.031,RFA,2625000,2625000,0,0,0,0,8480220.0
PHI,Scott Laughton,"LW, C",29.0,3,,Draft,NHL,0.036000000000000004,UFA,3000000,3000000,3000000,0,0,0,8476872.0
PHI,Joel Farabee,"LW, RW",23.0,5,,Draft,NHL,0.06,UFA,5000000,5000000,5000000,5000000,5000000,0,8480797.0
PHI,Travis Konecny,"RW, LW",26.0,2,,Draft,NHL,0.066,UFA,5500000,5500000,0,0,0,0,8478439.0
PHI,Cam Atkinson,"RW, LW",34.0,2,M-NTC,Trade,NHL,0.07,UFA,5875000,5875000,0,0,0,0,8474715.0
PHI,Sean Couturier,C,30.0,7,NMC,Draft,NHL,0.09300000000000001,UFA,7750000,7750000,7750000,7750000,7750000,7750000,8476461.0
PHI,Tyson Foerster,"RW, C",21.0,2,ELC,Draft,NHL,0.01,RFA,863333,863333,0,0,0,0,8482159.0
PHI,Yegor Zamula,LD/RD,23.0,1,,Signed,NHL,0.009000000000000001,RFA,775000,0,0,0,0,0,8481178.0
PIT,Jake Guentzel,"LW, RW",29.0,1,M-NTC,Draft,NHL,0.07200000000000001,UFA,6000000,0,0,0,0,0,8477404.0
PIT,Bryan Rust,"RW, LW",31.0,5,NMC,Draft,NHL,0.061,UFA,5125000,5125000,5125000,5125000,5125000,0,8475810.0
PIT,Rickard Rakell,"RW, LW",30.0,5,M-NTC,Trade,NHL,0.06,UFA,5000000,5000000,5000000,5000000,5000000,0,8476483.0
PIT,Lars Eller,C,34.0,2,,Signed,NHL,0.028999999999999998,UFA,2450000,2450000,0,0,0,0,8474189.0
PIT,Jeff Carter,"C, RW",38.0,1,35+NMC,Trade,NHL,0.037000000000000005,UFA,3125000,0,0,0,0,0,8470604.0
PIT,Evgeni Malkin,C,37.0,3,35+NMC,Draft,NHL,0.073,UFA,6100000,6100000,6100000,0,0,0,8471215.0
PIT,Noel Acciari,"C, RW",31.0,3,M-NTC,Signed,NHL,0.024,UFA,2000000,2000000,2000000,0,0,0,8478569.0
PIT,Drew O'Connor,LW,25.0,2,,Signed,NHL,0.011000000000000001,UFA,925000,925000,0,0,0,0,8482055.0
PIT,Reilly Smith,"LW, RW",32.0,2,M-NTC,Trade,NHL,0.06,UFA,5000000,5000000,0,0,0,0,8475191.0
PIT,Sidney Crosby,C,36.0,2,NMC,Draft,NHL,0.10400000000000001,UFA,8700000,8700000,0,0,0,0,8471675.0
PIT,Matt Nieto,"LW, RW",30.0,2,,Signed,NHL,0.011000000000000001,UFA,900000,900000,0,0,0,0,8476442.0
PIT,Jansen Harkins,"LW, C",26.0,1,,Waivers claim,NHL,0.01,UFA,850000,0,0,0,0,0,8478424.0
PIT,Pierre-Olivier Joseph,LD,24.0,1,,Trade,NHL,0.01,RFA,825000,0,0,0,0,0,8480058.0
PIT,Kris Letang,RD,36.0,5,35+NMC,Draft,NHL,0.073,UFA,6100000,6100000,6100000,6100000,6100000,0,8471724.0
PIT,Alex Nedeljkovic,G,27.0,1,,Signed,NHL,0.018000000000000002,UFA,1500000,0,0,0,0,0,8477968.0
PIT,Tristan Jarry,G,28.0,5,M-NTC,Signed,NHL,0.064,UFA,5375000,5375000,5375000,5375000,5375000,0,8477465.0
PIT,Ryan Shea,LD,26.0,1,,Signed,NHL,0.009000000000000001,UFA,775000,0,0,0,0,0,
PIT,John Ludvig,LD,23.0,2,,Waivers claim,NHL,0.009000000000000001,RFA,775000,775000,0,0,0,0,
PIT,Chad Ruhwedel,RD,33.0,1,,Signed,NHL,0.01,UFA,800000,0,0,0,0,0,8477244.0
PIT,Marcus Pettersson,LD,27.0,2,M-NTC,Trade,NHL,0.048,UFA,4025175,4025175,0,0,0,0,8477969.0
PIT,Ryan Graves,LD,28.0,6,M-NTC,Signed,NHL,0.054000000000000006,UFA,4500000,4500000,4500000,4500000,4500000,4500000,8477435.0
PIT,Erik Karlsson,RD,33.0,4,RSNMC,Trade,NHL,0.12,UFA,10000000,10000000,10000000,10000000,0,0,8474578.0
SEA,Joey Daccord,G,27.0,2,,Expansion,NHL,0.013999999999999999,UFA,1200000,1200000,0,0,0,0,8478916.0
SEA,Philipp Grubauer,G,31.0,4,NTC,Signed,NHL,0.071,UFA,5900000,5900000,5900000,5900000,0,0,8475831.0
SEA,Jaycob Megna,LD,30.0,1,,Trade,NHL,0.009000000000000001,UFA,762500,0,0,0,0,0,8477034.0
SEA,William Borgen,RD,26.0,2,,Expansion,NHL,0.032,UFA,2700000,2700000,0,0,0,0,8478840.0
SEA,Justin Schultz,RD,33.0,1,M-NTC,Signed,NHL,0.036000000000000004,UFA,3000000,0,0,0,0,0,8474602.0
SEA,Brian Dumoulin,LD,32.0,2,M-NTC,Signed,NHL,0.038,UFA,3150000,3150000,0,0,0,0,8475208.0
SEA,Adam Larsson,RD,30.0,2,M-NTC,Expansion,NHL,0.048,UFA,4000000,4000000,0,0,0,0,8476457.0
SEA,Jamie Oleksiak,LD/RD,30.0,3,NTC,Expansion,NHL,0.055,UFA,4600000,4600000,4600000,0,0,0,8476467.0
SEA,Vince Dunn,LD/RD,26.0,4,,Expansion,NHL,0.08800000000000001,UFA,7350000,7350000,7350000,7350000,0,0,8478407.0
SEA,Pierre-Edouard Bellemare,"C, LW",38.0,1,35+,Signed,NHL,0.009000000000000001,UFA,775000,0,0,0,0,0,8477930.0
SEA,Tye Kartye,LW,22.0,2,ELC,Signed,NHL,0.01,RFA,859167,859167,0,0,0,0,
SEA,Eeli Tolvanen,"LW, RW",24.0,1,,Waivers claim,NHL,0.017,RFA,1450000,0,0,0,0,0,8480009.0
SEA,Kailer Yamamoto,RW,25.0,1,,Signed,NHL,0.018000000000000002,RFA,1500000,0,0,0,0,0,8479977.0
SEA,Brandon Tanev,"LW, RW",31.0,2,M-NTC,Expansion,NHL,0.042,UFA,3500000,3500000,0,0,0,0,8479293.0
SEA,Alexander Wennberg,C,29.0,1,M-NTC,Signed,NHL,0.054000000000000006,UFA,4500000,0,0,0,0,0,8477505.0
SEA,Jared McCann,"LW, C",27.0,4,M-NTC,Expansion,NHL,0.06,UFA,5000000,5000000,5000000,5000000,0,0,8477955.0
SEA,Yanni Gourde,"C, LW, RW",31.0,2,M-NTC,Expansion,NHL,0.062,UFA,5166666,5166666,0,0,0,0,8476826.0
SEA,Oliver Bjorkstrand,"RW, LW",28.0,3,M-NTC,Trade,NHL,0.065,UFA,5400000,5400000,5400000,0,0,0,8477416.0
SEA,Jaden Schwartz,LW,31.0,3,NMC,Signed,NHL,0.066,UFA,5500000,5500000,5500000,0,0,0,8475768.0
SEA,Jordan Eberle,RW,33.0,1,M-NTC,Expansion,NHL,0.066,UFA,5500000,0,0,0,0,0,8474586.0
SEA,Andre Burakovsky,"RW, LW",28.0,4,M-NTC,Signed,NHL,0.066,UFA,5500000,5500000,5500000,5500000,0,0,8477444.0
SEA,Matthew Beniers,C,20.0,1,ELC,Draft,NHL,0.011000000000000001,RFA,897500,0,0,0,0,0,8482665.0
SJS,Logan Couture,C,34.0,4,M-NTC,Draft,IR,0.096,UFA,8000000,8000000,8000000,8000000,0,0,8474053.0
SJS,Thomas Bordeleau,C,21.0,1,ELC,Draft,NHL,0.011000000000000001,10.2(c),916667,0,0,0,0,0,8482133.0
SJS,William Eklund,"C, LW",21.0,3,ELC,Draft,NHL,0.01,RFA,863333,863333,863333,0,0,0,8482667.0
SJS,Givani Smith,"LW, RW",25.0,2,,Signed,NHL,0.01,UFA,800000,800000,0,0,0,0,8479379.0
SJS,Marc-Edouard Vlasic,LD/RD,36.0,3,M-NTC,Draft,NHL,0.084,UFA,7000000,7000000,7000000,0,0,0,8471709.0
SJS,Mario Ferraro,LD,25.0,3,,Draft,NHL,0.039,UFA,3250000,3250000,3250000,0,0,0,8479983.0
SJS,Jan Rutta,LD/RD,33.0,2,,Trade,NHL,0.033,UFA,2750000,2750000,0,0,0,0,8480172.0
SJS,Matthew Benning,RD,29.0,3,,Signed,NHL,0.015,UFA,1250000,1250000,1250000,0,0,0,8476988.0
SJS,Filip Zadina,"RW, LW",23.0,1,,Signed,NHL,0.013000000000000001,RFA,1100000,0,0,0,0,0,8480821.0
SJS,Nikolai Knyzhov,LD/RD,25.0,2,,Signed,NHL,0.015,UFA,1250000,1250000,0,0,0,0,8481812.0
SJS,Henry Thrun,LD,22.0,1,ELC,Trade,NHL,0.011000000000000001,10.2(c),912500,0,0,0,0,0,8481567.0
SJS,Ty Emberson,RD,23.0,1,,Waivers claim,NHL,0.009000000000000001,RFA,775000,0,0,0,0,0,
SJS,Kaapo Kahkonen,G,27.0,1,,Trade,NHL,0.033,UFA,2750000,0,0,0,0,0,8478039.0
SJS,Kyle Burroughs,LD/RD,28.0,3,,Signed,NHL,0.013000000000000001,UFA,1100000,1100000,1100000,0,0,0,8477335.0
SJS,Fabian Zetterlund,RW,24.0,2,,Trade,NHL,0.017,RFA,1450000,1450000,0,0,0,0,8480188.0
SJS,Alexander Barabanov,"RW, LW",29.0,1,M-NTC,Trade,NHL,0.03,UFA,2500000,0,0,0,0,0,8482222.0
SJS,Mackenzie Blackwood,G,26.0,2,,Signed,NHL,0.027999999999999997,UFA,2350000,2350000,0,0,0,0,8478406.0
SJS,Tomas Hertl,C,29.0,7,NMC,Draft,NHL,0.09699999999999999,UFA,8137500,8137500,8137500,8137500,8137500,8137500,8476881.0
SJS,Mikael Granlund,"C, RW",31.0,2,,Trade,NHL,0.06,UFA,5000000,5000000,0,0,0,0,8475798.0
SJS,Kevin Labanc,"RW, LW",27.0,1,,Draft,NHL,0.057,UFA,4725000,0,0,0,0,0,8478099.0
SJS,Mike Hoffman,LW,33.0,1,,Trade,NHL,0.054000000000000006,UFA,4500000,0,0,0,0,0,8474884.0
SJS,Anthony Duclair,"LW, RW",28.0,1,,Trade,NHL,0.036000000000000004,UFA,3000000,0,0,0,0,0,8477407.0
SJS,Luke Kunin,"RW, C",25.0,1,,Trade,NHL,0.033,RFA,2750000,0,0,0,0,0,8479316.0
SJS,Nico Sturm,C,28.0,2,,Signed,NHL,0.024,UFA,2000000,2000000,0,0,0,0,8481477.0
SJS,Radim Simek,LD/RD,31.0,1,,Signed,IR,0.027000000000000003,UFA,2250000,0,0,0,0,0,8480160.0
SJS,Jacob MacDonald,LD/RD,30.0,1,,Trade,IR,0.009000000000000001,UFA,762500,0,0,0,0,0,8479439.0
STL,Joel Hofer,G,23.0,2,,Draft,NHL,0.009000000000000001,RFA,775000,775000,0,0,0,0,8480981.0
STL,Jordan Binnington,G,30.0,4,NTC,Draft,NHL,0.07200000000000001,UFA,6000000,6000000,6000000,6000000,0,0,8476412.0
STL,Scott Perunovich,LD,25.0,1,,Draft,NHL,0.009000000000000001,RFA,775000,0,0,0,0,0,8481059.0
STL,Tyler Tucker,LD/RD,23.0,2,,Draft,NHL,0.01,RFA,800000,800000,0,0,0,0,8481006.0
STL,Robert Bortuzzo,RD,34.0,1,,Trade,NHL,0.011000000000000001,UFA,950000,0,0,0,0,0,8474145.0
STL,Nick Leddy,LD,32.0,3,NTC,Signed,NHL,0.048,UFA,4000000,4000000,4000000,0,0,0,8475181.0
STL,Jordan Kyrou,RW,25.0,8,,Draft,NHL,0.09699999999999999,UFA,8125000,8125000,8125000,8125000,8125000,8125000,8479385.0
STL,Marco Scandella,LD,33.0,1,M-NTC,Trade,NHL,0.039,UFA,3275000,0,0,0,0,0,8474618.0
STL,Robert Thomas,"C, RW",24.0,8,,Draft,NHL,0.09699999999999999,UFA,8125000,8125000,8125000,8125000,8125000,8125000,8480023.0
STL,Brayden Schenn,"C, LW",32.0,5,NTC,Trade,NHL,0.078,UFA,6500000,6500000,6500000,6500000,6500000,0,8475170.0
STL,Brandon Saad,"LW, RW",30.0,3,NTC,Signed,NHL,0.054000000000000006,UFA,4500000,4500000,4500000,0,0,0,8476438.0
STL,Kevin Hayes,C,31.0,3,RSM-NTC,Trade,NHL,0.043,UFA,3571429,3571429,3571429,0,0,0,8475763.0
STL,Kasperi Kapanen,RW,27.0,1,,Waivers claim,NHL,0.038,UFA,3200000,0,0,0,0,0,8477953.0
STL,Jakub Vrana,LW,27.0,1,RS,Trade,NHL,0.031,UFA,2625000,0,0,0,0,0,8477944.0
STL,Pavel Buchnevich,"LW, RW, C",28.0,2,M-NTC,Trade,NHL,0.069,UFA,5800000,5800000,0,0,0,0,8477402.0
STL,Samuel Blais,"LW, RW",27.0,1,,Trade,NHL,0.012,UFA,1000000,0,0,0,0,0,8478104.0
STL,Jake Neighbours,LW,21.0,2,ELC,Draft,NHL,0.01,RFA,835833,835833,0,0,0,0,8482089.0
STL,Nikita Alexandrov,C,23.0,1,ELC,Draft,NHL,0.01,RFA,816667,0,0,0,0,0,8481543.0
STL,Oskar Sundqvist,"RW, C",29.0,1,,Signed,NHL,0.009000000000000001,UFA,775000,0,0,0,0,0,8476897.0
STL,Justin Faulk,RD,31.0,4,NTC,Trade,NHL,0.078,UFA,6500000,6500000,6500000,6500000,0,0,8475753.0
STL,Colton Parayko,RD,30.0,7,NTC,Draft,NHL,0.078,UFA,6500000,6500000,6500000,6500000,6500000,6500000,8476892.0
STL,Alexey Toropchenko,"LW, RW",24.0,2,,Draft,NHL,0.015,RFA,1250000,1250000,0,0,0,0,8480281.0
STL,Torey Krug,LD,32.0,4,NTC,Signed,NHL,0.078,UFA,6500000,6500000,6500000,6500000,0,0,8476792.0
TBL,Tyler Motte,"LW, RW",28.0,1,,Signed,IR,0.01,UFA,800000,0,0,0,0,0,8477353.0
TBL,Nicholas Paul,"C, LW",28.0,6,NTC,Trade,NHL,0.038,UFA,3150000,3150000,3150000,3150000,3150000,3150000,8477426.0
TBL,Brandon Hagel,LW,25.0,9,,Trade,NHL,0.018000000000000002,UFA,1500000,6500000,6500000,6500000,6500000,6500000,8479542.0
TBL,Conor Sheary,"LW, RW",31.0,3,NTC,Signed,NHL,0.024,UFA,2000000,2000000,2000000,0,0,0,8477839.0
TBL,Tanner Jeannot,"RW, LW",26.0,2,,Trade,NHL,0.032,UFA,2665000,2665000,0,0,0,0,8479661.0
TBL,Jonas Johansson,G,28.0,2,,Signed,NHL,0.009000000000000001,UFA,775000,775000,0,0,0,0,8477992.0
TBL,Anthony Cirelli,"C, LW",26.0,8,,Draft,NHL,0.075,UFA,6250000,6250000,6250000,6250000,6250000,6250000,8478519.0
TBL,Steven Stamkos,"LW, C",33.0,1,NMC,Draft,NHL,0.102,UFA,8500000,0,0,0,0,0,8474564.0
TBL,Brayden Point,"C, RW",27.0,7,NMC,Draft,NHL,0.114,UFA,9500000,9500000,9500000,9500000,9500000,9500000,8478010.0
TBL,Matt Tomkins,G,29.0,2,,Signed,NHL,0.009000000000000001,UFA,775000,775000,0,0,0,0,
TBL,Mikhail Sergachev,LD/RD,25.0,8,,Trade,NHL,0.102,UFA,8500000,8500000,8500000,8500000,8500000,8500000,8479410.0
TBL,Haydn Fleury,LD/RD,27.0,1,,Signed,NHL,0.009000000000000001,UFA,762500,0,0,0,0,0,8477938.0
TBL,Darren Raddysh,RD,27.0,3,,Signed,NHL,0.009000000000000001,UFA,762500,975000,975000,0,0,0,8478178.0
TBL,Michael Eyssimont,"RW, C",27.0,2,,Trade,NHL,0.01,UFA,800000,800000,0,0,0,0,8479591.0
TBL,Luke Glendening,"C, RW, LW",34.0,2,,Signed,NHL,0.01,UFA,800000,800000,0,0,0,0,8476822.0
TBL,Austin Watson,"RW, LW",31.0,1,,Signed,NHL,0.009000000000000001,UFA,776665,0,0,0,0,0,8475766.0
TBL,Alex Barre-Boulet,"RW, LW",26.0,1,,Waivers claim,NHL,0.009000000000000001,UFA,758333,0,0,0,0,0,8479718.0
TBL,Victor Hedman,LD,32.0,2,M-NTC,Draft,NHL,0.094,UFA,7875000,7875000,0,0,0,0,8475167.0
TBL,Erik Cernak,RD,26.0,8,,Trade,NHL,0.062,UFA,5200000,5200000,5200000,5200000,5200000,5200000,8478416.0
TBL,Nick Perbix,RD,25.0,2,,Draft,NHL,0.013000000000000001,UFA,1125000,1125000,0,0,0,0,8480246.0
TBL,Zach Bogosian,RD,33.0,1,M-NTC,Signed,NHL,0.01,UFA,850000,0,0,0,0,0,8474567.0
TBL,Calvin De Haan,LD/RD,32.0,1,,Signed,NHL,0.009000000000000001,UFA,775000,0,0,0,0,0,8475177.0
TBL,Waltteri Merela,RW,25.0,1,ELC,Signed,NHL,0.01,RFA,870000,0,0,0,0,0,8484325.0
TBL,Nikita Kucherov,RW,30.0,4,NMC,Draft,NHL,0.114,UFA,9500000,9500000,9500000,9500000,0,0,8476453.0
TOR,Auston Matthews,C,26.0,5,NMC,Draft,NHL,0.139,UFA,11640250,13250000,13250000,13250000,13250000,0,8479318.0
TOR,John Tavares,"C, LW",33.0,2,NMC,Signed,NHL,0.132,UFA,11000000,11000000,0,0,0,0,8475166.0
TOR,Mitchell Marner,RW,26.0,2,NMC,Draft,NHL,0.131,UFA,10903000,10903000,0,0,0,0,8478483.0
TOR,William Nylander,"RW, C",27.0,1,M-NTC,Draft,NHL,0.083,UFA,6962366,0,0,0,0,0,8477939.0
TOR,Tyler Bertuzzi,"LW, RW",28.0,1,NMC,Signed,NHL,0.066,UFA,5500000,0,0,0,0,0,8477479.0
TOR,Max Domi,"C, LW",28.0,1,M-NTC,Signed,NHL,0.036000000000000004,UFA,3000000,0,0,0,0,0,8477503.0
TOR,David Kampf,C,28.0,4,M-NTC,Signed,NHL,0.028999999999999998,UFA,2400000,2400000,2400000,2400000,0,0,8480144.0
TOR,Calle Jarnkrok,"LW, RW",32.0,3,M-NTC,Signed,NHL,0.025,UFA,2100000,2100000,2100000,0,0,0,8475714.0
TOR,Ryan Reaves,RW,36.0,3,35+,Signed,NHL,0.016,UFA,1350000,1350000,1350000,0,0,0,8471817.0
TOR,Matthew Knies,"LW, RW",20.0,2,ELC,Draft,NHL,0.011000000000000001,RFA,925000,925000,0,0,0,0,8482720.0
TOR,Fraser Minten,"C, LW",19.0,3,ELC,Draft,NHL,0.01,RFA,845833,845833,845833,0,0,0,8483489.0
TOR,Noah Gregor,"RW, C",25.0,1,,Signed,NHL,0.009000000000000001,RFA,775000,0,0,0,0,0,8479393.0
TOR,Morgan Rielly,LD,29.0,7,NMC,Draft,NHL,0.09,UFA,7500000,7500000,7500000,7500000,7500000,7500000,8476853.0
TOR,TJ Brodie,LD/RD,33.0,1,M-NTC,Signed,NHL,0.06,UFA,5000000,0,0,0,0,0,8474673.0
TOR,John Klingberg,RD,31.0,1,M-NTC,Signed,NHL,0.05,UFA,4150000,0,0,0,0,0,8475906.0
TOR,Jake McCabe,LD/RD,30.0,2,RSM-NTC,Trade,NHL,0.024,UFA,2000000,2000000,0,0,0,0,8476931.0
TOR,Timothy Liljegren,RD,24.0,1,,Draft,NHL,0.017,RFA,1400000,0,0,0,0,0,8480043.0
TOR,Mark Giordano,LD,40.0,1,35+,Trade,NHL,0.01,UFA,800000,0,0,0,0,0,8470966.0
TOR,Ilya Samsonov,G,26.0,1,,Signed,NHL,0.043,UFA,3550000,0,0,0,0,0,8478492.0
TOR,Joseph Woll,G,25.0,2,,Draft,NHL,0.009000000000000001,RFA,766667,766667,0,0,0,0,8479361.0
VAN,Guillaume Brisebois,LD,26.0,2,,Draft,NHL,0.009000000000000001,UFA,775000,775000,0,0,0,0,8478465.0
VAN,Noah Juulsen,RD,26.0,2,,Trade,NHL,0.009000000000000001,UFA,775000,775000,0,0,0,0,8478454.0
VAN,Thatcher Demko,G,27.0,3,,Draft,NHL,0.06,UFA,5000000,5000000,5000000,0,0,0,8477967.0
VAN,Casey DeSmith,G,32.0,1,,Trade,NHL,0.022000000000000002,UFA,1800000,0,0,0,0,0,8479193.0
VAN,Ilya Mikheyev,"LW, RW",29.0,3,M-NTC,Signed,IR,0.057,UFA,4750000,4750000,4750000,0,0,0,8481624.0
VAN,Akito Hirose,LD,24.0,2,,Signed,NHL,0.009000000000000001,RFA,787500,787500,0,0,0,0,8484254.0
VAN,Ian Cole,LD/RD,34.0,1,,Signed,NHL,0.036000000000000004,UFA,3000000,0,0,0,0,0,8474013.0
VAN,Filip Hronek,RD,25.0,1,,Trade,NHL,0.053,RFA,4400000,0,0,0,0,0,8479425.0
VAN,J.T. Miller,"C, LW, RW",30.0,7,NMC,Trade,NHL,0.096,UFA,8000000,8000000,8000000,8000000,8000000,8000000,8476468.0
VAN,Elias Pettersson,"C, LW",24.0,1,,Draft,NHL,0.08800000000000001,RFA,7350000,0,0,0,0,0,8480012.0
VAN,Brock Boeser,RW,26.0,2,,Draft,NHL,0.08,UFA,6650000,6650000,0,0,0,0,8478444.0
VAN,Andrei Kuzmenko,"LW, RW",27.0,2,M-NTC,Signed,NHL,0.066,UFA,5500000,5500000,0,0,0,0,8483808.0
VAN,Conor Garland,"RW, LW",27.0,3,,Trade,NHL,0.059000000000000004,UFA,4950000,4950000,4950000,0,0,0,8478856.0
VAN,Anthony Beauvillier,"RW, LW",26.0,1,,Trade,NHL,0.05,UFA,4150000,0,0,0,0,0,8478463.0
VAN,Teddy Blueger,"C, LW",29.0,1,,Signed,NHL,0.023,UFA,1900000,0,0,0,0,0,8476927.0
VAN,Pius Suter,"C, LW",27.0,2,,Signed,NHL,0.019,UFA,1600000,1600000,0,0,0,0,8480459.0
VAN,Sam Lafferty,"RW, C, LW",28.0,1,,Trade,NHL,0.013999999999999999,UFA,1150000,0,0,0,0,0,8478043.0
VAN,Nils Hoglander,"LW, RW",22.0,2,,Draft,NHL,0.013000000000000001,RFA,1100000,1100000,0,0,0,0,8481535.0
VAN,Dakota Joshua,LW,27.0,1,,Signed,NHL,0.01,UFA,825000,0,0,0,0,0,8478057.0
VAN,Phillip Di Giuseppe,LW,30.0,2,,Signed,NHL,0.009000000000000001,UFA,775000,775000,0,0,0,0,8476858.0
VAN,Quinn Hughes,LD,23.0,4,,Draft,NHL,0.094,UFA,7850000,7850000,7850000,7850000,0,0,8480800.0
VAN,Tyler Myers,RD,33.0,1,M-NTC,Signed,NHL,0.07200000000000001,UFA,6000000,0,0,0,0,0,8474574.0
VAN,Carson Soucy,LD/RD,29.0,3,NTC,Signed,NHL,0.039,UFA,3250000,3250000,3250000,0,0,0,8477369.0
VGK,Alec Martinez,LD,36.0,1,M-NTC,Signed,IR,0.063,UFA,5250000,0,0,0,0,0,8474166.0
VGK,Logan Thompson,G,26.0,2,,Signed,NHL,0.009000000000000001,UFA,766667,766667,0,0,0,0,8480313.0
VGK,Adin Hill,G,27.0,2,M-NTC,Trade,NHL,0.059000000000000004,UFA,4900000,4900000,0,0,0,0,8478499.0
VGK,Brayden Pachal,RD,24.0,2,,Signed,NHL,0.009000000000000001,RFA,775000,775000,0,0,0,0,8481167.0
VGK,Kaedan Korczak,RD,22.0,1,ELC,Draft,NHL,0.009000000000000001,RFA,789167,0,0,0,0,0,8481527.0
VGK,Ben Hutton,LD,30.0,1,,Signed,NHL,0.01,UFA,850000,0,0,0,0,0,8477018.0
VGK,Nicolas Hague,LD,24.0,2,,Draft,NHL,0.027000000000000003,RFA,2294150,2294150,0,0,0,0,8479980.0
VGK,Brayden McNabb,LD,32.0,2,M-NTC,Expansion,NHL,0.034,UFA,2850000,2850000,0,0,0,0,8475188.0
VGK,Shea Theodore,LD/RD,28.0,2,M-NTC,Trade,NHL,0.062,UFA,5200000,5200000,0,0,0,0,8477447.0
VGK,Alex Pietrangelo,RD,33.0,4,NMC,Signed,NHL,0.105,UFA,8800000,8800000,8800000,8800000,0,0,8474565.0
VGK,Paul Cotter,"LW, C",23.0,3,,Draft,NHL,0.009000000000000001,RFA,775000,775000,775000,0,0,0,8481032.0
VGK,Michael Amadio,"LW, C, RW",27.0,1,,Waivers claim,NHL,0.009000000000000001,UFA,762500,0,0,0,0,0,8478020.0
VGK,Mark Stone,RW,31.0,4,NMC,Trade,NHL,0.114,UFA,9500000,9500000,9500000,9500000,0,0,8475913.0
VGK,William Karlsson,C,30.0,4,M-NTC,Expansion,NHL,0.071,UFA,5900000,5900000,5900000,5900000,0,0,8476448.0
VGK,Jonathan Marchessault,"RW, LW",32.0,1,M-NTC,Expansion,NHL,0.06,UFA,5000000,0,0,0,0,0,8476539.0
VGK,Ivan Barbashev,"LW, C",27.0,5,M-NTC,Trade,NHL,0.06,UFA,5000000,5000000,5000000,5000000,5000000,0,8477964.0
VGK,Nicolas Roy,"C, RW",26.0,4,,Trade,NHL,0.036000000000000004,UFA,3000000,3000000,3000000,3000000,0,0,8478462.0
VGK,Chandler Stephenson,"C, LW",29.0,1,,Trade,NHL,0.033,UFA,2750000,0,0,0,0,0,8476905.0
VGK,William Carrier,LW,28.0,1,,Expansion,NHL,0.017,UFA,1400000,0,0,0,0,0,8477478.0
VGK,Keegan Kolesar,RW,26.0,2,,Trade,NHL,0.017,UFA,1400000,1400000,0,0,0,0,8478434.0
VGK,Pavel Dorofeyev,"LW, RW",22.0,1,,Draft,NHL,0.01,RFA,825000,0,0,0,0,0,8481604.0
VGK,Jack Eichel,C,26.0,3,NMC,Trade,NHL,0.12,UFA,10000000,10000000,10000000,0,0,0,8478403.0
VGK,Jonas Rondbjerg,RW,24.0,2,,Draft,NHL,0.009000000000000001,RFA,766667,766667,0,0,0,0,8480007.0
WPG,Dylan DeMelo,RD,30.0,1,M-NTC,Trade,NHL,0.036000000000000004,UFA,3000000,0,0,0,0,0,8476331.0
WPG,Connor Hellebuyck,G,30.0,8,NMC,Draft,NHL,0.07400000000000001,UFA,6166667,8500000,8500000,8500000,8500000,8500000,8476945.0
WPG,Kyle Connor,LW,26.0,3,,Draft,NHL,0.086,UFA,7142857,7142857,7142857,0,0,0,8478398.0
WPG,Mark Scheifele,C,30.0,8,NMC,Draft,NHL,0.073,UFA,6125000,8500000,8500000,8500000,8500000,8500000,8476460.0
WPG,Nikolaj Ehlers,"RW, LW",27.0,2,M-NTC,Draft,NHL,0.07200000000000001,UFA,6000000,6000000,0,0,0,0,8477940.0
WPG,Alex Iafallo,LW,29.0,2,,Trade,NHL,0.048,UFA,4000000,4000000,0,0,0,0,8480113.0
WPG,Nino Niederreiter,"LW, RW",31.0,1,,Trade,NHL,0.048,UFA,4000000,0,0,0,0,0,8475799.0
WPG,Adam Lowry,C,30.0,3,M-NTC,Draft,NHL,0.039,UFA,3250000,3250000,3250000,0,0,0,8476392.0
WPG,Mason Appleton,RW,27.0,2,,Trade,NHL,0.026000000000000002,UFA,2166667,2166667,0,0,0,0,8478891.0
WPG,Vladislav Namestnikov,"LW, RW, C",30.0,2,,Signed,NHL,0.024,UFA,2000000,2000000,0,0,0,0,8476480.0
WPG,Morgan Barron,"LW, C, RW",24.0,2,,Trade,NHL,0.016,RFA,1350000,1350000,0,0,0,0,8480289.0
WPG,Laurent Brossoit,G,30.0,1,,Signed,NHL,0.021,UFA,1750000,0,0,0,0,0,8476316.0
WPG,Rasmus Kupari,"C, LW, RW",23.0,2,,Trade,NHL,0.012,RFA,1000000,1000000,0,0,0,0,8480845.0
WPG,David Gustafsson,"LW, C",23.0,1,,Draft,NHL,0.009000000000000001,RFA,775000,0,0,0,0,0,8481019.0
WPG,Joshua Morrissey,LD,28.0,5,NMC,Draft,NHL,0.075,UFA,6250000,6250000,6250000,6250000,6250000,0,8477504.0
WPG,Nate Schmidt,LD/RD,32.0,2,M-NTC,Trade,NHL,0.071,UFA,5950000,5950000,0,0,0,0,8477220.0
WPG,Neal Pionk,RD,28.0,2,M-NTC,Trade,NHL,0.07,UFA,5875000,5875000,0,0,0,0,8480145.0
WPG,Brenden Dillon,LD,32.0,1,,Trade,NHL,0.047,UFA,3900000,0,0,0,0,0,8475455.0
WPG,Dylan Samberg,LD,24.0,2,,Draft,NHL,0.017,RFA,1400000,1400000,0,0,0,0,8480049.0
WPG,Logan Stanley,LD,25.0,1,,Draft,NHL,0.012,RFA,1000000,0,0,0,0,0,8479378.0
WPG,Declan Chisholm,LD/RD,23.0,1,,Draft,NHL,0.009000000000000001,RFA,775000,0,0,0,0,0,8480990.0
WPG,Cole Perfetti,"LW, C",21.0,1,ELC,Draft,NHL,0.011000000000000001,RFA,894167,0,0,0,0,0,8482149.0
WPG,Gabriel Vilardi,"RW, C",24.0,2,,Trade,NHL,0.040999999999999995,RFA,3437500,3437500,0,0,0,0,8480014.0
WSH,Nick Jensen,RD,33.0,3,,Trade,NHL,0.049,UFA,4050000,4050000,4050000,0,0,0,8475324.0
WSH,Charlie Lindgren,G,29.0,2,,Signed,NHL,0.013000000000000001,UFA,1100000,1100000,0,0,0,0,8479292.0
WSH,Darcy Kuemper,G,33.0,4,M-NTC,Signed,NHL,0.063,UFA,5250000,5250000,5250000,5250000,0,0,8475311.0
WSH,Lucas Johansen,LD,25.0,1,,Draft,NHL,0.009000000000000001,RFA,762500,0,0,0,0,0,8479321.0
WSH,Alexander Alexeyev,LD/RD,23.0,2,,Draft,NHL,0.01,RFA,825000,825000,0,0,0,0,8480823.0
WSH,Rasmus Sandin,LD,23.0,1,,Trade,NHL,0.017,RFA,1400000,0,0,0,0,0,8480873.0
WSH,Martin Fehervary,LD/RD,24.0,3,,Draft,NHL,0.032,RFA,2675000,2675000,2675000,0,0,0,8480796.0
WSH,Trevor van Riemsdyk,RD,32.0,3,,Signed,NHL,0.036000000000000004,UFA,3000000,3000000,3000000,0,0,0,8477845.0
WSH,John Carlson,RD,33.0,3,M-NTC,Draft,NHL,0.096,UFA,8000000,8000000,8000000,0,0,0,8474590.0
WSH,Sonny Milano,"LW, RW",27.0,3,,Signed,NHL,0.023,UFA,1900000,1900000,1900000,0,0,0,8477947.0
WSH,Matthew Phillips,C,25.0,1,,Signed,NHL,0.009000000000000001,RFA,775000,0,0,0,0,0,8479547.0
WSH,Aliaksei Protas,"RW, LW, C",22.0,1,ELC,Draft,NHL,0.009000000000000001,RFA,789167,0,0,0,0,0,8481656.0
WSH,Connor McMichael,"LW, C",22.0,1,ELC,Draft,NHL,0.01,RFA,863333,0,0,0,0,0,8481580.0
WSH,Nic Dowd,C,33.0,2,,Signed,NHL,0.016,UFA,1300000,1300000,0,0,0,0,8475343.0
WSH,Joel Edmundson,LD/RD,30.0,1,RSM-NTC,Trade,IR,0.021,UFA,1750000,0,0,0,0,0,8476441.0
WSH,Dylan Strome,C,26.0,5,,Signed,NHL,0.06,UFA,5000000,5000000,5000000,5000000,5000000,0,8478440.0
WSH,Tom Wilson,RW,29.0,8,M-NTC,Draft,NHL,0.062,UFA,5166667,6500000,6500000,6500000,6500000,6500000,8476880.0
WSH,Anthony Mantha,"LW, RW",29.0,1,,Trade,NHL,0.068,UFA,5700000,0,0,0,0,0,8477511.0
WSH,T.J. Oshie,RW,36.0,2,M-NTC,Trade,NHL,0.069,UFA,5750000,5750000,0,0,0,0,8471698.0
WSH,Evgeny Kuznetsov,C,31.0,2,M-NTC,Draft,NHL,0.09300000000000001,UFA,7800000,7800000,0,0,0,0,8475744.0
WSH,Beck Malenstyn,"C, LW",25.0,1,,Draft,NHL,0.009000000000000001,RFA,762500,0,0,0,0,0,8479359.0
WSH,Alex Ovechkin,LW,38.0,3,"35+M-NTC, NMC",Draft,NHL,0.114,UFA,9500000,9500000,9500000,0,0,0,8471214.0
WSH,Nicklas Backstrom,C,35.0,2,M-NTC,Draft,NHL,0.11,UFA,9200000,9200000,0,0,0,0,8473563.0
