team,player,position_type,pos,exp,age,free_agency_type,gp,ppts,iXG,xg_perc,status,cap_hit,projected_cap_space,roster_size,contracts
COL,Lars Eller,F,C,,34,UFA,84.0,18.0,13.08786739,0.4572030189561208,NHL,,7575000.0,14/23,29/50
BOS,Garnet Hathaway,F,"RW, LW",,31,UFA,84.0,17.0,11.58320237,0.426594172023458,NHL,,9937500.0,14/23,28/50
COL,Jack Johnson,D,LD,,36,UFA,83.0,3.0,3.37694096,0.3523448604076581,NHL,,7575000.0,14/23,29/50
FLA,Marc Staal,D,LD,,36,UFA,82.0,7.0,4.71473248,0.4537261718509686,NHL,,9262499.0,16/23,32/50
PIT,Brian Dumoulin,D,LD,,31,UFA,82.0,14.0,4.05455513,0.4248288548804744,NHL,,14208158.0,16/23,32/50
VGK,Phil Kessel,F,RW,,35,UFA,82.0,23.0,13.03002873,0.5520238871773872,NHL,,7462516.0,19/23,38/50
TOR,Michael Bunting,F,LW,,27,UFA,82.0,42.0,27.98765759,0.6029263281713458,NHL,,4943550.0,17/23,35/50
PHI,Noah Cates,F,"C, LW",,24,RFA,82.0,27.0,17.42410578,0.470008922212644,NHL,,9372905.0,15/23,36/50
COL,J.T. Compher,F,"C, RW",,28,UFA,82.0,39.0,18.59807614,0.513090346095843,NHL,,7575000.0,14/23,29/50
OTT,Alex DeBrincat,F,"LW, RW",,25,RFA,82.0,56.0,28.33755236,0.6182720676636932,NHL,,16075953.0,11/23,30/50
TOR,Alexander Kerfoot,F,"LW, RW",,28,UFA,82.0,22.0,16.72688829,0.4815422479897241,NHL,,4943550.0,17/23,35/50
DAL,Ty Dellandrea,F,"RW, C",,22,RFA,82.0,21.0,10.37464002,0.4320570298070391,NHL,,4144671.0,18/23,35/50
TBL,Alex Killorn,F,"RW, LW",,33,UFA,82.0,45.0,21.58030781,0.5106496259177409,NHL,,-550000.0,17/23,39/50
OTT,Shane Pinto,F,C,,22,10.2(c),82.0,26.0,22.24654591,0.5598778733408072,NHL,,16075953.0,11/23,30/50
EDM,Evan Bouchard,D,RD,,23,RFA,82.0,19.0,7.85487649,0.6475449436691065,NHL,,4070000.0,18/23,34/50
CGY,Trevor Lewis,F,"RW, C",,36,UFA,82.0,16.0,11.59673599,0.4360525645540974,NHL,,1400000.0,18/23,36/50
ARI,Jack McBain,F,"C, LW",,23,RFA,82.0,21.0,12.20614959,0.3520610386925993,NHL,,27247856.0,13/23,32/50
WSH,Conor Sheary,F,"LW, RW",,31,UFA,82.0,29.0,18.75061301,0.4814242559179127,NHL,,6313333.0,17/23,36/50
NYI,Zach Parise,F,LW,,38,UFA,82.0,31.0,27.1585878,0.4983390879852215,NHL,,3536667.0,21/23,38/50
VGK,Ivan Barbashev,F,"LW, C",,27,UFA,82.0,32.0,17.02996796,0.521686228073661,NHL,,7462516.0,19/23,38/50
NJD,Tomas Tatar,F,"LW, RW",,32,UFA,82.0,32.0,24.18527312,0.6912012792491701,NHL,,9207500.0,16/23,31/50
NYI,Scott Mayfield,D,RD,,30,UFA,82.0,15.0,4.65864964,0.4233331739093284,NHL,,3536667.0,21/23,38/50
CGY,Troy Stecher,D,RD,,29,UFA,81.0,10.0,3.77116372,0.368838914193187,NHL,,1400000.0,18/23,36/50
SEA,Vince Dunn,D,LD/RD,,26,RFA,81.0,38.0,9.74953415,0.5813708943884766,NHL,,19343424.0,14/23,36/50
PHI,Morgan Frost,F,C,,24,RFA,81.0,33.0,18.12238994,0.5265596207754086,NHL,,9372905.0,15/23,36/50
COL,Matt Nieto,F,"LW, RW",,30,UFA,81.0,16.0,14.31553768,0.4352229644385881,NHL,,7575000.0,14/23,29/50
TBL,Corey Perry,F,RW,,38,UFA,81.0,19.0,16.85469478,0.5991910501760215,NHL,,-550000.0,17/23,39/50
NYR,Niko Mikkola,D,LD,,27,UFA,81.0,3.0,2.33966323,0.3901559548542939,NHL,,10762917.0,14/23,34/50
ANA,Trevor Zegras,F,"C, LW",,22,RFA,81.0,47.0,15.24850041,0.4921735958788673,NHL,,38048333.0,15/23,32/50
CAR,Jesper Fast,F,RW,,31,UFA,80.0,16.0,14.39578989,0.5428280554939964,NHL,,20223083.0,18/23,30/50
DAL,Max Domi,F,"C, LW",,28,UFA,80.0,42.0,20.89416654,0.5168202510440196,NHL,,4144671.0,18/23,35/50
TOR,Justin Holl,D,RD,,31,UFA,80.0,4.0,3.90337952,0.4632495449223503,NHL,,4943550.0,17/23,35/50
NJD,Michael McLeod,F,C,,25,RFA,80.0,16.0,10.13226612,0.4547821211864588,NHL,,9207500.0,16/23,31/50
ARI,Christian Fischer,F,"RW, LW",,26,RFA,80.0,24.0,12.47586923,0.3396472277091541,NHL,,27247856.0,13/23,32/50
COL,Andrew Cogliano,F,LW,,36,UFA,79.0,15.0,7.55402497,0.3406361804113992,NHL,,7575000.0,14/23,29/50
MIN,Matt Dumba,D,RD,,28,UFA,79.0,10.0,6.43733897,0.4327149071448222,NHL,,7293912.0,16/23,34/50
NYR,K'Andre Miller,D,LD,,23,RFA,79.0,23.0,5.87034918,0.4629972437185513,NHL,,10762917.0,14/23,34/50
DET,Pius Suter,F,"C, LW",,27,UFA,79.0,21.0,12.91688713,0.4313170513567474,NHL,,29665278.0,15/23,28/50
BOS,Trent Frederic,F,"LW, RW",,25,RFA,79.0,23.0,14.17055404,0.5426670581870602,NHL,,9937500.0,14/23,28/50
PIT,Jason Zucker,F,"LW, RW",,31,UFA,78.0,36.0,27.36372393,0.5932698798302876,NHL,,14208158.0,16/23,32/50
BOS,Connor Clifton,D,RD,,28,UFA,78.0,14.0,5.43592524,0.4792702537501367,NHL,,9937500.0,14/23,28/50
EDM,Nick Bjugstad,F,"C, RW",,30,UFA,78.0,24.0,19.11835772,0.4327517858984835,NHL,,4070000.0,18/23,34/50
TBL,Ian Cole,D,LD/RD,,34,UFA,78.0,10.0,4.40661066,0.4662790608905312,NHL,,-550000.0,17/23,39/50
ANA,Simon Benoit,D,LD,,24,RFA,78.0,4.0,3.73044033,0.2909257317763237,NHL,,38048333.0,15/23,32/50
NJD,Ryan Graves,D,LD,,28,UFA,78.0,13.0,5.70591829,0.5053977821677317,NHL,,9207500.0,16/23,31/50
SEA,Carson Soucy,D,LD/RD,,28,UFA,78.0,7.0,3.29183508,0.4546698761722842,NHL,,19343424.0,14/23,36/50
BOS,Patrice Bergeron,F,C,,37,UFA,78.0,43.0,30.97029082,0.640226614901702,NHL,,9937500.0,14/23,28/50
TOR,Zach Aston-Reese,F,"LW, RW",,28,UFA,77.0,12.0,10.64544403,0.4755819910399232,NHL,,4943550.0,17/23,35/50
WPG,Vladislav Namestnikov,F,"LW, RW, C",,30,UFA,77.0,16.0,14.5596704,0.5699338582896682,NHL,,7992143.0,16/23,35/50
TOR,Noel Acciari,F,"C, RW",,31,UFA,77.0,19.0,17.12787021,0.4315808303876772,NHL,,4943550.0,17/23,35/50
CGY,Milan Lucic,F,"LW, RW",,35,UFA,77.0,16.0,9.78145129,0.5097119711637363,NHL,,1400000.0,18/23,36/50
NYI,Pierre Engvall,F,"RW, LW",,27,UFA,76.0,25.0,14.58792321,0.5807308085478339,NHL,,3536667.0,21/23,38/50
TBL,Tanner Jeannot,F,"RW, LW",,26,RFA,76.0,12.0,14.95199193,0.444557935901482,NHL,,-550000.0,17/23,39/50
NJD,Miles Wood,F,LW,,27,UFA,76.0,23.0,15.63152326,0.5289736747291022,NHL,,9207500.0,16/23,31/50
ANA,Kevin Shattenkirk,D,RD,,34,UFA,75.0,18.0,4.5422489100000005,0.4140056383175038,NHL,,38048333.0,15/23,32/50
CAR,Jesse Puljujarvi,F,RW,,25,RFA,75.0,11.0,12.71241144,0.548687161358138,NHL,,20223083.0,18/23,30/50
OTT,Austin Watson,F,"RW, LW",,31,UFA,75.0,10.0,8.3754484,0.3288447358077859,NHL,,16075953.0,11/23,30/50
OTT,Travis Hamonic,D,RD,,32,UFA,75.0,14.0,4.88460332,0.3989299185831559,NHL,,16075953.0,11/23,30/50
CAR,Shayne Gostisbehere,D,LD/RD,,30,UFA,75.0,28.0,12.93984431,0.5597405224587388,NHL,,20223083.0,18/23,30/50
CGY,Nick Ritchie,F,LW,,27,UFA,74.0,22.0,16.00434662,0.5157478759675286,NHL,,1400000.0,18/23,36/50
OTT,Erik Brannstrom,D,LD/RD,,23,RFA,74.0,8.0,4.1291187,0.5329428459116616,NHL,,16075953.0,11/23,30/50
TBL,Pierre-Edouard Bellemare,F,"C, LW",,38,UFA,73.0,12.0,5.88600736,0.3596246373281093,NHL,,-550000.0,17/23,39/50
CHI,Caleb Jones,D,LD/RD,,26,RFA,73.0,10.0,5.66397584,0.4970699377585616,NHL,,26594877.0,16/23,38/50
NYR,Patrick Kane,F,RW,,34,UFA,73.0,41.0,18.08196058,0.4993534309174592,NHL,,10762917.0,14/23,34/50
CAR,Paul Stastny,F,"C, LW",,37,UFA,73.0,15.0,13.78006127,0.6524704835493428,NHL,,20223083.0,18/23,30/50
CAR,Derek Stepan,F,"C, RW",,33,UFA,73.0,10.0,8.3889272,0.5724520638384064,NHL,,20223083.0,18/23,30/50
MIN,Ryan Reaves,F,RW,,36,UFA,73.0,10.0,6.69535262,0.4438523678275909,NHL,,7293912.0,16/23,34/50
FLA,Radko Gudas,D,RD,,33,UFA,72.0,9.0,4.06154938,0.4882859132632146,NHL,,9262499.0,16/23,32/50
NSH,Cody Glass,F,C,,24,RFA,72.0,24.0,15.3355403,0.54938983115031,NHL,,17769691.0,17/23,36/50
FLA,Eric Staal,F,C,,38,UFA,72.0,23.0,12.84828884,0.4427656331441768,NHL,,9262499.0,16/23,32/50
SEA,Ryan Donato,F,"LW, C",,27,UFA,71.0,23.0,12.65137011,0.5538264249189513,NHL,,19343424.0,14/23,36/50
BUF,Tyson Jost,F,C,,25,RFA,71.0,15.0,11.11791145,0.4171703717441296,NHL,,13459763.0,22/23,37/50
DAL,Luke Glendening,F,"C, RW, LW",,34,UFA,70.0,3.0,8.56290477,0.3606713207398856,NHL,,4144671.0,18/23,35/50
BOS,David Krejci,F,C,,37,UFA,70.0,41.0,15.51051576,0.5695038772353782,NHL,,9937500.0,14/23,28/50
TOR,Luke Schenn,D,RD,,33,UFA,70.0,15.0,2.77169672,0.3953705059710354,NHL,,4943550.0,17/23,35/50
DAL,Joel Kiviranta,F,"RW, LW",,27,UFA,70.0,8.0,10.5691559,0.4012657138318333,NHL,,4144671.0,18/23,35/50
CHI,Philipp Kurashev,F,"LW, C, RW",,23,RFA,70.0,20.0,11.26046525,0.4331901736969639,NHL,,26594877.0,16/23,38/50
ANA,Troy Terry,F,RW,,25,RFA,70.0,45.0,25.33453693,0.5294899263904356,NHL,,38048333.0,15/23,32/50
WPG,Morgan Barron,F,"LW, C, RW",,24,RFA,70.0,17.0,13.85589552,0.4956748327686606,NHL,,7992143.0,16/23,35/50
NJD,Jesper Boqvist,F,"C, LW, RW",,24,RFA,70.0,14.0,8.796292,0.5188245250104131,NHL,,9207500.0,16/23,31/50
TOR,Erik Gustafsson,D,LD,,31,UFA,70.0,25.0,6.47978034,0.5651700049912628,NHL,,4943550.0,17/23,35/50
STL,Alexey Toropchenko,F,"LW, RW",,24,RFA,69.0,15.0,8.95263577,0.4050075156383315,NHL,,2935238.0,19/23,40/50
NYR,Vladimir Tarasenko,F,RW,,31,UFA,69.0,34.0,17.93456915,0.4955537596736517,NHL,,10762917.0,14/23,34/50
COL,Evan Rodrigues,F,"C, LW",,29,UFA,69.0,30.0,21.33118987,0.5866126573111435,NHL,,7575000.0,14/23,29/50
SEA,Morgan Geekie,F,"C, RW",,24,RFA,69.0,20.0,9.39276094,0.4682325637976203,NHL,,19343424.0,14/23,36/50
FLA,Colin White,F,"RW, C",,26,RFA,68.0,13.0,6.63915186,0.4656906448418389,NHL,,9262499.0,16/23,32/50
WSH,Martin Fehervary,D,LD/RD,,23,RFA,67.0,11.0,6.52064734,0.4332403941490492,NHL,,6313333.0,17/23,36/50
PIT,Dmitry Kulikov,D,LD/RD,,32,UFA,67.0,11.0,3.7416574,0.3212455848270731,NHL,,14208158.0,16/23,32/50
SJS,Fabian Zetterlund,F,RW,,23,RFA,67.0,19.0,12.1406493,0.5274816082921252,NHL,,13079166.0,17/23,37/50
MIN,Oskar Sundqvist,F,"RW, C",,29,UFA,67.0,18.0,10.52326778,0.5018228488402784,NHL,,7293912.0,16/23,34/50
MIN,John Klingberg,D,RD,,30,UFA,67.0,25.0,6.09834527,0.4596377667015961,NHL,,7293912.0,16/23,34/50
MTL,Denis Gurianov,F,"RW, LW",,26,RFA,66.0,15.0,9.7436705,0.4560787413971353,NHL,,-2259166.0,20/23,37/50
BOS,Tomas Nosek,F,"C, LW",,30,UFA,66.0,12.0,8.64014735,0.4040629118621132,NHL,,9937500.0,14/23,28/50
EDM,Mattias Janmark,F,"LW, RW",,30,UFA,66.0,20.0,10.32558089,0.4380602327270168,NHL,,4070000.0,18/23,34/50
BOS,Dmitry Orlov,D,LD,,31,UFA,66.0,20.0,6.76803717,0.5108830162346344,NHL,,9937500.0,14/23,28/50
SEA,Daniel Sprong,F,"RW, LW",,26,RFA,66.0,40.0,13.66158899,0.6517456684975274,NHL,,19343424.0,14/23,36/50
COL,Denis Malgin,F,"LW, RW",,26,RFA,65.0,18.0,10.63152158,0.5599644438186697,NHL,,7575000.0,14/23,29/50
MIN,Sam Steel,F,"C, LW",,25,RFA,65.0,17.0,10.62522891,0.4854252683370247,NHL,,7293912.0,16/23,34/50
OTT,Nick Holden,D,LD,,36,UFA,65.0,10.0,3.35158479,0.4141066969511935,NHL,,16075953.0,11/23,30/50
PIT,Danton Heinen,F,"LW, RW",,27,UFA,65.0,17.0,9.95896646,0.550034877478076,NHL,,14208158.0,16/23,32/50
LAK,Alexander Edler,D,LD,,37,UFA,64.0,7.0,1.54914226,0.463725701413816,NHL,,3536666.0,16/23,31/50
WSH,Craig Smith,F,"RW, C",,33,UFA,64.0,10.0,10.76541055,0.4732806788599613,NHL,,6313333.0,17/23,36/50
WPG,Saku Maenalanen,F,"RW, LW",,29,UFA,64.0,6.0,6.18455858,0.3808158145699684,NHL,,7992143.0,16/23,35/50
ARI,Matias Maccelli,F,LW,,22,RFA,64.0,33.0,8.71461539,0.5067041944458521,NHL,,27247856.0,13/23,32/50
VGK,Teddy Blueger,F,"C, LW",,28,UFA,63.0,14.0,11.05344034,0.3955323653104357,NHL,,7462516.0,19/23,38/50
WPG,Dylan Samberg,D,LD,,24,RFA,63.0,4.0,1.3533651,0.4908913133709315,NHL,,7992143.0,16/23,35/50
COL,Erik Johnson,D,RD,,35,UFA,63.0,5.0,3.63280568,0.382116100626522,NHL,,7575000.0,14/23,29/50
NYR,Tyler Motte,F,"LW, RW",,28,UFA,62.0,15.0,12.11602264,0.3929060296220793,NHL,,10762917.0,14/23,34/50
MIN,Calen Addison,D,RD,,23,RFA,62.0,16.0,2.60489505,0.6463385744654511,NHL,,7293912.0,16/23,34/50
PIT,Nick Bonino,F,"C, LW",,35,UFA,62.0,17.0,11.79283011,0.4233866983750677,NHL,,14208158.0,16/23,32/50
OTT,Derick Brassard,F,"C, LW",,35,UFA,62.0,21.0,9.65047423,0.5473579494900482,NHL,,16075953.0,11/23,30/50
PIT,Josh Archibald,F,"RW, LW",,30,UFA,62.0,8.0,7.67744185,0.5026778278282703,NHL,,14208158.0,16/23,32/50
VAN,Ethan Bear,D,RD,,26,RFA,61.0,9.0,3.68735409,0.4201958905159595,LTIR Candidate,,5444583.0,17/23,38/50
WSH,Matt Irwin,D,LD/RD,,35,UFA,61.0,3.0,2.43848655,0.4402438247751319,NHL,,6313333.0,17/23,36/50
DET,Adam Erne,F,"LW, RW",,28,UFA,61.0,14.0,6.56895534,0.356693404857352,NHL,,29665278.0,15/23,28/50
PHI,James van Riemsdyk,F,"LW, RW",,34,UFA,61.0,20.0,15.33683578,0.5674288541042284,NHL,,9372905.0,15/23,36/50
STL,Tyler Pitlick,F,RW,,31,UFA,61.0,14.0,5.63854008,0.4156996031924275,NHL,,2935238.0,19/23,40/50
OTT,Patrick Brown,F,"C, RW",,31,UFA,61.0,8.0,5.38333092,0.3894791676520773,NHL,,16075953.0,11/23,30/50
OTT,Dylan Gambrell,F,C,,26,UFA,60.0,9.0,4.95549004,0.3460926304558805,NHL,,16075953.0,11/23,30/50
SJS,Evgeny Svechnikov,F,"LW, RW",,26,RFA,59.0,13.0,7.597580489999999,0.4542524282984183,NHL,,13079166.0,17/23,37/50
CBJ,Tim Berni,D,LD,,23,RFA,59.0,2.0,3.18486589,0.444648691075667,NHL,,3754167.0,21/23,43/50
MIN,Mason Shaw,F,"LW, C",,24,RFA,59.0,12.0,6.8556406,0.4508451507199756,NHL,,7293912.0,16/23,34/50
MTL,Jonathan Drouin,F,"C, LW",,28,UFA,58.0,16.0,7.55638455,0.4508655696139113,NHL,,-2259166.0,20/23,37/50
EDM,Ryan McLeod,F,C,,23,RFA,57.0,20.0,9.32433468,0.5182254828319558,NHL,,4070000.0,18/23,34/50
EDM,Klim Kostin,F,"LW, RW",,24,RFA,57.0,18.0,6.28921767,0.4868951221710528,NHL,,4070000.0,18/23,34/50
SJS,Noah Gregor,F,"LW, RW",,24,RFA,57.0,16.0,12.79059632,0.4698136240808377,NHL,,13079166.0,17/23,37/50
OTT,Julien Gauthier,F,RW,,25,UFA,57.0,12.0,5.45488743,0.4464072612367341,NHL,,16075953.0,11/23,30/50
LAK,Zack MacEwen,F,"RW, C",,26,RFA,56.0,5.0,7.45822011,0.4364667873970009,NHL,,3536666.0,16/23,31/50
ANA,Jayson Megna,F,"C, LW, RW",,33,UFA,55.0,4.0,4.22319771,0.3353069786853069,NHL,,38048333.0,15/23,32/50
WPG,Kevin Stenlund,F,"C, RW",,26,RFA,54.0,7.0,7.58031638,0.3901886416574696,NHL,,7992143.0,16/23,35/50
VGK,Brett Howden,F,"C, LW",,25,RFA,54.0,10.0,7.88419682,0.4333223871064419,NHL,,7462516.0,19/23,38/50
PHI,Cam York,D,LD/RD,,22,RFA,54.0,12.0,3.48592368,0.5333061574333036,NHL,,9372905.0,15/23,36/50
PIT,Ryan Poehling,F,"LW, C",,24,RFA,53.0,12.0,8.462610680000001,0.4168653355069406,NHL,,14208158.0,16/23,32/50
TOR,Ryan O'Reilly,F,C,,32,UFA,53.0,24.0,13.44753804,0.4518786507345526,NHL,,4943550.0,17/23,35/50
CHI,Jonathan Toews,F,C,,35,UFA,53.0,27.0,12.78924238,0.4682259824262477,NHL,,26594877.0,16/23,38/50
ANA,Nathan Beaulieu,D,LD/RD,,30,UFA,52.0,2.0,1.33782767,0.3077678415178972,NHL,,38048333.0,15/23,32/50
DET,Jordan Oesterle,D,LD/RD,,31,UFA,52.0,5.0,2.25240089,0.4489551889706799,NHL,,29665278.0,15/23,28/50
MIN,Brandon Duhaime,F,"RW, LW",,26,RFA,51.0,10.0,9.71392229,0.4806821059719733,NHL,,7293912.0,16/23,34/50
CBJ,Gavin Bayreuther,D,LD/RD,,29,UFA,51.0,7.0,2.074217,0.4167801450587283,NHL,,3754167.0,21/23,43/50
CHI,Jujhar Khaira,F,"LW, C",,28,UFA,51.0,10.0,8.42588875,0.434877345764922,NHL,,26594877.0,16/23,38/50
MIN,Gustav Nyquist,F,"LW, RW",,33,UFA,51.0,21.0,13.65649912,0.4731611212593668,NHL,,7293912.0,16/23,34/50
STL,Josh Leivo,F,"RW, LW",,30,UFA,51.0,13.0,8.62292027,0.5460875046091254,NHL,,2935238.0,19/23,40/50
ARI,Brett Ritchie,F,RW,,29,UFA,50.0,10.0,5.2243368,0.4597962586280261,NHL,,27247856.0,13/23,32/50
NSH,Cal Foote,D,RD,,24,RFA,50.0,4.0,1.55077698,0.422684071315368,NHL,,17769691.0,17/23,36/50
BOS,Tyler Bertuzzi,F,"LW, RW",,28,UFA,50.0,20.0,11.96395099,0.5932241007862376,NHL,,9937500.0,14/23,28/50
WPG,Axel Jonsson-Fjallby,F,LW,,25,UFA,50.0,10.0,5.28180063,0.4451671453578514,NHL,,7992143.0,16/23,35/50
WPG,Sam Gagner,F,"RW, C",,33,UFA,48.0,12.0,6.75893317,0.5524027470526672,NHL,,7992143.0,16/23,35/50
VAN,Kyle Burroughs,D,LD/RD,,27,UFA,48.0,4.0,1.70934047,0.4256106976009644,NHL,,5444583.0,17/23,38/50
CGY,Michael Stone,D,RD,,33,UFA,48.0,9.0,2.31554197,0.5392723702276484,NHL,,1400000.0,18/23,36/50
EDM,Devin Shore,F,"LW, RW",,28,UFA,47.0,7.0,4.1677897,0.4875450927656363,NHL,,4070000.0,18/23,34/50
CHI,Andreas Englund,D,LD,,27,UFA,47.0,2.0,1.24231786,0.4836132230041465,NHL,,26594877.0,16/23,38/50
WPG,Karson Kuhlman,F,RW,,27,UFA,47.0,4.0,6.83008897,0.4795493333049335,NHL,,7992143.0,16/23,35/50
LAK,Jaret Anderson-Dolan,F,"C, LW, RW",,23,RFA,46.0,10.0,5.21160624,0.5133189946702051,NHL,,3536666.0,16/23,31/50
NSH,Rasmus Asplund,F,"LW, C",,25,RFA,46.0,4.0,5.8487794,0.4032189238062935,NHL,,17769691.0,17/23,36/50
ANA,Derek Grant,F,"LW, C",,33,UFA,46.0,13.0,8.10923516,0.3816851116633445,NHL,,38048333.0,15/23,32/50
PIT,Drew O'Connor,F,LW,,25,RFA,46.0,8.0,6.83799406,0.4840224822595358,NHL,,14208158.0,16/23,32/50
PHI,Brendan Lemieux,F,"LW, RW",,27,UFA,45.0,7.0,4.16987938,0.4842418252984932,NHL,,9372905.0,15/23,36/50
ANA,Scott Harrington,D,LD,,30,UFA,45.0,7.0,1.81954254,0.4844967748426991,NHL,,38048333.0,15/23,32/50
VAN,Vitali Kravtsov,F,"LW, RW",,23,RFA,44.0,6.0,5.43400684,0.5327290340673203,NHL,,5444583.0,17/23,38/50
NSH,Alexandre Carrier,D,RD,,26,RFA,43.0,6.0,2.93018902,0.4873216656166865,NHL,,17769691.0,17/23,36/50
NJD,Nathan Bastian,F,"RW, C",,25,RFA,43.0,11.0,9.89469688,0.5853389998681539,NHL,,9207500.0,16/23,31/50
NJD,Kevin Bahl,D,LD,,23,RFA,42.0,4.0,1.21038278,0.5544048753996181,NHL,,9207500.0,16/23,31/50
COL,Bowen Byram,D,LD/RD,,22,RFA,42.0,18.0,6.4494226,0.4838792062149057,NHL,,7575000.0,14/23,29/50
COL,Ben Meyers,F,"LW, C",,24,10.2(c),39.0,4.0,6.80867967,0.5813069493597844,Minor,,7575000.0,14/23,29/50
DET,Robert Hagg,D,LD,,28,UFA,38.0,6.0,2.17954164,0.4476109097050377,NHL,,29665278.0,15/23,28/50
MTL,Jesse Ylonen,F,"RW, LW",,23,RFA,37.0,9.0,4.22303841,0.4354831972790321,Minor,,-2259166.0,20/23,37/50
FLA,Givani Smith,F,"LW, RW",,25,RFA,36.0,3.0,2.68692426,0.413775001642538,NHL,,9262499.0,16/23,32/50
DET,Gustav Lindstrom,D,RD,,24,RFA,36.0,4.0,1.05966287,0.4197635230056639,NHL,,29665278.0,15/23,28/50
SJS,Martin Kaut,F,RW,,23,RFA,36.0,5.0,3.90881655,0.5205946419168607,Minor,,13079166.0,17/23,37/50
MTL,Chris Tierney,F,C,,28,UFA,36.0,7.0,1.35718931,0.2978150982609565,NHL,,-2259166.0,20/23,37/50
SJS,Jonah Gadjovich,F,"LW, RW",,24,RFA,35.0,4.0,5.69941071,0.5029365844440027,IR,,13079166.0,17/23,37/50
NYI,Oliver Wahlstrom,F,RW,,23,RFA,35.0,9.0,5.85349337,0.4766448627838661,IR,,3536667.0,21/23,38/50
MTL,Rafael Harvey-Pinard,F,LW,,24,RFA,34.0,18.0,10.03920268,0.461128483814099,Minor,,-2259166.0,20/23,37/50
CBJ,Marcus Bjork,D,RD,,25,RFA,33.0,8.0,1.13905171,0.5027051996756494,Minor,,3754167.0,21/23,43/50
BUF,Kale Clague,D,LD/RD,,25,RFA,33.0,0.0,1.12219548,0.4889274093348459,NHL,,13459763.0,22/23,37/50
MTL,Alex Belzile,F,"C, RW",,31,UFA,31.0,9.0,3.03363244,0.3434048572819927,NHL,,-2259166.0,20/23,37/50
ARI,Connor Mackey,D,LD,,26,UFA,30.0,4.0,1.25465059,0.3635129847697035,NHL,,27247856.0,13/23,32/50
STL,Logan Brown,F,"C, LW",,25,UFA,30.0,4.0,1.55131579,0.4208732963492582,NHL,,2935238.0,19/23,40/50
PHI,Kieffer Bellows,F,"LW, RW",,25,UFA,28.0,3.0,1.9973926,0.4073305585240287,NHL,,9372905.0,15/23,36/50
CBJ,Lane Pederson,F,C,,25,UFA,27.0,6.0,3.82135873,0.4853208598770256,NHL,,3754167.0,21/23,43/50
FLA,Casey Fitzgerald,D,RD,,26,UFA,27.0,2.0,0.8442334499999999,0.3603894696320728,NHL,,9262499.0,16/23,32/50
DAL,Joel Hanley,D,LD/RD,,32,UFA,26.0,1.0,0.53984174,0.5929375421378873,NHL,,4144671.0,18/23,35/50
BUF,Vinnie Hinostroza,F,"RW, LW",,29,UFA,26.0,7.0,2.77153339,0.4332661313485381,NHL,,13459763.0,22/23,37/50
STL,Tyler Tucker,D,LD/RD,,23,RFA,26.0,1.0,0.41348514,0.4582216284940066,Minor,,2935238.0,19/23,40/50
VAN,Nils Hoglander,F,"LW, RW",,22,RFA,25.0,7.0,2.47953512,0.4467535903602608,Minor,,5444583.0,17/23,38/50
BOS,Jakub Lauko,F,"LW, RW",,23,RFA,23.0,7.0,2.55862428,0.4846795708452237,Minor,,9937500.0,14/23,28/50
FLA,Patric Hornqvist,F,RW,,36,UFA,22.0,3.0,5.64319417,0.6585417189778651,IR,,9262499.0,16/23,32/50
NYR,Ryan Carpenter,F,"RW, C",,32,UFA,22.0,2.0,2.08227219,0.3901086871202249,Minor,,10762917.0,14/23,34/50
DET,Alex Chiasson,F,RW,,32,UFA,20.0,8.0,5.776529610000001,0.5673796242104161,NHL,,29665278.0,15/23,28/50
OTT,Jacob Bernard-Docker,D,RD,,22,10.2(c),19.0,0.0,1.10635111,0.4964238737886335,Minor,,16075953.0,11/23,30/50
WPG,Logan Stanley,D,LD,,25,RFA,19.0,2.0,0.52123391,0.4445831630669873,NHL,,7992143.0,16/23,35/50
DET,Matt Luff,F,RW,,26,RFA,19.0,4.0,2.02174993,0.4245628363455553,NHL,,29665278.0,15/23,28/50
TOR,Wayne Simmonds,F,"RW, LW",,34,UFA,18.0,1.0,0.84979844,0.4482369684652608,NHL,,4943550.0,17/23,35/50
VGK,Pavel Dorofeyev,F,"LW, RW",,22,RFA,18.0,9.0,5.34627581,0.5860933299927213,NHL,,7462516.0,19/23,38/50
FLA,Grigori Denisenko,F,"LW, RW",,23,RFA,18.0,2.0,1.65422198,0.3965858799233774,Minor,,9262499.0,16/23,32/50
CAR,Dylan Coghlan,D,RD,,25,RFA,17.0,2.0,1.61893746,0.6617762670953514,NHL,,20223083.0,18/23,30/50
TBL,Rudolfs Balcers,F,"LW, RW",,26,RFA,17.0,4.0,3.1294796700000003,0.6058456409474267,Minor,,-550000.0,17/23,39/50
NYR,Libor Hajek,D,LD,,25,RFA,16.0,1.0,0.23316165,0.4940229847670283,Minor,,10762917.0,14/23,34/50
CHI,Anders Bjork,F,"LW, RW",,26,RFA,14.0,7.0,2.4569013,0.4200846641646449,NHL,,26594877.0,16/23,38/50
SJS,Andreas Johnsson,F,"LW, RW",,28,UFA,13.0,1.0,1.36577935,0.4969964374139079,NHL,,13079166.0,17/23,37/50
MTL,Anthony Richard,F,"LW, RW",,26,UFA,13.0,4.0,2.1090826,0.4370779129694015,Minor,,-2259166.0,20/23,37/50
EDM,Ryan Murray,D,LD,,29,UFA,13.0,2.0,0.47694809,0.5114567289294696,IR,,4070000.0,18/23,34/50
SEA,Cale Fleury,D,RD,,24,RFA,12.0,0.0,0.71980624,0.5486525803645215,NHL,,19343424.0,14/23,36/50
VAN,Noah Juulsen,D,RD,,26,UFA,12.0,0.0,0.23284473,0.4817598962185072,Minor,,5444583.0,17/23,38/50
NYI,Parker Wotherspoon,D,LD,,25,UFA,12.0,0.0,0.34993906,0.5432507153995363,NHL,,3536667.0,21/23,38/50
TOR,Jordie Benn,D,LD/RD,,35,UFA,12.0,2.0,1.12912236,0.3933495014040896,Minor,,4943550.0,17/23,35/50
SJS,Jacob Peterson,F,"LW, C",,23,RFA,12.0,5.0,2.79867681,0.5001394043136673,NHL,,13079166.0,17/23,37/50
OTT,Jacob Lucchini,F,"RW, C, LW",,28,UFA,11.0,1.0,1.53938988,0.5910752631961131,Minor,,16075953.0,11/23,30/50
TOR,Victor Mete,D,LD/RD,,25,RFA,11.0,0.0,0.34540013,0.3758408982551729,IR,,4943550.0,17/23,35/50
VAN,Travis Dermott,D,LD/RD,,26,RFA,11.0,1.0,0.61755333,0.4902579853116991,IR,,5444583.0,17/23,38/50
COL,Darren Helm,F,"C, LW, RW",,36,UFA,11.0,0.0,1.01086245,0.3803717685971476,NHL,,7575000.0,14/23,29/50
VGK,Brayden Pachal,D,RD,,23,RFA,10.0,0.0,0.48439866,0.549475575526609,NHL,,7462516.0,19/23,38/50
LAK,Tobias Bjornfot,D,LD,,22,RFA,10.0,0.0,0.26550962,0.4909158456648425,Minor,,3536666.0,16/23,31/50
FLA,Aleksi Heponiemi,F,"LW, C",,24,RFA,10.0,2.0,0.7876055000000001,0.2642931247810465,Minor,,9262499.0,16/23,32/50
TOR,Radim Zohorna,F,"C, LW, RW",,27,UFA,10.0,1.0,0.8361201,0.4921202589377078,Minor,,4943550.0,17/23,35/50
PIT,Ty Smith,D,LD/RD,,23,RFA,9.0,3.0,1.37668416,0.7062792681733959,Minor,,14208158.0,16/23,32/50
LAK,Samuel Fagemo,F,"LW, RW",,23,RFA,9.0,3.0,0.36661065,0.3197317437381529,Minor,,3536666.0,16/23,31/50
PHI,Max Willman,F,LW,,28,UFA,9.0,0.0,0.74748478,0.4212581315543786,Minor,,9372905.0,15/23,36/50
CHI,Buddy Robinson,F,RW,,31,UFA,9.0,2.0,0.7633636899999999,0.4863923527004108,Minor,,26594877.0,16/23,38/50
COL,Charles Hudon,F,"C, LW, RW",,29,UFA,9.0,0.0,1.45587787,0.593847781042144,Minor,,7575000.0,14/23,29/50
BOS,Anton Stralman,D,RD,,36,UFA,8.0,0.0,0.20372757,0.4795676105846506,Minor,,9937500.0,14/23,28/50
SJS,Derrick Pouliot,D,LD,,29,UFA,8.0,1.0,0.11930342,0.5684477195614714,Minor,,13079166.0,17/23,37/50
ANA,Jamie Drysdale,D,RD,,21,10.2(c),8.0,0.0,0.3409924,0.3854634286419486,NHL,,38048333.0,15/23,32/50
PHI,Olle Lycksell,F,RW,,23,RFA,8.0,0.0,0.4043406,0.2843225476513638,Minor,,9372905.0,15/23,36/50
VAN,Akito Hirose,D,LD,,24,10.2(c),7.0,1.0,0.13075518,0.3382917518948927,Minor,,5444583.0,17/23,38/50
ANA,Justin Kirkland,F,"LW, RW",,26,UFA,7.0,0.0,0.5807523099999999,0.5879894298956027,Minor,,38048333.0,15/23,32/50
MTL,Corey Schueneman,D,LD/RD,,27,UFA,7.0,0.0,0.21703574,0.4335142985547133,Minor,,-2259166.0,20/23,37/50
SEA,John Hayden,F,"C, RW",,28,UFA,7.0,2.0,0.97180264,0.4699375428484681,Minor,,19343424.0,14/23,36/50
CBJ,Joona Luoto,F,"LW, RW",,25,UFA,7.0,1.0,1.14897667,0.5297628554530608,Minor,,3754167.0,21/23,43/50
CHI,Austin Wagner,F,"RW, LW",,26,RFA,7.0,2.0,0.7890365,0.3791150367609722,NHL,,26594877.0,16/23,38/50
OTT,Jacob Larsson,D,LD,,26,UFA,7.0,0.0,0.05987322,0.4797653924325763,Minor,,16075953.0,11/23,30/50
WSH,Gabriel Carlsson,D,LD,,26,RFA,6.0,1.0,0.2739886,0.2603747922758728,Minor,,6313333.0,17/23,36/50
COL,Sampo Ranta,F,LW,,23,RFA,6.0,0.0,0.6648035999999999,0.62561038197171,Minor,,7575000.0,14/23,29/50
TOR,Mac Hollowell,D,RD,,24,RFA,6.0,1.0,0.1294642999999999,0.3842251154698456,Minor,,4943550.0,17/23,35/50
DAL,Marian Studenic,F,"LW, RW",,24,RFA,6.0,0.0,1.0960266,0.5744628569676169,Minor,,4144671.0,18/23,35/50
NSH,John Leonard,F,"LW, RW",,24,RFA,6.0,1.0,0.5144012,0.3162169804088158,Minor,,17769691.0,17/23,36/50
OTT,Rourke Chartier,F,C,,27,UFA,6.0,0.0,0.8577018000000001,0.4897207247595975,Minor,,16075953.0,11/23,30/50
WSH,Dylan McIlrath,D,RD,,31,UFA,6.0,0.0,0.2341692,0.4787152340239998,Minor,,6313333.0,17/23,36/50
CAR,Max Pacioretty,F,LW,,34,UFA,5.0,3.0,2.56239297,0.6036368062837209,IR,,20223083.0,18/23,30/50
BOS,Joona Koppanen,F,"LW, C",,25,UFA,5.0,0.0,0.1307929,0.3373297662090634,Minor,,9937500.0,14/23,28/50
COL,Mikhail Maltsev,F,"C, LW",,25,UFA,5.0,0.0,0.1271308,0.396379557688711,Minor,,7575000.0,14/23,29/50
OTT,Egor Sokolov,F,LW,,23,RFA,5.0,2.0,0.51871666,0.7843868242758123,Minor,,16075953.0,11/23,30/50
PHI,Jackson Cates,F,C,,25,UFA,5.0,0.0,0.48643179,0.3225119436784776,Minor,,9372905.0,15/23,36/50
ARI,Bokondji Imama,F,LW,,26,UFA,5.0,0.0,0.023521,0.0848224998462993,Minor,,27247856.0,13/23,32/50
WSH,Connor Brown,F,"RW, LW",,29,UFA,4.0,0.0,0.4539518999999999,0.2894976691845,IR,,6313333.0,17/23,36/50
ARI,Nathan Smith,F,C,,24,RFA,4.0,0.0,0.1996185,0.1727584212662719,Minor,,27247856.0,13/23,32/50
STL,Steven Santini,D,RD,,28,UFA,4.0,1.0,0.09250706,0.6224839547400278,Minor,,2935238.0,19/23,40/50
SJS,Jeffrey Viel,F,LW,,26,UFA,4.0,0.0,0.593478,0.4267670766992423,NHL,,13079166.0,17/23,37/50
PIT,Drake Caggiula,F,"LW, RW",,29,UFA,4.0,0.0,0.0725321,0.3012477415008001,Minor,,14208158.0,16/23,32/50
CAR,Maxime Lajoie,D,LD,,25,UFA,3.0,0.0,0.0679454,0.5010000080136416,NHL,,20223083.0,18/23,30/50
DAL,Riley Tufte,F,LW,,25,UFA,3.0,0.0,0.0683821,0.1065569811701681,Minor,,4144671.0,18/23,35/50
MTL,Frederic Allard,D,RD,,25,UFA,3.0,0.0,0.29850834,0.6456654917033954,Minor,,-2259166.0,20/23,37/50
PIT,Jonathan Gruden,F,LW,,23,RFA,3.0,0.0,0.0,0.2369476725315948,Minor,,14208158.0,16/23,32/50
ANA,Benoit-Olivier Groulx,F,C,,23,RFA,2.0,0.0,0.2551114,0.2150913095826593,Minor,,38048333.0,15/23,32/50
MTL,Joel Teasdale,F,"RW, LW",,24,RFA,2.0,0.0,0.13678687,0.6479198507059727,Minor,,-2259166.0,20/23,37/50
TOR,Nick Abruzzese,F,"LW, C",,24,10.2(c),2.0,2.0,0.159727,0.6770938477594828,Minor,,4943550.0,17/23,35/50
CGY,Matthew Phillips,F,C,,25,UFA,2.0,0.0,0.13424,0.7170801029519455,Minor,,1400000.0,18/23,36/50
FLA,Lucas Carlsson,D,LD,,25,UFA,2.0,0.0,0.0737492,0.5630530662429591,NHL,,9262499.0,16/23,32/50
CBJ,Justin Richards,F,"C, RW",,25,UFA,2.0,0.0,0.0,0.2140411256592682,Minor,,3754167.0,21/23,43/50
TOR,Filip Kral,D,LD,,23,RFA,2.0,0.0,0.0187129,0.5211626562310875,Minor,,4943550.0,17/23,35/50
MIN,Dakota Mermis,D,LD/RD,,29,UFA,2.0,0.0,0.0429719999999999,0.5118347369929459,Minor,,7293912.0,16/23,34/50
BOS,Marc McLaughlin,F,C,,23,RFA,2.0,0.0,0.0723812,0.2331144597273076,Minor,,9937500.0,14/23,28/50
PHI,Ronnie Attard,D,RD,,24,RFA,2.0,0.0,0.18757659,0.4791247561545717,Minor,,9372905.0,15/23,36/50
PIT,Filip Hallander,F,C,,22,RFA,2.0,0.0,0.0,0.1448537869139989,Minor,,14208158.0,16/23,32/50
STL,Dmitri Samorukov,D,LD,,24,UFA,2.0,0.0,0.2065957,0.4823319087776735,Minor,,2935238.0,19/23,40/50
STL,Matthew Highmore,F,"LW, RW",,27,UFA,2.0,0.0,0.0538169,0.3485376171814233,Minor,,2935238.0,19/23,40/50
ARI,Jan Jenik,F,C,,22,RFA,2.0,0.0,0.0,0.2538980814245015,Minor,,27247856.0,13/23,32/50
EDM,Tyler Benson,F,"LW, RW",,25,UFA,2.0,0.0,0.1047268,0.3212177040564032,Minor,,4070000.0,18/23,34/50
BOS,Vinni Lettieri,F,"C, RW",,28,UFA,1.0,0.0,0.0177022,0.2320297331759638,Minor,,9937500.0,14/23,28/50
BOS,Chris Wagner,F,"RW, C",,32,UFA,1.0,0.0,0.0446246,0.2532870266681771,Minor,,9937500.0,14/23,28/50
CAR,Ondrej Kase,F,RW,,27,UFA,1.0,0.0,0.06036976,0.821532437478929,IR,,20223083.0,18/23,30/50
BOS,Connor Carrick,D,RD,,29,UFA,1.0,1.0,0.0475412,0.6567253352329544,Minor,,9937500.0,14/23,28/50
MIN,Nick Swaney,F,RW,,25,RFA,1.0,0.0,0.0,0.0802875473712154,Minor,,7293912.0,16/23,34/50
EDM,Jason Demers,D,RD,,35,UFA,1.0,0.0,0.0223043,0.2129953081955782,Minor,,4070000.0,18/23,34/50
LAK,Lias Andersson,F,"C, LW",,24,RFA,1.0,0.0,0.1015335,0.1845967061698702,Minor,,3536666.0,16/23,31/50
MIN,Damien Giroux,F,C,,23,RFA,1.0,0.0,0.0,0.342534189749972,Minor,,7293912.0,16/23,34/50
MTL,Lucas Condotta,F,LW,,25,RFA,1.0,1.0,1.1025976,0.7667897253533121,Minor,,-2259166.0,20/23,37/50
NYI,Cole Bardreau,F,C,,29,UFA,1.0,0.0,0.0677121,1.0,Minor,,3536667.0,21/23,38/50
SJS,Kyle Criscuolo,F,C,,31,UFA,1.0,1.0,0.229858,0.3783341554332549,Minor,,13079166.0,17/23,37/50
STL,Hugh McGing,F,"LW, C",,24,RFA,1.0,0.0,0.0,0.8517607635791667,Minor,,2935238.0,19/23,40/50
TOR,Semyon Der-Arguchintsev,F,C,,22,RFA,1.0,0.0,0.0,0.3748175504354536,Minor,,4943550.0,17/23,35/50
WSH,Henrik Borgstrom,F,C,,25,RFA,1.0,0.0,0.0,0.0796242624889146,Minor,,6313333.0,17/23,36/50
ANA,Anthony Stolarz,G,G,,29,UFA,,,,,NHL,,38048333.0,15/23,32/50
ANA,Bryce Kindopp,F,RW,,24,RFA,,,,,Minor,,38048333.0,15/23,32/50
ANA,Josiah Slavin,F,C,,24,RFA,,,,,Minor,,38048333.0,15/23,32/50
ANA,Dylan Sikura,F,"LW, RW, C",,28,UFA,,,,,Minor,,38048333.0,15/23,32/50
ANA,Axel Andersson,D,RD,,23,RFA,,,,,Minor,,38048333.0,15/23,32/50
ANA,Michael Del Zotto,D,LD,,33,UFA,,,,,Minor,,38048333.0,15/23,32/50
ANA,Olli Juolevi,D,LD,,25,UFA,,,,,Minor,,38048333.0,15/23,32/50
ANA,Chase Priskie,D,RD,,27,UFA,,,,,Minor,,38048333.0,15/23,32/50
ANA,Olle Eriksson Ek,G,G,,24,RFA,,,,,Minor,,38048333.0,15/23,32/50
ANA,John Moore,D,LD,,32,UFA,,,,,IR,,38048333.0,15/23,32/50
ANA,Lukas Dostal,G,G,,23,RFA,,,,,NHL,,38048333.0,15/23,32/50
ANA,Maxime Comtois,F,LW,,24,RFA,,,,,NHL,,38048333.0,15/23,32/50
ARI,David Tendeck,G,G,,23,RFA,,,,,Minor,,27247856.0,13/23,32/50
ARI,Ivan Prosvetov,G,G,,24,RFA,,,,,Minor,,27247856.0,13/23,32/50
ARI,Cameron Crotty,D,RD,,24,RFA,,,,,Minor,,27247856.0,13/23,32/50
BOS,Jeremy Swayman,G,G,,24,RFA,,,,,NHL,,9937500.0,14/23,28/50
BOS,Jack Ahcan,D,LD,,26,UFA,,,,,Minor,,9937500.0,14/23,28/50
BOS,Ian Mitchell,D,RD,,24,RFA,,,,,NHL,,9937500.0,14/23,28/50
BOS,Michael DiPietro,G,G,,24,RFA,,,,,Minor,,9937500.0,14/23,28/50
BOS,Kai Wissmann,D,RD,,26,RFA,,,,,Minor,,9937500.0,14/23,28/50
BOS,Reilly Walsh,D,RD,,24,RFA,,,,,Minor,,9937500.0,14/23,28/50
BOS,Alec Regula,D,RD,,22,RFA,,,,,Minor,,9937500.0,14/23,28/50
BOS,Matt Filipe,F,"C, LW",,25,UFA,,,,,Minor,,9937500.0,14/23,28/50
BOS,Samuel Asselin,F,C,,24,RFA,,,,,Minor,,9937500.0,14/23,28/50
BOS,Nick Wolff,D,LD,,26,UFA,,,,,Minor,,9937500.0,14/23,28/50
BOS,Kyle Keyser,G,G,,24,RFA,,,,,Minor,,9937500.0,14/23,28/50
BUF,Malcolm Subban,G,G,,29,UFA,,,,,Minor,,13459763.0,22/23,37/50
BUF,Michael Houser,G,G,,30,UFA,,,,,Minor,,13459763.0,22/23,37/50
BUF,Sean Malone,F,C,,28,UFA,,,,,Minor,,13459763.0,22/23,37/50
BUF,Linus Weissbach,F,"LW, RW",,25,RFA,,,,,Minor,,13459763.0,22/23,37/50
BUF,Austin Strand,D,RD,,26,UFA,,,,,Minor,,13459763.0,22/23,37/50
BUF,Matej Pekar,F,"C, RW",,23,RFA,,,,,Minor,,13459763.0,22/23,37/50
BUF,Brett Murray,F,LW,,24,RFA,,,,,Minor,,13459763.0,22/23,37/50
CAR,Frederik Andersen,G,G,,33,UFA,,,,,NHL,,20223083.0,18/23,30/50
CAR,Antti Raanta,G,G,,34,UFA,,,,,NHL,,20223083.0,18/23,30/50
CAR,Jake Gardiner,D,LD,,32,UFA,,,,,IR,,20223083.0,18/23,30/50
CAR,Jack Dugan,F,LW,,25,UFA,,,,,Minor,,20223083.0,18/23,30/50
CAR,Stelio Mattheos,F,C,,24,RFA,,,,,Minor,,20223083.0,18/23,30/50
CAR,Ryan Dzingel,F,"LW, RW, C",,31,UFA,,,,,Minor,,20223083.0,18/23,30/50
CAR,Malte Stromwall,F,RW,,28,UFA,,,,,Minor,,20223083.0,18/23,30/50
CAR,Dominik Bokk,F,"LW, RW",,23,RFA,,,,,Loan,,20223083.0,18/23,30/50
CAR,Calvin De Haan,D,LD/RD,,32,UFA,,,,,NHL,,20223083.0,18/23,30/50
CAR,Zach Sawchenko,G,G,,25,UFA,,,,,Minor,,20223083.0,18/23,30/50
CAR,Mackenzie MacEachern,F,"LW, RW",,29,UFA,,,,,NHL,,20223083.0,18/23,30/50
CAR,William Lagesson,D,LD,,27,UFA,,,,,Minor,,20223083.0,18/23,30/50
CAR,Cavan Fitzgerald,D,LD,,26,UFA,,,,,Minor,,20223083.0,18/23,30/50
CBJ,Jon Gillies,G,G,,29,UFA,,,,,Minor,,3754167.0,21/23,43/50
CBJ,Michael Hutchinson,G,G,,33,UFA,,,,,Minor,,3754167.0,21/23,43/50
CGY,Colton Poolman,D,LD,,27,UFA,,,,,Minor,,1400000.0,18/23,36/50
CGY,Mathias Emilio Pettersen,F,C,,23,RFA,,,,,Minor,,1400000.0,18/23,36/50
CGY,Dryden Hunt,F,"LW, RW",,27,UFA,,,,,Minor,,1400000.0,18/23,36/50
CGY,Martin Pospisil,F,RW,,23,RFA,,,,,Minor,,1400000.0,18/23,36/50
CGY,Benjamin Jones,F,C,,24,RFA,,,,,Minor,,1400000.0,18/23,36/50
CGY,Nicolas Meloche,D,RD,,25,UFA,,,,,Minor,,1400000.0,18/23,36/50
CHI,Anton Khudobin,G,G,,37,UFA,,,,,Minor,,26594877.0,16/23,38/50
CHI,Alex Stalock,G,G,,35,UFA,,,,,NHL,,26594877.0,16/23,38/50
CHI,Andy Welinski,D,RD,,30,UFA,,,,,Minor,,26594877.0,16/23,38/50
CHI,Jakub Galvas,D,LD,,24,RFA,,,,,Minor,,26594877.0,16/23,38/50
CHI,Cameron Hillis,F,C,,23,RFA,,,,,Minor,,26594877.0,16/23,38/50
CHI,Maxim Golod,F,LW,,22,RFA,,,,,Minor,,26594877.0,16/23,38/50
CHI,Hunter Drew,F,"RW, RD",,24,RFA,,,,,Minor,,26594877.0,16/23,38/50
COL,Keith Kinkaid,G,G,,33,UFA,,,,,Minor,,7575000.0,14/23,29/50
COL,Ryan Merkley,D,RD,,22,RFA,,,,,Minor,,7575000.0,14/23,29/50
COL,Josh Jacobs,D,RD,,27,UFA,,,,,Minor,,7575000.0,14/23,29/50
COL,Justus Annunen,G,G,,23,RFA,,,,,Minor,,7575000.0,14/23,29/50
COL,Ross Colton,F,"LW, C",,26,RFA,,,,,NHL,,7575000.0,14/23,29/50
DAL,Jerad Rosburg,D,LD,,27,UFA,,,,,Minor,,4144671.0,18/23,35/50
DAL,Ryan Shea,D,LD,,26,UFA,,,,,Minor,,4144671.0,18/23,35/50
DAL,Adam Scheel,G,G,,24,RFA,,,,,Minor,,4144671.0,18/23,35/50
DAL,Nicholas Caamano,F,"LW, RW",,24,RFA,,,,,Minor,,4144671.0,18/23,35/50
DAL,Dylan Wells,G,G,,25,UFA,,,,,NHL,,4144671.0,18/23,35/50
DAL,Benjamin Gleason,D,LD,,25,UFA,,,,,Minor,,4144671.0,18/23,35/50
DAL,Will Butcher,D,LD,,28,UFA,,,,,Minor,,4144671.0,18/23,35/50
DAL,Dawson Barteaux,D,RD,,23,RFA,,,,,Minor,,4144671.0,18/23,35/50
DAL,Oskari Laaksonen,D,RD,,23,RFA,,,,,Minor,,4144671.0,18/23,35/50
DAL,Riley Damiani,F,C,,23,RFA,,,,,Minor,,4144671.0,18/23,35/50
DAL,Scott Reedy,F,C,,24,RFA,,,,,Minor,,4144671.0,18/23,35/50
DAL,Rhett Gardner,F,"C, LW",,27,UFA,,,,,Minor,,4144671.0,18/23,35/50
DAL,Tanner Kero,F,"C, LW",,30,UFA,,,,,Minor,,4144671.0,18/23,35/50
DAL,Riley Barber,F,RW,,29,UFA,,,,,Minor,,4144671.0,18/23,35/50
DET,Chase Pearson,F,C,,25,UFA,,,,,Minor,,29665278.0,15/23,28/50
DET,Pontus Andreasson,F,"C, LW",,24,RFA,,,,,Minor,,29665278.0,15/23,28/50
DET,Jasper Weatherby,F,C,,25,RFA,,,,,Minor,,29665278.0,15/23,28/50
DET,Dylan McLaughlin,F,C,,28,UFA,,,,,Minor,,29665278.0,15/23,28/50
DET,Danny O'Regan,F,"C, LW",,29,UFA,,,,,Minor,,29665278.0,15/23,28/50
DET,Seth Barton,D,RD,,23,RFA,,,,,Minor,,29665278.0,15/23,28/50
DET,Jared McIsaac,D,LD,,23,RFA,,,,,Minor,,29665278.0,15/23,28/50
DET,Wyatt Newpower,D,RD,,25,RFA,,,,,Minor,,29665278.0,15/23,28/50
DET,Mark Pysyk,D,RD,,31,UFA,,,,,IR,,29665278.0,15/23,28/50
DET,John Lethemon,G,G,,26,RFA,,,,,Minor,,29665278.0,15/23,28/50
DET,Magnus Hellberg,G,G,,32,UFA,,,,,NHL,,29665278.0,15/23,28/50
DET,Alex Nedeljkovic,G,G,,27,UFA,,,,,Minor,,29665278.0,15/23,28/50
DET,Joseph Veleno,F,C,,23,RFA,,,,,NHL,,29665278.0,15/23,28/50
EDM,Oscar Klefbom,D,LD,,29,UFA,,,,,IR,,4070000.0,18/23,34/50
EDM,Olivier Rodrigue,G,G,,22,RFA,,,,,Minor,,4070000.0,18/23,34/50
EDM,Slater Koekkoek,D,LD/RD,,29,UFA,,,,,Minor,,4070000.0,18/23,34/50
EDM,Mike Smith,G,G,,41,UFA,,,,,IR,,4070000.0,18/23,34/50
EDM,Justin Bailey,F,RW,,27,UFA,,,,,Minor,,4070000.0,18/23,34/50
EDM,Noah Philp,F,C,,24,RFA,,,,,Minor,,4070000.0,18/23,34/50
EDM,Raphael Lavoie,F,"RW, C",,22,RFA,,,,,Minor,,4070000.0,18/23,34/50
FLA,Max Gildon,D,LD,,24,RFA,,,,,Minor,,9262499.0,16/23,32/50
FLA,Connor Bunnaman,F,"C, LW",,25,UFA,,,,,Minor,,9262499.0,16/23,32/50
FLA,Gerald Mayhew,F,"C, RW",,30,UFA,,,,,Minor,,9262499.0,16/23,32/50
FLA,Serron Noel,F,RW,,22,RFA,,,,,Minor,,9262499.0,16/23,32/50
FLA,Henry Bowlby,F,C,,26,UFA,,,,,Minor,,9262499.0,16/23,32/50
FLA,John Ludvig,D,LD,,22,10.2(c),,,,,Minor,,9262499.0,16/23,32/50
FLA,Logan Hutsko,F,C,,24,RFA,,,,,Minor,,9262499.0,16/23,32/50
FLA,Jean-Francois Berube,G,G,,31,UFA,,,,,Minor,,9262499.0,16/23,32/50
FLA,Anthony Bitetto,D,LD,,32,UFA,,,,,Minor,,9262499.0,16/23,32/50
FLA,Evan Fitzpatrick,G,G,,25,UFA,,,,,NHL,,9262499.0,16/23,32/50
FLA,Alex Lyon,G,G,,30,UFA,,,,,NHL,,9262499.0,16/23,32/50
LAK,Taylor Ward,F,RW,,25,RFA,,,,,Minor,,3536666.0,16/23,31/50
LAK,Aidan Dudas,F,LW,,23,RFA,,,,,Minor,,3536666.0,16/23,31/50
LAK,Tyler Madden,F,C,,23,RFA,,,,,Minor,,3536666.0,16/23,31/50
LAK,Nathan Schnarr,F,C,,24,RFA,,,,,Minor,,3536666.0,16/23,31/50
LAK,Akil Thomas,F,C,,23,RFA,,,,,Minor,,3536666.0,16/23,31/50
LAK,Jacob Ingham,G,G,,23,10.2(c),,,,,Minor,,3536666.0,16/23,31/50
LAK,David Hrenak,G,G,,25,RFA,,,,,Minor,,3536666.0,16/23,31/50
LAK,Matt Villalta,G,G,,24,RFA,,,,,Minor,,3536666.0,16/23,31/50
LAK,Joonas Korpisalo,G,G,,29,UFA,,,,,NHL,,3536666.0,16/23,31/50
LAK,Tobie Paquette-Bisson,D,LD,,26,RFA,,,,,Minor,,3536666.0,16/23,31/50
MIN,Zane McIntyre,G,G,,30,UFA,,,,,Minor,,7293912.0,16/23,34/50
MIN,Mitchell Chaffee,F,RW,,25,UFA,,,,,Minor,,7293912.0,16/23,34/50
MIN,Brandon Baddock,F,"LW, C",,28,UFA,,,,,Minor,,7293912.0,16/23,34/50
MIN,Filip Gustavsson,G,G,,25,RFA,,,,,NHL,,7293912.0,16/23,34/50
MIN,Joe Hicketts,D,LD,,27,UFA,,,,,Minor,,7293912.0,16/23,34/50
MTL,Alex Newhook,F,"LW, C",,22,RFA,,,,,NHL,,-2259166.0,20/23,37/50
MTL,Madison Bowey,D,RD,,28,UFA,,,,,Minor,,-2259166.0,20/23,37/50
MTL,Nicolas Beaudin,D,LD,,23,RFA,,,,,Minor,,-2259166.0,20/23,37/50
MTL,Paul Byron,F,"LW, RW",,34,UFA,,,,,IR,,-2259166.0,20/23,37/50
MTL,Mitchell Stephens,F,C,,26,RFA,,,,,Minor,,-2259166.0,20/23,37/50
NJD,Jayce Hawryluk,F,"RW, LW",,27,UFA,,,,,Minor,,9207500.0,16/23,31/50
NJD,Shane Bowers,F,C,,23,RFA,,,,,Minor,,9207500.0,16/23,31/50
NJD,Timur Ibragimov,F,LW,,22,RFA,,,,,Minor,,9207500.0,16/23,31/50
NJD,Aarne Talvitie,F,C,,24,RFA,,,,,Minor,,9207500.0,16/23,31/50
NJD,Mason Geertsen,F,"LW, LD",,28,UFA,,,,,Minor,,9207500.0,16/23,31/50
NJD,Brian Pinho,F,"C, RW",,28,UFA,,,,,Minor,,9207500.0,16/23,31/50
NJD,Zackary Hayes,D,LD,,24,RFA,,,,,Minor,,9207500.0,16/23,31/50
NJD,Zacharie Emond,G,G,,23,10.2(c),,,,,Minor,,9207500.0,16/23,31/50
NJD,Jeremy Groleau,D,LD,,23,RFA,,,,,Minor,,9207500.0,16/23,31/50
NJD,Jonathan Bernier,G,G,,34,UFA,,,,,IR,,9207500.0,16/23,31/50
NSH,Markus Nurmi,F,"RW, LW",,24,RFA,,,,,Minor,,17769691.0,17/23,36/50
NSH,Devin Cooley,G,G,,26,UFA,,,,,Minor,,17769691.0,17/23,36/50
NSH,Tomas Vomacka,G,G,,24,RFA,,,,,Minor,,17769691.0,17/23,36/50
NSH,Jimmy Huntington,F,C,,24,RFA,,,,,Minor,,17769691.0,17/23,36/50
NSH,Anthony Angello,F,"C, RW",,27,UFA,,,,,Minor,,17769691.0,17/23,36/50
NSH,Isaac Ratcliffe,F,LW,,24,RFA,,,,,Minor,,17769691.0,17/23,36/50
NSH,Austin Rueschhoff,F,RW,,25,UFA,,,,,Minor,,17769691.0,17/23,36/50
NSH,Zachary Sanford,F,"LW, RW",,28,UFA,,,,,NHL,,17769691.0,17/23,36/50
NSH,Alex Galchenyuk,F,"LW, C, RW",,29,UFA,,,,,Minor,,17769691.0,17/23,36/50
NYI,Blade Jenkins,F,LW,,22,RFA,,,,,Minor,,3536667.0,21/23,38/50
NYI,Collin Adams,F,LW,,25,RFA,,,,,Minor,,3536667.0,21/23,38/50
NYI,Semyon Varlamov,G,G,,35,UFA,,,,,NHL,,3536667.0,21/23,38/50
NYI,Jeff Kubiak,F,C,,29,UFA,,,,,Minor,,3536667.0,21/23,38/50
NYI,Richard Panik,F,"LW, RW",,32,UFA,,,,,Loan,,3536667.0,21/23,38/50
NYI,Cory Schneider,G,G,,37,UFA,,,,,Minor,,3536667.0,21/23,38/50
NYI,Jakub Skarek,G,G,,23,RFA,,,,,Minor,,3536667.0,21/23,38/50
NYI,Bode Wilde,D,RD,,23,RFA,,,,,Minor,,3536667.0,21/23,38/50
NYR,Wyatt Kalynuk,D,LD,,26,UFA,,,,,Minor,,10762917.0,14/23,34/50
NYR,Jaroslav Halak,G,G,,38,UFA,,,,,NHL,,10762917.0,14/23,34/50
NYR,Alexis Lafreniere,F,"LW, RW",,21,RFA,,,,,NHL,,10762917.0,14/23,34/50
NYR,C.J. Smith,F,LW,,28,UFA,,,,,Minor,,10762917.0,14/23,34/50
NYR,Cooper Zech,D,LD,,24,RFA,,,,,Minor,,10762917.0,14/23,34/50
NYR,Brandon Scanlin,D,LD,,24,RFA,,,,,Minor,,10762917.0,14/23,34/50
NYR,Patrick Khodorenko,F,C,,24,RFA,,,,,Minor,,10762917.0,14/23,34/50
NYR,Lauri Pajuniemi,F,RW,,23,RFA,,,,,Minor,,10762917.0,14/23,34/50
NYR,Tim Gettinger,F,"LW, RW",,25,UFA,,,,,Minor,,10762917.0,14/23,34/50
NYR,William Lockwood,F,RW,,25,UFA,,,,,Minor,,10762917.0,14/23,34/50
NYR,Ty Emberson,D,RD,,23,10.2(c),,,,,Minor,,10762917.0,14/23,34/50
OTT,Dylan Ferguson,G,G,,24,UFA,,,,,Minor,,16075953.0,11/23,30/50
OTT,Cam Talbot,G,G,,35,UFA,,,,,NHL,,16075953.0,11/23,30/50
OTT,Antoine Bibeau,G,G,,29,UFA,,,,,Minor,,16075953.0,11/23,30/50
OTT,Kevin Mandolese,G,G,,22,RFA,,,,,Minor,,16075953.0,11/23,30/50
OTT,Jonathan Aspirot,D,LD,,24,UFA,,,,,Minor,,16075953.0,11/23,30/50
OTT,Scott Sabourin,F,RW,,30,UFA,,,,,Minor,,16075953.0,11/23,30/50
PHI,Wyatte Wylie,D,RD,,23,UFA,,,,,Minor,,9372905.0,15/23,36/50
PHI,Troy Grosenick,G,G,,33,UFA,,,,,Minor,,9372905.0,15/23,36/50
PIT,Tristan Jarry,G,G,,28,UFA,,,,,NHL,,14208158.0,16/23,32/50
PIT,Filip Lindberg,G,G,,24,10.2(c),,,,,Minor,,14208158.0,16/23,32/50
PIT,Joshua Maniscalco,D,RD,,24,RFA,,,,,Minor,,14208158.0,16/23,32/50
PIT,Peter Diliberatore,D,LD,,23,RFA,,,,,Minor,,14208158.0,16/23,32/50
PIT,Colin Swoyer,D,RD,,25,RFA,,,,,Minor,,14208158.0,16/23,32/50
PIT,Dustin Tokarski,G,G,,33,UFA,,,,,Minor,,14208158.0,16/23,32/50
SEA,Brogan Rafferty,D,RD,,28,UFA,,,,,Minor,,19343424.0,14/23,36/50
SEA,Carsen Twarynski,F,LW,,25,UFA,,,,,Minor,,19343424.0,14/23,36/50
SEA,Alex True,F,"C, RW",,25,UFA,,,,,Minor,,19343424.0,14/23,36/50
SEA,Joey Daccord,G,G,,26,UFA,,,,,Minor,,19343424.0,14/23,36/50
SEA,Kole Lind,F,RW,,24,RFA,,,,,Minor,,19343424.0,14/23,36/50
SEA,Austin Poganski,F,RW,,27,UFA,,,,,Minor,,19343424.0,14/23,36/50
SEA,William Borgen,D,RD,,26,RFA,,,,,NHL,,19343424.0,14/23,36/50
SEA,Martin Jones,G,G,,33,UFA,,,,,NHL,,19343424.0,14/23,36/50
SEA,Joonas Donskoi,F,RW,,31,UFA,,,,,IR,,19343424.0,14/23,36/50
SEA,Christopher Gibson,G,G,,30,UFA,,,,,Minor,,19343424.0,14/23,36/50
SJS,Strauss Mann,G,G,,24,RFA,,,,,Minor,,13079166.0,17/23,37/50
SJS,Aaron Dell,G,G,,34,UFA,,,,,Minor,,13079166.0,17/23,37/50
SJS,C.J. Suess,F,LW,,29,UFA,,,,,Minor,,13079166.0,17/23,37/50
SJS,James Reimer,G,G,,35,UFA,,,,,NHL,,13079166.0,17/23,37/50
SJS,Mackenzie Blackwood,G,G,,26,RFA,,,,,NHL,,13079166.0,17/23,37/50
SJS,Andrej Sustr,D,RD,,32,UFA,,,,,Minor,,13079166.0,17/23,37/50
SJS,Eetu Makiniemi,G,G,,24,RFA,,,,,Minor,,13079166.0,17/23,37/50
STL,Nathan Todd,F,C,,27,UFA,,,,,Minor,,2935238.0,19/23,40/50
STL,Luke Witkowski,F,"RW, RD",,33,UFA,,,,,Minor,,2935238.0,19/23,40/50
STL,Thomas Greiss,G,G,,37,UFA,,,,,NHL,,2935238.0,19/23,40/50
STL,Brady Lyle,D,RD,,24,UFA,,,,,Minor,,2935238.0,19/23,40/50
TBL,Pierre-Cedric Labrie,F,LW,,36,UFA,,,,,Minor,,-550000.0,17/23,39/50
TBL,Grant Mismash,F,LW,,24,RFA,,,,,Minor,,-550000.0,17/23,39/50
TBL,Simon Ryfors,F,"C, LW, RW",,25,RFA,,,,,Minor,,-550000.0,17/23,39/50
TBL,Gemel Smith,F,C,,29,UFA,,,,,Minor,,-550000.0,17/23,39/50
TBL,Daniel Walcott,F,LW,,29,UFA,,,,,Minor,,-550000.0,17/23,39/50
TBL,Dmitri Semykin,D,LD,,23,RFA,,,,,Minor,,-550000.0,17/23,39/50
TBL,Brian Elliott,G,G,,38,UFA,,,,,NHL,,-550000.0,17/23,39/50
TBL,Trevor Carrick,D,LD,,28,UFA,,,,,Minor,,-550000.0,17/23,39/50
TOR,Ilya Samsonov,G,G,,26,RFA,,,,,NHL,,4943550.0,17/23,35/50
TOR,Erik Kallgren,G,G,,26,UFA,,,,,Minor,,4943550.0,17/23,35/50
VAN,Carson Focht,F,C,,23,RFA,,,,,Minor,,5444583.0,17/23,38/50
VAN,Justin Dowling,F,"C, LW",,32,UFA,,,,,Minor,,5444583.0,17/23,38/50
VAN,John Stevens,F,C,,29,UFA,,,,,Minor,,5444583.0,17/23,38/50
VAN,Collin Delia,G,G,,29,UFA,,,,,NHL,,5444583.0,17/23,38/50
VAN,Brady Keeper,D,RD,,27,UFA,,,,,Minor,,5444583.0,17/23,38/50
VGK,Laurent Brossoit,G,G,,30,UFA,,,,,NHL,,7462516.0,19/23,38/50
VGK,Nolan Patrick,F,"C, RW",,24,RFA,,,,,IR,,7462516.0,19/23,38/50
VGK,Spencer Foo,F,"RW, C",,29,UFA,,,,,Minor,,7462516.0,19/23,38/50
VGK,Connor Corcoran,D,RD,,22,10.2(c),,,,,Minor,,7462516.0,19/23,38/50
VGK,Maxim Marushev,F,C,,24,RFA,,,,,Minor,,7462516.0,19/23,38/50
VGK,Jiri Patera,G,G,,24,RFA,,,,,Minor,,7462516.0,19/23,38/50
VGK,Adin Hill,G,G,,27,UFA,,,,,NHL,,7462516.0,19/23,38/50
VGK,Jonathan Quick,G,G,,37,UFA,,,,,NHL,,7462516.0,19/23,38/50
WPG,Mikhail Berdin,G,G,,25,UFA,,,,,Loan,,7992143.0,16/23,35/50
WPG,Evan Cormier,G,G,,25,UFA,,,,,Minor,,7992143.0,16/23,35/50
WPG,Arvid Holm,G,G,,24,RFA,,,,,Minor,,7992143.0,16/23,35/50
WPG,David Rittich,G,G,,30,UFA,,,,,NHL,,7992143.0,16/23,35/50
WPG,Rasmus Kupari,F,"C, LW, RW",,23,RFA,,,,,NHL,,7992143.0,16/23,35/50
WPG,Alex Limoges,F,"C, LW",,25,RFA,,,,,Minor,,7992143.0,16/23,35/50
WPG,Gabriel Vilardi,F,"RW, C",,23,RFA,,,,,NHL,,7992143.0,16/23,35/50
WPG,Declan Chisholm,D,LD/RD,,23,RFA,,,,,Minor,,7992143.0,16/23,35/50
WPG,Leon Gawanke,D,LD/RD,,24,RFA,,,,,Minor,,7992143.0,16/23,35/50
WSH,Garrett Pilon,F,C,,25,UFA,,,,,Minor,,6313333.0,17/23,36/50
WSH,Michael Vecchione,F,"C, RW",,30,UFA,,,,,Minor,,6313333.0,17/23,36/50
WSH,Bobby Nardella,D,LD,,27,UFA,,,,,Minor,,6313333.0,17/23,36/50
WSH,Zachary Fucale,G,G,,28,UFA,,,,,Minor,,6313333.0,17/23,36/50
WSH,Hunter Shepard,G,G,,27,UFA,,,,,Minor,,6313333.0,17/23,36/50
WSH,Carl Hagelin,F,LW,,34,UFA,,,,,IR,,6313333.0,17/23,36/50
WSH,Kody Clark,F,RW,,23,RFA,,,,,SOIR,,6313333.0,17/23,36/50
WSH,Riley Sutter,F,RW,,23,RFA,,,,,Minor,,6313333.0,17/23,36/50
