team,line,LW,num_LW,gp_LW,toi_pg_LW,g_LW,a1_LW,a2_LW,iXG_LW,iFW_LW,xg_perc_LW,ppts_LW,info_LW,C,num_C,gp_C,toi_pg_C,g_C,a1_C,a2_C,iXG_C,iFW_C,xg_perc_C,ppts_C,info_C,RW,num_RW,gp_RW,toi_pg_RW,g_RW,a1_RW,a2_RW,iXG_RW,iFW_RW,xg_perc_RW,ppts_RW,info_RW,full
ANA,1st line,77 Frank Vatrano,77,50.0,16.936666666666667,11.0,8.0,4.0,12.55788137,186.0,0.3361064663508074,19.0,"**77 Frank Vatrano**



GP:50 | G:11 | A:12

PTS: 23 | XGF:33.61%

iOff: | Off: | Def:",37 Mason McTavish,37,49.0,14.85374149659864,10.0,12.0,6.0,11.93492423,143.0,0.4321856091236246,22.0,"**37 Mason McTavish**



GP:49 | G:10 | A:18

PTS: 28 | XGF:43.22%

iOff: | Off: | Def:",49 Max Jones,49,37.0,11.707657657657656,4.0,1.0,2.0,6.61626645,71.0,0.4182758621573237,5.0,"**49 Max Jones**



GP:37 | G:4 | A:3

PTS: 7 | XGF:41.83%

iOff: | Off: | Def:",Anaheim Ducks
ANA,2nd line,14 Adam Henrique,14,49.0,18.09047619047619,18.0,7.0,5.0,14.95209372,136.0,0.5116251493919293,25.0,"**14 Adam Henrique**



GP:49 | G:18 | A:12

PTS: 30 | XGF:51.16%

iOff: | Off: | Def:",11 Trevor Zegras,11,50.0,19.122333333333334,18.0,15.0,9.0,10.17480087,167.0,0.4543830696133853,33.0,"**11 Trevor Zegras**



GP:50 | G:18 | A:24

PTS: 42 | XGF:45.44%

iOff: | Off: | Def:",19 Troy Terry,19,50.0,19.43,13.0,17.0,12.0,21.84492956,227.0,0.4803664780446062,30.0,"**19 Troy Terry**



GP:50 | G:13 | A:29

PTS: 42 | XGF:48.04%

iOff: | Off: | Def:",Anaheim Ducks
ANA,3rd line,16 Ryan Strome,16,50.0,16.610333333333333,10.0,7.0,8.0,7.2908894,98.0,0.3721022685463618,17.0,"**16 Ryan Strome**



GP:50 | G:10 | A:15

PTS: 25 | XGF:37.21%

iOff: | Off: | Def:",21 Isac Lundestrom,21,29.0,14.139080459770112,1.0,3.0,4.0,3.03773189,45.0,0.4014090183425646,4.0,"**21 Isac Lundestrom**



GP:29 | G:1 | A:7

PTS: 8 | XGF:40.14%

iOff: | Off: | Def:",33 Jakob Silfverberg,33,49.0,14.900680272108843,5.0,5.0,2.0,6.05976999,118.0,0.3811747860962438,10.0,"**33 Jakob Silfverberg**



GP:49 | G:5 | A:7

PTS: 12 | XGF:38.12%

iOff: | Off: | Def:",Anaheim Ducks
ANA,4th line,44 Max Comtois,44,39.0,13.485470085470084,5.0,2.0,2.0,5.33668591,72.0,0.3594840329077751,7.0,"**44 Max Comtois**



GP:39 | G:5 | A:4

PTS: 9 | XGF:35.95%

iOff: | Off: | Def:",7 Jayson Megna,7,37.0,8.895945945945945,0.0,1.0,3.0,1.88615479,29.0,0.4369189308968462,1.0,"**7 Jayson Megna**



GP:37 | G:0 | A:4

PTS: 4 | XGF:43.69%

iOff: | Off: | Def:",39 Sam Carrick,39,35.0,10.01095238095238,3.0,0.0,2.0,3.17331014,56.0,0.3252408556875159,3.0,"**39 Sam Carrick**



GP:35 | G:3 | A:2

PTS: 5 | XGF:32.52%

iOff: | Off: | Def:",Anaheim Ducks
ARI,1st line,9 Clayton Keller,9,50.0,20.666666666666664,18.0,16.0,7.0,13.72149391,160.0,0.423889360366598,34.0,"**9 Clayton Keller**



GP:50 | G:18 | A:23

PTS: 41 | XGF:42.39%

iOff: | Off: | Def:",29 Barrett Hayton,29,50.0,16.275333333333332,7.0,5.0,5.0,9.71771829,128.0,0.4464204217333102,12.0,"**29 Barrett Hayton**



GP:50 | G:7 | A:10

PTS: 17 | XGF:44.64%

iOff: | Off: | Def:",8 Nick Schmaltz,8,34.0,19.451960784313727,11.0,7.0,10.0,8.6105582,99.0,0.4712290444819685,18.0,"**8 Nick Schmaltz**



GP:34 | G:11 | A:17

PTS: 28 | XGF:47.12%

iOff: | Off: | Def:",Arizona Coyotes
ARI,2nd line,22 Jack McBain,22,50.0,13.497,6.0,2.0,2.0,7.23019989,80.0,0.3945390611837251,8.0,"**22 Jack McBain**



GP:50 | G:6 | A:4

PTS: 10 | XGF:39.45%

iOff: | Off: | Def:",17 Nick Bjugstad,17,50.0,16.757666666666665,11.0,7.0,3.0,10.46630211,128.0,0.4523332348412886,18.0,"**17 Nick Bjugstad**



GP:50 | G:11 | A:10

PTS: 21 | XGF:45.23%

iOff: | Off: | Def:",67 Lawson Crouse,67,45.0,17.87333333333333,16.0,9.0,3.0,12.58497692,112.0,0.4642636720454891,25.0,"**67 Lawson Crouse**



GP:45 | G:16 | A:12

PTS: 28 | XGF:46.43%

iOff: | Off: | Def:",Arizona Coyotes
ARI,3rd line,12 Nick Ritchie,12,47.0,13.88049645390071,9.0,8.0,4.0,10.04350732,93.0,0.4317598218543859,17.0,"**12 Nick Ritchie**



GP:47 | G:9 | A:12

PTS: 21 | XGF:43.18%

iOff: | Off: | Def:",72 Travis Boyd,72,50.0,17.167666666666666,6.0,7.0,4.0,9.31363846,84.0,0.3900772696990552,13.0,"**72 Travis Boyd**



GP:50 | G:6 | A:11

PTS: 17 | XGF:39.01%

iOff: | Off: | Def:",36 Christian Fischer,36,50.0,15.061,8.0,9.0,0.0,8.03039691,111.0,0.414088950284718,17.0,"**36 Christian Fischer**



GP:50 | G:8 | A:9

PTS: 17 | XGF:41.41%

iOff: | Off: | Def:",Arizona Coyotes
ARI,4th line,63 Matias Maccelli,63,32.0,15.0375,3.0,10.0,9.0,2.70320052,33.0,0.4675321576454786,13.0,"**63 Matias Maccelli**



GP:32 | G:3 | A:19

PTS: 22 | XGF:46.75%

iOff: | Off: | Def:",48 Jean-Sebastien Dea,48,0.0,0.0,0.0,0.0,0.0,0.0,0.0,0.0,0.0,"**48 Jean-Sebastien Dea**



GP:0 | G:0 | A:0

PTS: 0 | XGF:0.0%

iOff: | Off: | Def:",44 Zack Kassian,44,33.0,9.287373737373738,1.0,0.0,0.0,1.85280685,22.0,0.3429247824408712,1.0,"**44 Zack Kassian**



GP:33 | G:1 | A:0

PTS: 1 | XGF:34.29%

iOff: | Off: | Def:",Arizona Coyotes
BOS,1st line,63 Brad Marchand,63,43.0,18.643023255813954,16.0,21.0,9.0,14.37482929,153.0,0.6187596105435188,37.0,"**63 Brad Marchand**



GP:43 | G:16 | A:30

PTS: 46 | XGF:61.88%

iOff: | Off: | Def:",37 Patrice Bergeron,37,51.0,17.683660130718955,18.0,10.0,10.0,20.43396099,232.0,0.6398973819092498,28.0,"**37 Patrice Bergeron**



GP:51 | G:18 | A:20

PTS: 38 | XGF:63.99%

iOff: | Off: | Def:",88 David Pastrnak,88,51.0,19.51143790849673,38.0,22.0,12.0,27.87500481,324.0,0.5478346701210205,60.0,"**88 David Pastrnak**



GP:51 | G:38 | A:34

PTS: 72 | XGF:54.78%

iOff: | Off: | Def:",Boston Bruins
BOS,2nd line,71 Taylor Hall,71,51.0,15.95359477124183,15.0,10.0,7.0,17.36881332,168.0,0.5371979103798928,25.0,"**71 Taylor Hall**



GP:51 | G:15 | A:17

PTS: 32 | XGF:53.72%

iOff: | Off: | Def:",46 David Krejci,46,46.0,16.89927536231884,12.0,18.0,12.0,9.62783808,97.0,0.4763558683845877,30.0,"**46 David Krejci**



GP:46 | G:12 | A:30

PTS: 42 | XGF:47.64%

iOff: | Off: | Def:",18 Pavel Zacha,18,51.0,15.648039215686271,11.0,11.0,13.0,10.50006062,116.0,0.4945814583252061,22.0,"**18 Pavel Zacha**



GP:51 | G:11 | A:24

PTS: 35 | XGF:49.46%

iOff: | Off: | Def:",Boston Bruins
BOS,3rd line,17 Nick Foligno,17,51.0,12.228104575163398,7.0,10.0,3.0,7.43681739,83.0,0.482256117278769,17.0,"**17 Nick Foligno**



GP:51 | G:7 | A:13

PTS: 20 | XGF:48.23%

iOff: | Off: | Def:",13 Charlie Coyle,13,51.0,16.68300653594771,11.0,8.0,9.0,10.00431856,124.0,0.4750451551618244,19.0,"**13 Charlie Coyle**



GP:51 | G:11 | A:17

PTS: 28 | XGF:47.5%

iOff: | Off: | Def:",12 Craig Smith,12,37.0,10.085585585585584,3.0,0.0,6.0,3.55830297,57.0,0.4623768983010895,3.0,"**12 Craig Smith**



GP:37 | G:3 | A:6

PTS: 9 | XGF:46.24%

iOff: | Off: | Def:",Boston Bruins
BOS,4th line,10 A.J. Greer,10,36.0,9.145833333333334,5.0,2.0,2.0,4.37848114,46.0,0.5377597266537433,7.0,"**10 A.J. Greer**



GP:36 | G:5 | A:4

PTS: 9 | XGF:53.78%

iOff: | Off: | Def:",11 Trent Frederic,11,48.0,11.464236111111113,10.0,5.0,4.0,8.03457119,89.0,0.529984708439586,15.0,"**11 Trent Frederic**



GP:48 | G:10 | A:9

PTS: 19 | XGF:53.0%

iOff: | Off: | Def:",,,,,,,,,,,,,Boston Bruins
BUF,1st line,53 Jeff Skinner,53,47.0,17.436524822695034,20.0,19.0,11.0,16.3608842,185.0,0.4809005518889107,39.0,"**53 Jeff Skinner**



GP:47 | G:20 | A:30

PTS: 50 | XGF:48.09%

iOff: | Off: | Def:",72 Tage Thompson,72,50.0,18.93,34.0,18.0,16.0,22.26316332,268.0,0.4728366216363179,52.0,"**72 Tage Thompson**



GP:50 | G:34 | A:34

PTS: 68 | XGF:47.28%

iOff: | Off: | Def:",89 Alex Tuch,89,50.0,19.035,24.0,21.0,10.0,18.95408043,208.0,0.470073035148847,45.0,"**89 Alex Tuch**



GP:50 | G:24 | A:31

PTS: 55 | XGF:47.01%

iOff: | Off: | Def:",Buffalo Sabres
BUF,2nd line,77 JJ Peterka,77,48.0,13.839236111111113,7.0,8.0,4.0,8.29540847,106.0,0.5435763537829785,15.0,"**77 JJ Peterka**



GP:48 | G:7 | A:12

PTS: 19 | XGF:54.36%

iOff: | Off: | Def:",24 Dylan Cozens,24,49.0,16.607142857142858,17.0,14.0,12.0,15.78093904,165.0,0.5298501415993528,31.0,"**24 Dylan Cozens**



GP:49 | G:17 | A:26

PTS: 43 | XGF:52.99%

iOff: | Off: | Def:",22 Jack Quinn,22,43.0,13.43217054263566,8.0,5.0,7.0,8.26947501,107.0,0.5616387956737334,13.0,"**22 Jack Quinn**



GP:43 | G:8 | A:12

PTS: 20 | XGF:56.16%

iOff: | Off: | Def:",Buffalo Sabres
BUF,3rd line,37 Casey Mittelstadt,37,50.0,15.614,7.0,14.0,7.0,9.49236813,98.0,0.4254006405025242,21.0,"**37 Casey Mittelstadt**



GP:50 | G:7 | A:21

PTS: 28 | XGF:42.54%

iOff: | Off: | Def:",17 Tyson Jost,17,44.0,13.742424242424242,4.0,6.0,5.0,7.32182627,89.0,0.4595246052972734,10.0,"**17 Tyson Jost**



GP:44 | G:4 | A:11

PTS: 15 | XGF:45.95%

iOff: | Off: | Def:",71 Victor Olofsson,71,50.0,14.570666666666666,23.0,4.0,2.0,14.39897249,156.0,0.4520656023827578,27.0,"**71 Victor Olofsson**



GP:50 | G:23 | A:6

PTS: 29 | XGF:45.21%

iOff: | Off: | Def:",Buffalo Sabres
BUF,4th line,28 Zemgus Girgensons,28,48.0,12.5875,5.0,3.0,3.0,7.9317094,89.0,0.522856559716254,8.0,"**28 Zemgus Girgensons**



GP:48 | G:5 | A:6

PTS: 11 | XGF:52.29%

iOff: | Off: | Def:",19 Peyton Krebs,19,42.0,12.892063492063492,6.0,3.0,4.0,4.40281446,56.0,0.474484321083866,9.0,"**19 Peyton Krebs**



GP:42 | G:6 | A:7

PTS: 13 | XGF:47.45%

iOff: | Off: | Def:",21 Kyle Okposo,21,43.0,14.827906976744186,7.0,5.0,8.0,9.63839796,113.0,0.5187784643369164,12.0,"**21 Kyle Okposo**



GP:43 | G:7 | A:13

PTS: 20 | XGF:51.88%

iOff: | Off: | Def:",Buffalo Sabres
CAR,1st line,86 Teuvo Teravainen,86,41.0,16.584552845528457,5.0,14.0,5.0,7.971987589999999,122.0,0.5945509393675047,19.0,"**86 Teuvo Teravainen**



GP:41 | G:5 | A:19

PTS: 24 | XGF:59.46%

iOff: | Off: | Def:",20 Sebastian Aho,20,44.0,19.60757575757576,23.0,17.0,6.0,21.5787293,190.0,0.5864802463326897,40.0,"**20 Sebastian Aho**



GP:44 | G:23 | A:23

PTS: 46 | XGF:58.65%

iOff: | Off: | Def:",24 Seth Jarvis,24,51.0,15.85,8.0,10.0,6.0,13.03984822,143.0,0.5922104916913093,18.0,"**24 Seth Jarvis**



GP:51 | G:8 | A:16

PTS: 24 | XGF:59.22%

iOff: | Off: | Def:",Carolina Hurricanes
CAR,2nd line,37 Andrei Svechnikov,37,51.0,18.08496732026144,19.0,15.0,8.0,19.52438951,255.0,0.5583828600783571,34.0,"**37 Andrei Svechnikov**



GP:51 | G:19 | A:23

PTS: 42 | XGF:55.84%

iOff: | Off: | Def:",82 Jesperi Kotkaniemi,82,51.0,14.205555555555556,7.0,3.0,10.0,9.4197913,109.0,0.5744864755799071,10.0,"**82 Jesperi Kotkaniemi**



GP:51 | G:7 | A:13

PTS: 20 | XGF:57.45%

iOff: | Off: | Def:",88 Martin Necas,88,51.0,19.01372549019608,21.0,20.0,6.0,17.83898038,232.0,0.5540239150867124,41.0,"**88 Martin Necas**



GP:51 | G:21 | A:26

PTS: 47 | XGF:55.4%

iOff: | Off: | Def:",Carolina Hurricanes
CAR,3rd line,48 Jordan Martinook,48,51.0,15.673529411764706,11.0,11.0,3.0,14.01834268,158.0,0.6016357329121388,22.0,"**48 Jordan Martinook**



GP:51 | G:11 | A:14

PTS: 25 | XGF:60.16%

iOff: | Off: | Def:",11 Jordan Staal,11,50.0,16.459333333333333,14.0,4.0,7.0,12.07105247,100.0,0.5637250635299828,18.0,"**11 Jordan Staal**



GP:50 | G:14 | A:11

PTS: 25 | XGF:56.37%

iOff: | Off: | Def:",71 Jesper Fast,71,49.0,14.997619047619049,6.0,5.0,8.0,8.60052315,75.0,0.5673280697061102,11.0,"**71 Jesper Fast**



GP:49 | G:6 | A:13

PTS: 19 | XGF:56.73%

iOff: | Off: | Def:",Carolina Hurricanes
CAR,4th line,23 Stefan Noesen,23,48.0,11.982291666666669,9.0,8.0,8.0,12.426562,129.0,0.6309295776712055,17.0,"**23 Stefan Noesen**



GP:48 | G:9 | A:16

PTS: 25 | XGF:63.09%

iOff: | Off: | Def:",26 Paul Stastny,26,50.0,12.566666666666668,5.0,5.0,6.0,10.44681382,77.0,0.5989303815770902,10.0,"**26 Paul Stastny**



GP:50 | G:5 | A:11

PTS: 16 | XGF:59.89%

iOff: | Off: | Def:",21 Derek Stepan,21,45.0,8.907777777777778,5.0,2.0,1.0,5.56935725,93.0,0.6445818221301177,7.0,"**21 Derek Stepan**



GP:45 | G:5 | A:3

PTS: 8 | XGF:64.46%

iOff: | Off: | Def:",Carolina Hurricanes
CBJ,1st line,13 Johnny Gaudreau,13,51.0,19.451307189542483,14.0,21.0,14.0,16.03813373,193.0,0.5439459482912453,35.0,"**13 Johnny Gaudreau**



GP:51 | G:14 | A:35

PTS: 49 | XGF:54.39%

iOff: | Off: | Def:",38 Boone Jenner,38,40.0,20.005000000000003,14.0,7.0,5.0,18.44786382,178.0,0.557982016872458,21.0,"**38 Boone Jenner**



GP:40 | G:14 | A:12

PTS: 26 | XGF:55.8%

iOff: | Off: | Def:",29 Patrik Laine,29,36.0,19.40972222222222,14.0,10.0,7.0,12.16695171,185.0,0.5389987449959819,24.0,"**29 Patrik Laine**



GP:36 | G:14 | A:17

PTS: 31 | XGF:53.9%

iOff: | Off: | Def:",Columbus Blue Jackets
CBJ,2nd line,91 Kent Johnson,91,48.0,13.728125,10.0,9.0,4.0,7.86344184,92.0,0.4729336170324943,19.0,"**91 Kent Johnson**



GP:48 | G:10 | A:13

PTS: 23 | XGF:47.29%

iOff: | Off: | Def:",34 Cole Sillinger,34,46.0,13.1536231884058,2.0,3.0,2.0,6.3026077,92.0,0.4222931782596946,5.0,"**34 Cole Sillinger**



GP:46 | G:2 | A:5

PTS: 7 | XGF:42.23%

iOff: | Off: | Def:",86 Kirill Marchenko,86,28.0,13.45654761904762,13.0,0.0,0.0,7.09250625,73.0,0.4960743759428562,13.0,"**86 Kirill Marchenko**



GP:28 | G:13 | A:0

PTS: 13 | XGF:49.61%

iOff: | Off: | Def:",Columbus Blue Jackets
CBJ,3rd line,19 Liam Foudy,19,31.0,11.109677419354838,0.0,3.0,0.0,2.4414478,29.0,0.3977390160039923,3.0,"**19 Liam Foudy**



GP:31 | G:0 | A:3

PTS: 3 | XGF:39.77%

iOff: | Off: | Def:",96 Jack Roslovic,96,48.0,16.686805555555555,4.0,14.0,9.0,6.84128291,102.0,0.4307189825227717,18.0,"**96 Jack Roslovic**



GP:48 | G:4 | A:23

PTS: 27 | XGF:43.07%

iOff: | Off: | Def:",52 Emil Bemstrom,52,24.0,12.21527777777778,4.0,3.0,4.0,3.87654208,55.0,0.4137565718152207,7.0,"**52 Emil Bemstrom**



GP:24 | G:4 | A:7

PTS: 11 | XGF:41.38%

iOff: | Off: | Def:",Columbus Blue Jackets
CBJ,4th line,50 Eric Robinson,50,44.0,13.682954545454544,4.0,4.0,4.0,7.38245043,79.0,0.4252033271675867,8.0,"**50 Eric Robinson**



GP:44 | G:4 | A:8

PTS: 12 | XGF:42.52%

iOff: | Off: | Def:",7 Sean Kuraly,7,49.0,14.468027210884353,9.0,3.0,1.0,10.12580789,100.0,0.4338091387756492,12.0,"**7 Sean Kuraly**



GP:49 | G:9 | A:4

PTS: 13 | XGF:43.38%

iOff: | Off: | Def:",24 Mathieu Olivier,24,46.0,11.377898550724638,3.0,4.0,1.0,5.47504818,69.0,0.4255550359325675,7.0,"**24 Mathieu Olivier**



GP:46 | G:3 | A:5

PTS: 8 | XGF:42.56%

iOff: | Off: | Def:",Columbus Blue Jackets
CGY,1st line,29 Dillon Dube,29,50.0,15.498333333333331,12.0,8.0,7.0,10.06474264,120.0,0.4878298925363489,20.0,"**29 Dillon Dube**



GP:50 | G:12 | A:15

PTS: 27 | XGF:48.78%

iOff: | Off: | Def:",28 Elias Lindholm,28,49.0,18.7687074829932,15.0,18.0,12.0,16.07403714,152.0,0.5306481478756748,33.0,"**28 Elias Lindholm**



GP:49 | G:15 | A:30

PTS: 45 | XGF:53.06%

iOff: | Off: | Def:",73 Tyler Toffoli,73,50.0,16.721,18.0,14.0,10.0,17.31799629,208.0,0.537494546874729,32.0,"**73 Tyler Toffoli**



GP:50 | G:18 | A:24

PTS: 42 | XGF:53.75%

iOff: | Off: | Def:",Calgary Flames
CGY,2nd line,49 Jakob Pelletier,49,4.0,10.920833333333333,0.0,0.0,0.0,0.99896539,11.0,0.7251975881864198,0.0,"**49 Jakob Pelletier**



GP:4 | G:0 | A:0

PTS: 0 | XGF:72.52%

iOff: | Off: | Def:",91 Nazem Kadri,91,50.0,17.582666666666668,19.0,10.0,9.0,17.26606967,236.0,0.5402840783476628,29.0,"**91 Nazem Kadri**



GP:50 | G:19 | A:19

PTS: 38 | XGF:54.03%

iOff: | Off: | Def:",10 Jonathan Huberdeau,10,47.0,16.862056737588652,10.0,13.0,9.0,11.52767669,108.0,0.5462689099897894,23.0,"**10 Jonathan Huberdeau**



GP:47 | G:10 | A:22

PTS: 32 | XGF:54.63%

iOff: | Off: | Def:",Calgary Flames
CGY,3rd line,88 Andrew Mangiapane,88,50.0,16.484333333333336,10.0,10.0,6.0,14.59012636,153.0,0.5918164684198169,20.0,"**88 Andrew Mangiapane**



GP:50 | G:10 | A:16

PTS: 26 | XGF:59.18%

iOff: | Off: | Def:",11 Mikael Backlund,11,50.0,17.43,9.0,12.0,8.0,12.07186668,200.0,0.6034195036409672,21.0,"**11 Mikael Backlund**



GP:50 | G:9 | A:20

PTS: 29 | XGF:60.34%

iOff: | Off: | Def:",20 Blake Coleman,20,50.0,14.942666666666666,10.0,7.0,6.0,15.8203429,163.0,0.6144435136459405,17.0,"**20 Blake Coleman**



GP:50 | G:10 | A:13

PTS: 23 | XGF:61.44%

iOff: | Off: | Def:",Calgary Flames
CGY,4th line,17 Milan Lucic,17,47.0,11.592198581560284,4.0,7.0,2.0,5.44168533,68.0,0.4912463497232069,11.0,"**17 Milan Lucic**



GP:47 | G:4 | A:9

PTS: 13 | XGF:49.12%

iOff: | Off: | Def:",63 Adam Ruzicka,63,37.0,11.91216216216216,6.0,7.0,7.0,6.4273324,81.0,0.5447070467275473,13.0,"**63 Adam Ruzicka**



GP:37 | G:6 | A:14

PTS: 20 | XGF:54.47%

iOff: | Off: | Def:",22 Trevor Lewis,22,50.0,12.321,8.0,4.0,3.0,7.970163169999999,126.0,0.5201777495740448,12.0,"**22 Trevor Lewis**



GP:50 | G:8 | A:7

PTS: 15 | XGF:52.02%

iOff: | Off: | Def:",Calgary Flames
CHI,1st line,89 Andreas Athanasiou,89,47.0,15.57482269503546,10.0,2.0,4.0,10.88046378,123.0,0.4165007681324904,12.0,"**89 Andreas Athanasiou**



GP:47 | G:10 | A:6

PTS: 16 | XGF:41.65%

iOff: | Off: | Def:",17 Jason Dickinson,17,44.0,15.140909090909092,7.0,9.0,0.0,6.99959773,76.0,0.4581974087730085,16.0,"**17 Jason Dickinson**



GP:44 | G:7 | A:9

PTS: 16 | XGF:45.82%

iOff: | Off: | Def:",88 Patrick Kane,88,45.0,19.611851851851853,9.0,13.0,12.0,12.16174009,190.0,0.3603036367490145,22.0,"**88 Patrick Kane**



GP:45 | G:9 | A:25

PTS: 34 | XGF:36.03%

iOff: | Off: | Def:",Chicago Blackhawks
CHI,2nd line,23 Philipp Kurashev,23,48.0,16.967708333333334,7.0,9.0,5.0,8.20024203,114.0,0.4028053446749171,16.0,"**23 Philipp Kurashev**



GP:48 | G:7 | A:14

PTS: 21 | XGF:40.28%

iOff: | Off: | Def:",13 Max Domi,13,48.0,18.13888888888889,14.0,10.0,11.0,12.94834849,147.0,0.3801109476131891,24.0,"**13 Max Domi**



GP:48 | G:14 | A:21

PTS: 35 | XGF:38.01%

iOff: | Off: | Def:",11 Taylor Raddysh,11,48.0,16.235069444444445,14.0,5.0,5.0,12.01305837,103.0,0.3979351314909606,19.0,"**11 Taylor Raddysh**



GP:48 | G:14 | A:10

PTS: 24 | XGF:39.79%

iOff: | Off: | Def:",Chicago Blackhawks
CHI,3rd line,14 Boris Katchouk,14,24.0,9.750694444444443,2.0,2.0,1.0,1.83397034,26.0,0.4270276226662797,4.0,"**14 Boris Katchouk**



GP:24 | G:2 | A:3

PTS: 5 | XGF:42.7%

iOff: | Off: | Def:",24 Sam Lafferty,24,42.0,14.564285714285717,8.0,6.0,3.0,7.60427175,81.0,0.4273602314369989,14.0,"**24 Sam Lafferty**



GP:42 | G:8 | A:9

PTS: 17 | XGF:42.74%

iOff: | Off: | Def:",90 Tyler Johnson,90,22.0,14.903030303030304,5.0,7.0,2.0,4.88393885,51.0,0.3463831498903102,12.0,"**90 Tyler Johnson**



GP:22 | G:5 | A:9

PTS: 14 | XGF:34.64%

iOff: | Off: | Def:",Chicago Blackhawks
CHI,4th line,58 MacKenzie Entwistle,58,42.0,11.15873015873016,2.0,2.0,3.0,2.9633298100000003,47.0,0.4263589971071765,4.0,"**58 MacKenzie Entwistle**



GP:42 | G:2 | A:5

PTS: 7 | XGF:42.64%

iOff: | Off: | Def:",52 Reese Johnson,52,39.0,10.30042735042735,4.0,1.0,1.0,4.47410499,47.0,0.3919604823055402,5.0,"**52 Reese Johnson**



GP:39 | G:4 | A:2

PTS: 6 | XGF:39.2%

iOff: | Off: | Def:",43 Colin Blackwell,43,42.0,11.72222222222222,1.0,6.0,1.0,5.011158539999999,56.0,0.4297273636679096,7.0,"**43 Colin Blackwell**



GP:42 | G:1 | A:7

PTS: 8 | XGF:42.97%

iOff: | Off: | Def:",Chicago Blackhawks
COL,1st line,13 Valeri Nichushkin,13,20.0,20.049166666666668,8.0,4.0,6.0,8.41913233,86.0,0.5602564698833358,12.0,"**13 Valeri Nichushkin**



GP:20 | G:8 | A:10

PTS: 18 | XGF:56.03%

iOff: | Off: | Def:",29 Nathan MacKinnon,29,37.0,21.82117117117117,13.0,26.0,15.0,15.83273775,252.0,0.5287171290007191,39.0,"**29 Nathan MacKinnon**



GP:37 | G:13 | A:41

PTS: 54 | XGF:52.87%

iOff: | Off: | Def:",62 Artturi Lehkonen,62,45.0,21.14296296296296,15.0,4.0,15.0,15.46952025,156.0,0.5522210092765689,19.0,"**62 Artturi Lehkonen**



GP:45 | G:15 | A:19

PTS: 34 | XGF:55.22%

iOff: | Off: | Def:",Colorado Avalanche
COL,2nd line,96 Mikko Rantanen,96,48.0,22.319444444444443,34.0,22.0,5.0,20.16464425,243.0,0.5329506902191652,56.0,"**96 Mikko Rantanen**



GP:48 | G:34 | A:27

PTS: 61 | XGF:53.3%

iOff: | Off: | Def:",37 J.T. Compher,37,48.0,19.76527777777778,10.0,13.0,7.0,10.99156341,123.0,0.5121011788479486,23.0,"**37 J.T. Compher**



GP:48 | G:10 | A:20

PTS: 30 | XGF:51.21%

iOff: | Off: | Def:",9 Evan Rodrigues,9,37.0,18.680630630630628,11.0,8.0,7.0,13.5545674,142.0,0.5450909454928882,19.0,"**9 Evan Rodrigues**



GP:37 | G:11 | A:15

PTS: 26 | XGF:54.51%

iOff: | Off: | Def:",Colorado Avalanche
COL,3rd line,83 Matt Nieto,83,47.0,15.173049645390073,9.0,2.0,5.0,9.16454433,98.0,0.4923021827341288,11.0,"**83 Matt Nieto**



GP:47 | G:9 | A:7

PTS: 16 | XGF:49.23%

iOff: | Off: | Def:",18 Alex Newhook,18,48.0,14.653125,12.0,7.0,2.0,9.65344676,89.0,0.5035212493313879,19.0,"**18 Alex Newhook**



GP:48 | G:12 | A:9

PTS: 21 | XGF:50.35%

iOff: | Off: | Def:",81 Denis Malgin,81,32.0,11.726041666666667,2.0,2.0,2.0,5.37292888,86.0,0.5705306161170504,4.0,"**81 Denis Malgin**



GP:32 | G:2 | A:4

PTS: 6 | XGF:57.05%

iOff: | Off: | Def:",Colorado Avalanche
COL,4th line,56 Kurtis MacDermid,56,27.0,7.117283950617284,0.0,3.0,1.0,0.93898791,15.0,0.4939357240585882,3.0,"**56 Kurtis MacDermid**



GP:27 | G:0 | A:4

PTS: 4 | XGF:49.39%

iOff: | Off: | Def:",25 Logan O'Connor,25,48.0,14.71736111111111,6.0,8.0,4.0,7.95835364,99.0,0.4570764162634982,14.0,"**25 Logan O'Connor**



GP:48 | G:6 | A:12

PTS: 18 | XGF:45.71%

iOff: | Off: | Def:",11 Andrew Cogliano,11,46.0,13.41304347826087,8.0,2.0,2.0,4.8675703200000005,71.0,0.4318439373351971,10.0,"**11 Andrew Cogliano**



GP:46 | G:8 | A:4

PTS: 12 | XGF:43.18%

iOff: | Off: | Def:",Colorado Avalanche
DAL,1st line,21 Jason Robertson,21,51.0,18.60392156862745,33.0,21.0,12.0,19.75177829,258.0,0.6049509010129912,54.0,"**21 Jason Robertson**



GP:51 | G:33 | A:33

PTS: 66 | XGF:60.5%

iOff: | Off: | Def:",24 Roope Hintz,24,43.0,16.936821705426357,20.0,16.0,10.0,15.13874565,141.0,0.5782673993757608,36.0,"**24 Roope Hintz**



GP:43 | G:20 | A:26

PTS: 46 | XGF:57.83%

iOff: | Off: | Def:",16 Joe Pavelski,16,51.0,17.452287581699345,14.0,17.0,17.0,17.61955727,162.0,0.5927143919403773,31.0,"**16 Joe Pavelski**



GP:51 | G:14 | A:34

PTS: 48 | XGF:59.27%

iOff: | Off: | Def:",Dallas Stars
DAL,2nd line,27 Mason Marchment,27,51.0,15.607516339869282,9.0,9.0,4.0,15.78637779,160.0,0.503322652196719,18.0,"**27 Mason Marchment**



GP:51 | G:9 | A:13

PTS: 22 | XGF:50.33%

iOff: | Off: | Def:",12 Radek Faksa,12,51.0,13.336928104575165,6.0,2.0,2.0,5.90442371,64.0,0.5062091979781734,8.0,"**12 Radek Faksa**



GP:51 | G:6 | A:4

PTS: 10 | XGF:50.62%

iOff: | Off: | Def:",91 Tyler Seguin,91,51.0,16.714052287581698,14.0,11.0,9.0,16.55820036,166.0,0.5394244070850874,25.0,"**91 Tyler Seguin**



GP:51 | G:14 | A:20

PTS: 34 | XGF:53.94%

iOff: | Off: | Def:",Dallas Stars
DAL,3rd line,14 Jamie Benn,14,51.0,15.334640522875818,19.0,14.0,11.0,17.86413328,159.0,0.4975542927900193,33.0,"**14 Jamie Benn**



GP:51 | G:19 | A:25

PTS: 44 | XGF:49.76%

iOff: | Off: | Def:",53 Wyatt Johnston,53,51.0,14.675816993464052,13.0,5.0,4.0,10.92405554,121.0,0.4942940079744354,18.0,"**53 Wyatt Johnston**



GP:51 | G:13 | A:9

PTS: 22 | XGF:49.43%

iOff: | Off: | Def:",10 Ty Dellandrea,10,51.0,14.158496732026144,7.0,10.0,3.0,6.92488197,79.0,0.4984501507848619,17.0,"**10 Ty Dellandrea**



GP:51 | G:7 | A:13

PTS: 20 | XGF:49.85%

iOff: | Off: | Def:",Dallas Stars
DAL,4th line,25 Joel Kiviranta,25,51.0,12.198039215686276,6.0,0.0,0.0,8.93535289,85.0,0.4594185644065465,6.0,"**25 Joel Kiviranta**



GP:51 | G:6 | A:0

PTS: 6 | XGF:45.94%

iOff: | Off: | Def:",11 Luke Glendening,11,51.0,12.240522875816993,2.0,0.0,2.0,5.87669352,71.0,0.4562528964321576,2.0,"**11 Luke Glendening**



GP:51 | G:2 | A:2

PTS: 4 | XGF:45.63%

iOff: | Off: | Def:",34 Denis Gurianov,34,35.0,12.50190476190476,2.0,3.0,2.0,4.89309205,79.0,0.3889276091604613,5.0,"**34 Denis Gurianov**



GP:35 | G:2 | A:5

PTS: 7 | XGF:38.89%

iOff: | Off: | Def:",Dallas Stars
DET,1st line,59 Tyler Bertuzzi,59,17.0,15.992156862745098,1.0,1.0,3.0,3.42461209,49.0,0.4902923887313268,2.0,"**59 Tyler Bertuzzi**



GP:17 | G:1 | A:4

PTS: 5 | XGF:49.03%

iOff: | Off: | Def:",71 Dylan Larkin,71,47.0,19.860283687943262,15.0,14.0,14.0,16.82665348,207.0,0.5343139853742472,29.0,"**71 Dylan Larkin**



GP:47 | G:15 | A:28

PTS: 43 | XGF:53.43%

iOff: | Off: | Def:",23 Lucas Raymond,23,48.0,17.384027777777778,15.0,7.0,10.0,11.33466043,105.0,0.457908014596307,22.0,"**23 Lucas Raymond**



GP:48 | G:15 | A:17

PTS: 32 | XGF:45.79%

iOff: | Off: | Def:",Detroit Red Wings
DET,2nd line,27 Michael Rasmussen,27,46.0,15.219565217391304,9.0,10.0,5.0,13.18382535,104.0,0.5352613773108688,19.0,"**27 Michael Rasmussen**



GP:46 | G:9 | A:15

PTS: 24 | XGF:53.53%

iOff: | Off: | Def:",18 Andrew Copp,18,48.0,17.575,5.0,16.0,5.0,7.67769424,96.0,0.4313524023960698,21.0,"**18 Andrew Copp**



GP:48 | G:5 | A:21

PTS: 26 | XGF:43.14%

iOff: | Off: | Def:",57 David Perron,57,48.0,16.834374999999998,14.0,11.0,5.0,12.29740213,160.0,0.5163267166805637,25.0,"**57 David Perron**



GP:48 | G:14 | A:16

PTS: 30 | XGF:51.63%

iOff: | Off: | Def:",Detroit Red Wings
DET,3rd line,52 Jonatan Berggren,52,35.0,13.50190476190476,8.0,6.0,4.0,6.37056525,68.0,0.4564416693893297,14.0,"**52 Jonatan Berggren**



GP:35 | G:8 | A:10

PTS: 18 | XGF:45.64%

iOff: | Off: | Def:",90 Joe Veleno,90,47.0,12.226241134751772,6.0,4.0,4.0,4.303247,60.0,0.4552027185579441,10.0,"**90 Joe Veleno**



GP:47 | G:6 | A:8

PTS: 14 | XGF:45.52%

iOff: | Off: | Def:",14 Robby Fabbri,14,12.0,16.141666666666666,4.0,1.0,0.0,2.84648096,27.0,0.4308463522624537,5.0,"**14 Robby Fabbri**



GP:12 | G:4 | A:1

PTS: 5 | XGF:43.08%

iOff: | Off: | Def:",Detroit Red Wings
DET,4th line,81 Dominik Kubalik,81,48.0,15.219097222222222,14.0,15.0,5.0,15.42585206,156.0,0.4654289852628728,29.0,"**81 Dominik Kubalik**



GP:48 | G:14 | A:20

PTS: 34 | XGF:46.54%

iOff: | Off: | Def:",24 Pius Suter,24,45.0,12.858888888888888,6.0,4.0,2.0,6.54971485,77.0,0.5096717712323147,10.0,"**24 Pius Suter**



GP:45 | G:6 | A:6

PTS: 12 | XGF:50.97%

iOff: | Off: | Def:",70 Oskar Sundqvist,70,39.0,14.593162393162393,7.0,4.0,7.0,7.79309423,66.0,0.4457001809382482,11.0,"**70 Oskar Sundqvist**



GP:39 | G:7 | A:11

PTS: 18 | XGF:44.57%

iOff: | Off: | Def:",Detroit Red Wings
EDM,1st line,55 Dylan Holloway,55,46.0,8.967028985507246,3.0,2.0,4.0,5.37599544,60.0,0.5294460955209769,5.0,"**55 Dylan Holloway**



GP:46 | G:3 | A:6

PTS: 9 | XGF:52.94%

iOff: | Off: | Def:",97 Connor McDavid,97,50.0,21.697,41.0,35.0,16.0,26.41519894,262.0,0.5732039538404876,76.0,"**97 Connor McDavid**



GP:50 | G:41 | A:51

PTS: 92 | XGF:57.32%

iOff: | Off: | Def:",18 Zach Hyman,18,49.0,19.65544217687075,26.0,18.0,16.0,35.61299058,245.0,0.5678651271063295,44.0,"**18 Zach Hyman**



GP:49 | G:26 | A:34

PTS: 60 | XGF:56.79%

iOff: | Off: | Def:",Edmonton Oilers
EDM,2nd line,91 Evander Kane,91,18.0,18.744444444444444,6.0,4.0,4.0,7.86275731,91.0,0.5330575962760116,10.0,"**91 Evander Kane**



GP:18 | G:6 | A:8

PTS: 14 | XGF:53.31%

iOff: | Off: | Def:",29 Leon Draisaitl,29,48.0,21.34652777777778,29.0,39.0,8.0,19.47041231,204.0,0.5272881447572081,68.0,"**29 Leon Draisaitl**



GP:48 | G:29 | A:47

PTS: 76 | XGF:52.73%

iOff: | Off: | Def:",10 Derek Ryan,10,48.0,10.528819444444444,7.0,3.0,2.0,7.51061707,74.0,0.5451373554958518,10.0,"**10 Derek Ryan**



GP:48 | G:7 | A:5

PTS: 12 | XGF:54.51%

iOff: | Off: | Def:",Edmonton Oilers
EDM,3rd line,21 Klim Kostin,21,34.0,9.907843137254902,9.0,2.0,2.0,4.30197497,57.0,0.4582715219023953,11.0,"**21 Klim Kostin**



GP:34 | G:9 | A:4

PTS: 13 | XGF:45.83%

iOff: | Off: | Def:",93 Ryan Nugent-Hopkins,93,50.0,18.842,22.0,14.0,24.0,16.98941529,153.0,0.5306988666533586,36.0,"**93 Ryan Nugent-Hopkins**



GP:50 | G:22 | A:38

PTS: 60 | XGF:53.07%

iOff: | Off: | Def:",26 Mattias Janmark,26,34.0,14.492156862745098,4.0,7.0,2.0,5.7098112,60.0,0.4537995056958764,11.0,"**26 Mattias Janmark**



GP:34 | G:4 | A:9

PTS: 13 | XGF:45.38%

iOff: | Off: | Def:",Edmonton Oilers
EDM,4th line,,,,,,,,,,,,,71 Ryan McLeod,71,37.0,13.723873873873874,8.0,5.0,2.0,5.92164385,72.0,0.5569783491282329,13.0,"**71 Ryan McLeod**



GP:37 | G:8 | A:7

PTS: 15 | XGF:55.7%

iOff: | Off: | Def:",13 Jesse Puljujarvi,13,49.0,12.186054421768707,4.0,4.0,2.0,7.27410417,101.0,0.512397734727692,8.0,"**13 Jesse Puljujarvi**



GP:49 | G:4 | A:6

PTS: 10 | XGF:51.24%

iOff: | Off: | Def:",Edmonton Oilers
FLA,1st line,15 Anton Lundell,15,43.0,16.578682170542635,7.0,7.0,8.0,9.7627975,131.0,0.5412801275624246,14.0,"**15 Anton Lundell**



GP:43 | G:7 | A:15

PTS: 22 | XGF:54.13%

iOff: | Off: | Def:",16 Aleksander Barkov,16,42.0,21.21825396825397,14.0,18.0,15.0,14.98553558,173.0,0.5719534624249992,32.0,"**16 Aleksander Barkov**



GP:42 | G:14 | A:33

PTS: 47 | XGF:57.2%

iOff: | Off: | Def:",13 Sam Reinhart,13,52.0,19.47083333333333,17.0,16.0,6.0,19.64460952,190.0,0.5383247314313312,33.0,"**13 Sam Reinhart**



GP:52 | G:17 | A:22

PTS: 39 | XGF:53.83%

iOff: | Off: | Def:",Florida Panthers
FLA,2nd line,23 Carter Verhaeghe,23,51.0,17.318627450980394,26.0,8.0,9.0,22.40888175,210.0,0.5794266886671932,34.0,"**23 Carter Verhaeghe**



GP:51 | G:26 | A:17

PTS: 43 | XGF:57.94%

iOff: | Off: | Def:",9 Sam Bennett,9,51.0,17.61830065359477,12.0,12.0,7.0,18.49827978,199.0,0.5934939126546167,24.0,"**9 Sam Bennett**



GP:51 | G:12 | A:19

PTS: 31 | XGF:59.35%

iOff: | Off: | Def:",19 Matthew Tkachuk,19,49.0,20.2421768707483,25.0,20.0,21.0,28.45597941,253.0,0.5989180749560368,45.0,"**19 Matthew Tkachuk**



GP:49 | G:25 | A:41

PTS: 66 | XGF:59.89%

iOff: | Off: | Def:",Florida Panthers
FLA,3rd line,94 Ryan Lomberg,94,52.0,10.119551282051283,7.0,4.0,2.0,6.89682571,101.0,0.503524267843454,11.0,"**94 Ryan Lomberg**



GP:52 | G:7 | A:6

PTS: 13 | XGF:50.35%

iOff: | Off: | Def:",27 Eetu Luostarinen,27,52.0,15.51474358974359,10.0,3.0,9.0,9.8164291,111.0,0.5286182071417715,13.0,"**27 Eetu Luostarinen**



GP:52 | G:10 | A:12

PTS: 22 | XGF:52.86%

iOff: | Off: | Def:",21 Nick Cousins,21,49.0,11.229931972789116,5.0,7.0,6.0,6.28981175,89.0,0.5102650433496468,12.0,"**21 Nick Cousins**



GP:49 | G:5 | A:13

PTS: 18 | XGF:51.03%

iOff: | Off: | Def:",Florida Panthers
FLA,4th line,71 Chris Tierney,71,9.0,8.711111111111112,2.0,1.0,0.0,0.36979258,9.0,0.3565835155648661,3.0,"**71 Chris Tierney**



GP:9 | G:2 | A:1

PTS: 3 | XGF:35.66%

iOff: | Off: | Def:",12 Eric Staal,12,42.0,13.295238095238094,7.0,4.0,4.0,6.34740245,77.0,0.5163411765175806,11.0,"**12 Eric Staal**



GP:42 | G:7 | A:8

PTS: 15 | XGF:51.63%

iOff: | Off: | Def:",54 Givani Smith,54,17.0,7.18921568627451,1.0,1.0,1.0,2.10599245,28.0,0.5235175067029325,2.0,"**54 Givani Smith**



GP:17 | G:1 | A:2

PTS: 3 | XGF:52.35%

iOff: | Off: | Def:",Florida Panthers
LAK,1st line,55 Quinton Byfield,55,24.0,12.364583333333334,2.0,3.0,4.0,5.06554735,46.0,0.4556034239325186,5.0,"**55 Quinton Byfield**



GP:24 | G:2 | A:7

PTS: 9 | XGF:45.56%

iOff: | Off: | Def:",11 Anze Kopitar,11,53.0,19.78050314465409,16.0,13.0,14.0,14.11555644,152.0,0.5021584683222179,29.0,"**11 Anze Kopitar**



GP:53 | G:16 | A:27

PTS: 43 | XGF:50.22%

iOff: | Off: | Def:",9 Adrian Kempe,9,53.0,18.329559748427677,22.0,10.0,4.0,15.98339406,208.0,0.4932699545614893,32.0,"**9 Adrian Kempe**



GP:53 | G:22 | A:14

PTS: 36 | XGF:49.33%

iOff: | Off: | Def:",Los Angeles Kings
LAK,2nd line,19 Alex Iafallo,19,30.0,15.953333333333337,7.0,5.0,6.0,8.09722448,94.0,0.5158175661464891,12.0,"**19 Alex Iafallo**



GP:30 | G:7 | A:11

PTS: 18 | XGF:51.58%

iOff: | Off: | Def:",24 Phillip Danault,24,53.0,17.73553459119497,14.0,12.0,10.0,11.70281761,141.0,0.5187054834668754,26.0,"**24 Phillip Danault**



GP:53 | G:14 | A:22

PTS: 36 | XGF:51.87%

iOff: | Off: | Def:",33 Viktor Arvidsson,33,48.0,16.46840277777778,13.0,19.0,2.0,14.91949772,169.0,0.525990818215095,32.0,"**33 Viktor Arvidsson**



GP:48 | G:13 | A:21

PTS: 34 | XGF:52.6%

iOff: | Off: | Def:",Los Angeles Kings
LAK,3rd line,22 Kevin Fiala,22,53.0,17.25062893081761,18.0,25.0,10.0,17.22586269,203.0,0.5171091768160465,43.0,"**22 Kevin Fiala**



GP:53 | G:18 | A:35

PTS: 53 | XGF:51.71%

iOff: | Off: | Def:",46 Blake Lizotte,46,53.0,12.171383647798743,7.0,12.0,4.0,6.50561712,85.0,0.5099547722426071,19.0,"**46 Blake Lizotte**



GP:53 | G:7 | A:16

PTS: 23 | XGF:51.0%

iOff: | Off: | Def:",28 Jaret Anderson-Dolan,28,38.0,10.442105263157895,6.0,3.0,1.0,5.04770059,64.0,0.4844874246304484,9.0,"**28 Jaret Anderson-Dolan**



GP:38 | G:6 | A:4

PTS: 10 | XGF:48.45%

iOff: | Off: | Def:",Los Angeles Kings
LAK,4th line,48 Brendan Lemieux,48,26.0,8.182692307692308,0.0,2.0,1.0,1.64588084,28.0,0.5385102813321175,2.0,"**48 Brendan Lemieux**



GP:26 | G:0 | A:3

PTS: 3 | XGF:53.85%

iOff: | Off: | Def:",,,,,,,,,,,,,89 Rasmus Kupari,89,37.0,9.51801801801802,3.0,3.0,1.0,2.92026486,37.0,0.5461806210905007,6.0,"**89 Rasmus Kupari**



GP:37 | G:3 | A:4

PTS: 7 | XGF:54.62%

iOff: | Off: | Def:",Los Angeles Kings
MIN,1st line,97 Kirill Kaprizov,97,48.0,20.821527777777774,27.0,23.0,9.0,24.76341298,257.0,0.5565728376395087,50.0,"**97 Kirill Kaprizov**



GP:48 | G:27 | A:32

PTS: 59 | XGF:55.66%

iOff: | Off: | Def:",13 Sam Steel,13,48.0,15.304166666666667,8.0,6.0,8.0,8.28525162,91.0,0.4986983492003553,14.0,"**13 Sam Steel**



GP:48 | G:8 | A:14

PTS: 22 | XGF:49.87%

iOff: | Off: | Def:",36 Mats Zuccarello,36,46.0,20.2231884057971,19.0,19.0,10.0,12.6061866,165.0,0.5549112682576365,38.0,"**36 Mats Zuccarello**



GP:46 | G:19 | A:29

PTS: 48 | XGF:55.49%

iOff: | Off: | Def:",Minnesota Wild
MIN,2nd line,18 Jordan Greenway,18,31.0,13.82956989247312,2.0,1.0,3.0,5.90597109,71.0,0.5108397230971048,3.0,"**18 Jordan Greenway**



GP:31 | G:2 | A:4

PTS: 6 | XGF:51.08%

iOff: | Off: | Def:",14 Joel Eriksson Ek,14,48.0,19.424652777777776,18.0,13.0,9.0,21.01526635,205.0,0.5346023161438396,31.0,"**14 Joel Eriksson Ek**



GP:48 | G:18 | A:22

PTS: 40 | XGF:53.46%

iOff: | Off: | Def:",38 Ryan Hartman,38,26.0,14.580128205128204,5.0,9.0,0.0,7.077170049999999,97.0,0.5960353635147341,14.0,"**38 Ryan Hartman**



GP:26 | G:5 | A:9

PTS: 14 | XGF:59.6%

iOff: | Off: | Def:",Minnesota Wild
MIN,3rd line,17 Marcus Foligno,17,39.0,15.566239316239315,4.0,5.0,6.0,5.61013641,75.0,0.4681781163566623,9.0,"**17 Marcus Foligno**



GP:39 | G:4 | A:11

PTS: 15 | XGF:46.82%

iOff: | Off: | Def:",89 Frederick Gaudreau,89,48.0,15.820833333333333,11.0,6.0,5.0,9.27010574,108.0,0.5365523447558297,17.0,"**89 Frederick Gaudreau**



GP:48 | G:11 | A:11

PTS: 22 | XGF:53.66%

iOff: | Off: | Def:",12 Matt Boldy,12,48.0,17.761458333333334,16.0,10.0,10.0,17.69672802,221.0,0.5751602390955387,26.0,"**12 Matt Boldy**



GP:48 | G:16 | A:20

PTS: 36 | XGF:57.52%

iOff: | Off: | Def:",Minnesota Wild
MIN,4th line,21 Brandon Duhaime,21,25.0,9.767333333333331,4.0,1.0,0.0,3.59972229,48.0,0.5149459030547274,5.0,"**21 Brandon Duhaime**



GP:25 | G:4 | A:1

PTS: 5 | XGF:51.49%

iOff: | Off: | Def:",26 Connor Dewar,26,47.0,11.047163120567376,5.0,5.0,3.0,5.83128169,73.0,0.474520900772703,10.0,"**26 Connor Dewar**



GP:47 | G:5 | A:8

PTS: 13 | XGF:47.45%

iOff: | Off: | Def:",75 Ryan Reaves,75,41.0,9.28048780487805,0.0,3.0,3.0,2.82739367,28.0,0.4358705331861177,3.0,"**75 Ryan Reaves**



GP:41 | G:0 | A:6

PTS: 6 | XGF:43.59%

iOff: | Off: | Def:",Minnesota Wild
MTL,1st line,32 Rem Pitlick,32,21.0,12.013492063492064,3.0,1.0,1.0,1.79484844,20.0,0.3562740485120386,4.0,"**32 Rem Pitlick**



GP:21 | G:3 | A:2

PTS: 5 | XGF:35.63%

iOff: | Off: | Def:",14 Nick Suzuki,14,51.0,21.37058823529412,16.0,20.0,4.0,11.41308326,136.0,0.3932190071748057,36.0,"**14 Nick Suzuki**



GP:51 | G:16 | A:24

PTS: 40 | XGF:39.32%

iOff: | Off: | Def:",17 Josh Anderson,17,49.0,16.39625850340136,14.0,4.0,1.0,15.82961196,159.0,0.414950483504643,18.0,"**17 Josh Anderson**



GP:49 | G:14 | A:5

PTS: 19 | XGF:41.5%

iOff: | Off: | Def:",Montreal Canadiens
MTL,2nd line,63 Evgenii Dadonov,63,42.0,14.30277777777778,4.0,3.0,6.0,7.31740957,80.0,0.4529640078867511,7.0,"**63 Evgenii Dadonov**



GP:42 | G:4 | A:9

PTS: 13 | XGF:45.3%

iOff: | Off: | Def:",77 Kirby Dach,77,51.0,18.28986928104575,11.0,14.0,8.0,12.78648543,133.0,0.4362042024127908,25.0,"**77 Kirby Dach**



GP:51 | G:11 | A:22

PTS: 33 | XGF:43.62%

iOff: | Off: | Def:",68 Mike Hoffman,68,37.0,15.054054054054054,9.0,4.0,5.0,6.51623318,111.0,0.4202511298911337,13.0,"**68 Mike Hoffman**



GP:37 | G:9 | A:9

PTS: 18 | XGF:42.03%

iOff: | Off: | Def:",Montreal Canadiens
MTL,3rd line,55 Michael Pezzetta,55,32.0,8.694791666666667,3.0,3.0,0.0,3.70673926,44.0,0.4913409856996853,6.0,"**55 Michael Pezzetta**



GP:32 | G:3 | A:3

PTS: 6 | XGF:49.13%

iOff: | Off: | Def:",28 Christian Dvorak,28,51.0,16.969607843137254,7.0,4.0,9.0,9.92446316,92.0,0.4107133909826498,11.0,"**28 Christian Dvorak**



GP:51 | G:7 | A:13

PTS: 20 | XGF:41.07%

iOff: | Off: | Def:",49 Rafael Harvey-Pinard,49,7.0,14.04761904761905,5.0,1.0,0.0,2.2847985,15.0,0.5379764105130976,6.0,"**49 Rafael Harvey-Pinard**



GP:7 | G:5 | A:1

PTS: 6 | XGF:53.8%

iOff: | Off: | Def:",Montreal Canadiens
NJD,1st line,18 Ondrej Palat,18,17.0,15.930392156862744,4.0,2.0,2.0,3.37431265,37.0,0.5965335237392126,6.0,"**18 Ondrej Palat**



GP:17 | G:4 | A:4

PTS: 8 | XGF:59.65%

iOff: | Off: | Def:",13 Nico Hischier,13,48.0,19.121180555555554,21.0,13.0,12.0,22.02425547,203.0,0.5927279018872863,34.0,"**13 Nico Hischier**



GP:48 | G:21 | A:25

PTS: 46 | XGF:59.27%

iOff: | Off: | Def:",63 Jesper Bratt,63,49.0,17.42482993197279,19.0,18.0,13.0,14.95888006,185.0,0.6120265213815931,37.0,"**63 Jesper Bratt**



GP:49 | G:19 | A:31

PTS: 50 | XGF:61.2%

iOff: | Off: | Def:",New Jersey Devils
NJD,2nd line,17 Yegor Sharangovich,17,49.0,13.979931972789116,11.0,8.0,3.0,11.2758727,116.0,0.5410333278682127,19.0,"**17 Yegor Sharangovich**



GP:49 | G:11 | A:11

PTS: 22 | XGF:54.1%

iOff: | Off: | Def:",86 Jack Hughes,86,49.0,19.91292517006803,33.0,18.0,13.0,23.49292601,271.0,0.6019315394434411,51.0,"**86 Jack Hughes**



GP:49 | G:33 | A:31

PTS: 64 | XGF:60.19%

iOff: | Off: | Def:",49 Fabian Zetterlund,49,36.0,12.98425925925926,5.0,8.0,2.0,6.43759669,96.0,0.5852825506070547,13.0,"**49 Fabian Zetterlund**



GP:36 | G:5 | A:10

PTS: 15 | XGF:58.53%

iOff: | Off: | Def:",New Jersey Devils
NJD,3rd line,90 Tomas Tatar,90,49.0,15.152040816326531,10.0,9.0,8.0,14.68363875,133.0,0.6409024262340212,19.0,"**90 Tomas Tatar**



GP:49 | G:10 | A:17

PTS: 27 | XGF:64.09%

iOff: | Off: | Def:",56 Erik Haula,56,49.0,16.67687074829932,4.0,8.0,8.0,12.10028007,137.0,0.5661845629777491,12.0,"**56 Erik Haula**



GP:49 | G:4 | A:16

PTS: 20 | XGF:56.62%

iOff: | Off: | Def:",91 Dawson Mercer,91,49.0,15.30986394557823,11.0,14.0,4.0,13.6858613,125.0,0.5488904230891675,25.0,"**91 Dawson Mercer**



GP:49 | G:11 | A:18

PTS: 29 | XGF:54.89%

iOff: | Off: | Def:",New Jersey Devils
NJD,4th line,44 Miles Wood,44,48.0,12.942361111111111,8.0,6.0,4.0,10.24051716,158.0,0.4611299884038264,14.0,"**44 Miles Wood**



GP:48 | G:8 | A:10

PTS: 18 | XGF:46.11%

iOff: | Off: | Def:",20 Michael McLeod,20,49.0,12.374489795918368,4.0,6.0,8.0,5.65429924,74.0,0.445113189359545,10.0,"**20 Michael McLeod**



GP:49 | G:4 | A:14

PTS: 18 | XGF:44.51%

iOff: | Off: | Def:",14 Nathan Bastian,14,26.0,13.078846153846154,3.0,3.0,3.0,5.0628825,44.0,0.5024119787737601,6.0,"**14 Nathan Bastian**



GP:26 | G:3 | A:6

PTS: 9 | XGF:50.24%

iOff: | Off: | Def:",New Jersey Devils
NSH,1st line,9 Filip Forsberg,9,48.0,17.729166666666668,19.0,13.0,9.0,19.93835004,236.0,0.5261149656348991,32.0,"**9 Filip Forsberg**



GP:48 | G:19 | A:22

PTS: 41 | XGF:52.61%

iOff: | Off: | Def:",8 Cody Glass,8,38.0,13.137719298245614,7.0,5.0,6.0,7.344276349999999,89.0,0.5596686406730847,12.0,"**8 Cody Glass**



GP:38 | G:7 | A:11

PTS: 18 | XGF:55.97%

iOff: | Off: | Def:",95 Matt Duchene,95,47.0,17.980141843971634,14.0,13.0,11.0,14.72890113,159.0,0.5214978632195651,27.0,"**95 Matt Duchene**



GP:47 | G:14 | A:24

PTS: 38 | XGF:52.15%

iOff: | Off: | Def:",Nashville Predators
NSH,2nd line,22 Nino Niederreiter,22,48.0,15.82152777777778,13.0,3.0,7.0,13.68366009,147.0,0.5230099240104079,16.0,"**22 Nino Niederreiter**



GP:48 | G:13 | A:10

PTS: 23 | XGF:52.3%

iOff: | Off: | Def:",92 Ryan Johansen,92,48.0,15.630555555555556,11.0,9.0,5.0,15.03886038,115.0,0.5112353472924053,20.0,"**92 Ryan Johansen**



GP:48 | G:11 | A:14

PTS: 25 | XGF:51.12%

iOff: | Off: | Def:",64 Mikael Granlund,64,48.0,18.70763888888889,6.0,14.0,8.0,11.85820782,95.0,0.4683493007479464,20.0,"**64 Mikael Granlund**



GP:48 | G:6 | A:22

PTS: 28 | XGF:46.83%

iOff: | Off: | Def:",Nashville Predators
NSH,3rd line,36 Cole Smith,36,42.0,11.752777777777778,2.0,7.0,2.0,7.2567853,67.0,0.5262159163665697,9.0,"**36 Cole Smith**



GP:42 | G:2 | A:9

PTS: 11 | XGF:52.62%

iOff: | Off: | Def:",75 Juuso Parssinen,75,34.0,15.101960784313729,5.0,7.0,9.0,6.823785,62.0,0.5163501125696275,12.0,"**75 Juuso Parssinen**



GP:34 | G:5 | A:16

PTS: 21 | XGF:51.64%

iOff: | Off: | Def:",10 Colton Sissons,10,48.0,15.219791666666666,7.0,4.0,7.0,7.64594518,75.0,0.4805536358472729,11.0,"**10 Colton Sissons**



GP:48 | G:7 | A:11

PTS: 18 | XGF:48.06%

iOff: | Off: | Def:",Nashville Predators
NSH,4th line,13 Yakov Trenin,13,43.0,14.14186046511628,6.0,5.0,2.0,9.61480899,116.0,0.545579705979442,11.0,"**13 Yakov Trenin**



GP:43 | G:6 | A:7

PTS: 13 | XGF:54.56%

iOff: | Off: | Def:",17 Mark Jankowski,17,24.0,12.13263888888889,4.0,1.0,2.0,3.54380107,38.0,0.4545438922882466,5.0,"**17 Mark Jankowski**



GP:24 | G:4 | A:3

PTS: 7 | XGF:45.45%

iOff: | Off: | Def:",84 Tanner Jeannot,84,48.0,15.10798611111111,5.0,3.0,5.0,10.84701459,112.0,0.5293481563915304,8.0,"**84 Tanner Jeannot**



GP:48 | G:5 | A:8

PTS: 13 | XGF:52.93%

iOff: | Off: | Def:",Nashville Predators
NYI,1st line,12 Josh Bailey,12,48.0,15.490277777777775,6.0,8.0,5.0,7.30929925,78.0,0.4266905993079321,14.0,"**12 Josh Bailey**



GP:48 | G:6 | A:13

PTS: 19 | XGF:42.67%

iOff: | Off: | Def:",14 Bo Horvat,14,49.0,19.943877551020407,31.0,14.0,9.0,17.7733223,184.0,0.4943924910618031,45.0,"**14 Bo Horvat**



GP:49 | G:31 | A:23

PTS: 54 | XGF:49.44%

iOff: | Off: | Def:",13 Mathew Barzal,13,51.0,18.67091503267974,12.0,17.0,14.0,11.32400142,171.0,0.4743516124201962,29.0,"**13 Mathew Barzal**



GP:51 | G:12 | A:31

PTS: 43 | XGF:47.44%

iOff: | Off: | Def:",New York Islanders
NYI,2nd line,27 Anders Lee,27,52.0,16.83141025641026,19.0,10.0,6.0,25.35127156,201.0,0.5188000135348849,29.0,"**27 Anders Lee**



GP:52 | G:19 | A:16

PTS: 35 | XGF:51.88%

iOff: | Off: | Def:",29 Brock Nelson,29,52.0,18.605128205128207,19.0,17.0,10.0,19.85122393,200.0,0.4967445252057987,36.0,"**29 Brock Nelson**



GP:52 | G:19 | A:27

PTS: 46 | XGF:49.67%

iOff: | Off: | Def:",21 Kyle Palmieri,21,25.0,16.384,6.0,7.0,1.0,6.85135783,80.0,0.5047338801723562,13.0,"**21 Kyle Palmieri**



GP:25 | G:6 | A:8

PTS: 14 | XGF:50.47%

iOff: | Off: | Def:",New York Islanders
NYI,3rd line,11 Zach Parise,11,52.0,16.38173076923077,13.0,5.0,2.0,16.23993545,142.0,0.510487364766056,18.0,"**11 Zach Parise**



GP:52 | G:13 | A:7

PTS: 20 | XGF:51.05%

iOff: | Off: | Def:",44 Jean-Gabriel Pageau,44,52.0,18.140064102564104,10.0,9.0,8.0,15.02623032,131.0,0.4432618298418135,19.0,"**44 Jean-Gabriel Pageau**



GP:52 | G:10 | A:17

PTS: 27 | XGF:44.33%

iOff: | Off: | Def:",10 Simon Holmstrom,10,24.0,11.37847222222222,2.0,0.0,1.0,1.56818604,26.0,0.4735757031991371,2.0,"**10 Simon Holmstrom**



GP:24 | G:2 | A:1

PTS: 3 | XGF:47.36%

iOff: | Off: | Def:",New York Islanders
NYI,4th line,17 Matt Martin,17,51.0,10.573856209150328,5.0,6.0,2.0,4.55302508,62.0,0.4232024398628209,11.0,"**17 Matt Martin**



GP:51 | G:5 | A:8

PTS: 13 | XGF:42.32%

iOff: | Off: | Def:",53 Casey Cizikas,53,51.0,13.84934640522876,4.0,5.0,4.0,7.85369386,77.0,0.4449975875179365,9.0,"**53 Casey Cizikas**



GP:51 | G:4 | A:9

PTS: 13 | XGF:44.5%

iOff: | Off: | Def:",20 Hudson Fasching,20,19.0,12.261403508771927,3.0,1.0,1.0,3.7426192,30.0,0.4814100794398548,4.0,"**20 Hudson Fasching**



GP:19 | G:3 | A:2

PTS: 5 | XGF:48.14%

iOff: | Off: | Def:",New York Islanders
NYR,1st line,10 Artemi Panarin,10,49.0,20.304761904761907,12.0,24.0,14.0,10.04945911,201.0,0.4747090051652128,36.0,"**10 Artemi Panarin**



GP:49 | G:12 | A:38

PTS: 50 | XGF:47.47%

iOff: | Off: | Def:",93 Mika Zibanejad,93,49.0,20.93095238095238,22.0,18.0,9.0,19.27235992,251.0,0.5002217198854165,40.0,"**93 Mika Zibanejad**



GP:49 | G:22 | A:27

PTS: 49 | XGF:50.02%

iOff: | Off: | Def:",26 Jimmy Vesey,26,48.0,13.888194444444444,9.0,4.0,4.0,9.94112791,103.0,0.581416353639217,13.0,"**26 Jimmy Vesey**



GP:48 | G:9 | A:8

PTS: 17 | XGF:58.14%

iOff: | Off: | Def:",New York Rangers
NYR,2nd line,20 Chris Kreider,20,46.0,19.207608695652173,20.0,9.0,3.0,22.2674441,213.0,0.5387512447961983,29.0,"**20 Chris Kreider**



GP:46 | G:20 | A:12

PTS: 32 | XGF:53.88%

iOff: | Off: | Def:",16 Vincent Trocheck,16,49.0,20.13571428571429,14.0,11.0,9.0,18.41133132,223.0,0.4854494066185876,25.0,"**16 Vincent Trocheck**



GP:49 | G:14 | A:20

PTS: 34 | XGF:48.54%

iOff: | Off: | Def:",21 Barclay Goodrow,21,49.0,14.91360544217687,9.0,9.0,5.0,7.68214673,86.0,0.4232791386093542,18.0,"**21 Barclay Goodrow**



GP:49 | G:9 | A:14

PTS: 23 | XGF:42.33%

iOff: | Off: | Def:",New York Rangers
NYR,3rd line,13 Alexis Lafreniere,13,0.0,0.0,0.0,0.0,0.0,0.0,0.0,0.0,0.0,"**13 Alexis Lafreniere**



GP:0 | G:0 | A:0

PTS: 0 | XGF:0.0%

iOff: | Off: | Def:",72 Filip Chytil,72,41.0,14.348780487804875,16.0,10.0,3.0,9.66395599,124.0,0.5119659099011504,26.0,"**72 Filip Chytil**



GP:41 | G:16 | A:13

PTS: 29 | XGF:51.2%

iOff: | Off: | Def:",24 Kaapo Kakko,24,49.0,15.878911564625849,9.0,8.0,6.0,10.88344948,113.0,0.5095150336531659,17.0,"**24 Kaapo Kakko**



GP:49 | G:9 | A:14

PTS: 23 | XGF:50.95%

iOff: | Off: | Def:",New York Rangers
NYR,4th line,50 Will Cuylle,50,2.0,6.166666666666666,0.0,0.0,0.0,0.0799,2.0,0.7378738585581749,0.0,"**50 Will Cuylle**



GP:2 | G:0 | A:0

PTS: 0 | XGF:73.79%

iOff: | Off: | Def:",15 Jake Leschyshyn,15,28.0,9.280357142857143,0.0,0.0,0.0,3.1612149,31.0,0.4409589956531352,0.0,"**15 Jake Leschyshyn**



GP:28 | G:0 | A:0

PTS: 0 | XGF:44.1%

iOff: | Off: | Def:",91 Sammy Blais,91,38.0,9.694298245614036,0.0,1.0,4.0,2.40878763,44.0,0.4336284572667621,1.0,"**91 Sammy Blais**



GP:38 | G:0 | A:5

PTS: 5 | XGF:43.36%

iOff: | Off: | Def:",New York Rangers
OTT,1st line,7 Brady Tkachuk,7,50.0,18.537333333333333,20.0,20.0,11.0,27.4877762,284.0,0.579528639089516,40.0,"**7 Brady Tkachuk**



GP:50 | G:20 | A:31

PTS: 51 | XGF:57.95%

iOff: | Off: | Def:",18 Tim Stutzle,18,0.0,0.0,0.0,0.0,0.0,0.0,0.0,0.0,0.0,"**18 Tim Stutzle**



GP:0 | G:0 | A:0

PTS: 0 | XGF:0.0%

iOff: | Off: | Def:",21 Mathieu Joseph,21,31.0,14.329032258064515,3.0,5.0,4.0,5.96023571,46.0,0.4908084803418045,8.0,"**21 Mathieu Joseph**



GP:31 | G:3 | A:9

PTS: 12 | XGF:49.08%

iOff: | Off: | Def:",Ottawa Senators
OTT,2nd line,12 Alex DeBrincat,12,50.0,19.366666666666667,17.0,18.0,6.0,20.46610923,225.0,0.516911394389901,35.0,"**12 Alex DeBrincat**



GP:50 | G:17 | A:24

PTS: 41 | XGF:51.69%

iOff: | Off: | Def:",57 Shane Pinto,57,50.0,15.617333333333333,12.0,3.0,5.0,12.4345848,132.0,0.5247290273561179,15.0,"**57 Shane Pinto**



GP:50 | G:12 | A:8

PTS: 20 | XGF:52.47%

iOff: | Off: | Def:",28 Claude Giroux,28,50.0,18.382666666666665,20.0,17.0,11.0,14.57516758,168.0,0.5689869040168708,37.0,"**28 Claude Giroux**



GP:50 | G:20 | A:28

PTS: 48 | XGF:56.9%

iOff: | Off: | Def:",Ottawa Senators
OTT,3rd line,14 Tyler Motte,14,34.0,13.716666666666669,3.0,5.0,1.0,7.28059684,77.0,0.4771949357839911,8.0,"**14 Tyler Motte**



GP:34 | G:3 | A:6

PTS: 9 | XGF:47.72%

iOff: | Off: | Def:",61 Derick Brassard,61,40.0,13.145833333333334,8.0,5.0,0.0,7.47140361,90.0,0.4836297915218488,13.0,"**61 Derick Brassard**



GP:40 | G:8 | A:5

PTS: 13 | XGF:48.36%

iOff: | Off: | Def:",19 Drake Batherson,19,50.0,18.531,15.0,17.0,11.0,21.15894353,222.0,0.5287229810156037,32.0,"**19 Drake Batherson**



GP:50 | G:15 | A:28

PTS: 43 | XGF:52.87%

iOff: | Off: | Def:",Ottawa Senators
OTT,4th line,45 Parker Kelly,45,48.0,10.360416666666667,1.0,1.0,2.0,5.42682926,69.0,0.4284453619963827,2.0,"**45 Parker Kelly**



GP:48 | G:1 | A:3

PTS: 4 | XGF:42.84%

iOff: | Off: | Def:",27 Dylan Gambrell,27,31.0,10.941935483870967,1.0,0.0,0.0,2.65508849,34.0,0.4142437628202979,1.0,"**27 Dylan Gambrell**



GP:31 | G:1 | A:0

PTS: 1 | XGF:41.42%

iOff: | Off: | Def:",16 Austin Watson,16,48.0,10.198611111111113,4.0,1.0,1.0,5.01119304,66.0,0.4436493172332015,5.0,"**16 Austin Watson**



GP:48 | G:4 | A:2

PTS: 6 | XGF:44.36%

iOff: | Off: | Def:",Ottawa Senators
PHI,1st line,13 Kevin Hayes,13,50.0,17.971333333333334,15.0,22.0,8.0,12.24903238,209.0,0.4744986951009564,37.0,"**13 Kevin Hayes**



GP:50 | G:15 | A:30

PTS: 45 | XGF:47.45%

iOff: | Off: | Def:",21 Scott Laughton,21,47.0,18.693971631205677,12.0,12.0,5.0,12.93415012,137.0,0.4417648862228865,24.0,"**21 Scott Laughton**



GP:47 | G:12 | A:17

PTS: 29 | XGF:44.18%

iOff: | Off: | Def:",74 Owen Tippett,74,46.0,15.758695652173913,14.0,6.0,8.0,11.69329346,161.0,0.4916002439768007,20.0,"**74 Owen Tippett**



GP:46 | G:14 | A:14

PTS: 28 | XGF:49.16%

iOff: | Off: | Def:",Philadelphia Flyers
PHI,2nd line,25 James van Riemsdyk,25,31.0,15.609677419354838,8.0,7.0,6.0,8.8977709,84.0,0.5030875850562705,15.0,"**25 James van Riemsdyk**



GP:31 | G:8 | A:13

PTS: 21 | XGF:50.31%

iOff: | Off: | Def:",49 Noah Cates,49,51.0,17.538888888888888,8.0,7.0,7.0,9.4687562,85.0,0.441325302313666,15.0,"**49 Noah Cates**



GP:51 | G:8 | A:14

PTS: 22 | XGF:44.13%

iOff: | Off: | Def:",11 Travis Konecny,11,45.0,19.96703703703704,24.0,18.0,7.0,18.56874667,206.0,0.4216442154749164,42.0,"**11 Travis Konecny**



GP:45 | G:24 | A:25

PTS: 49 | XGF:42.16%

iOff: | Off: | Def:",Philadelphia Flyers
PHI,3rd line,86 Joel Farabee,86,51.0,17.267647058823528,9.0,5.0,11.0,8.86572811,114.0,0.4710406957620134,14.0,"**86 Joel Farabee**



GP:51 | G:9 | A:16

PTS: 25 | XGF:47.1%

iOff: | Off: | Def:",48 Morgan Frost,48,50.0,15.428333333333333,10.0,8.0,7.0,9.26109386,122.0,0.4721217411993615,18.0,"**48 Morgan Frost**



GP:50 | G:10 | A:15

PTS: 25 | XGF:47.21%

iOff: | Off: | Def:",57 Wade Allison,57,32.0,12.083854166666669,7.0,1.0,3.0,7.96310017,72.0,0.5195331425524532,8.0,"**57 Wade Allison**



GP:32 | G:7 | A:4

PTS: 11 | XGF:51.95%

iOff: | Off: | Def:",Philadelphia Flyers
PHI,4th line,44 Nicolas Deslauriers,44,51.0,10.235294117647058,2.0,1.0,4.0,4.96530757,71.0,0.4255534294367771,3.0,"**44 Nicolas Deslauriers**



GP:51 | G:2 | A:5

PTS: 7 | XGF:42.56%

iOff: | Off: | Def:",38 Patrick Brown,38,32.0,11.255729166666669,1.0,2.0,1.0,1.99229205,49.0,0.4110521066433049,3.0,"**38 Patrick Brown**



GP:32 | G:1 | A:3

PTS: 4 | XGF:41.11%

iOff: | Off: | Def:",20 Kieffer Bellows,20,14.0,11.63452380952381,1.0,0.0,0.0,1.28955715,26.0,0.4951783384439683,1.0,"**20 Kieffer Bellows**



GP:14 | G:1 | A:0

PTS: 1 | XGF:49.52%

iOff: | Off: | Def:",Philadelphia Flyers
PIT,1st line,59 Jake Guentzel,59,45.0,20.064444444444444,20.0,20.0,6.0,20.86356686,176.0,0.5566021905163266,40.0,"**59 Jake Guentzel**



GP:45 | G:20 | A:26

PTS: 46 | XGF:55.66%

iOff: | Off: | Def:",87 Sidney Crosby,87,49.0,20.17312925170068,24.0,19.0,17.0,20.33153015,192.0,0.5703800492514737,43.0,"**87 Sidney Crosby**



GP:49 | G:24 | A:36

PTS: 60 | XGF:57.04%

iOff: | Off: | Def:",67 Rickard Rakell,67,49.0,18.360544217687075,18.0,7.0,8.0,21.47347291,208.0,0.5521796668857707,25.0,"**67 Rickard Rakell**



GP:49 | G:18 | A:15

PTS: 33 | XGF:55.22%

iOff: | Off: | Def:",Pittsburgh Penguins
PIT,2nd line,16 Jason Zucker,16,45.0,15.592222222222222,13.0,7.0,10.0,15.00553775,152.0,0.5853376503582841,20.0,"**16 Jason Zucker**



GP:45 | G:13 | A:17

PTS: 30 | XGF:58.53%

iOff: | Off: | Def:",71 Evgeni Malkin,71,49.0,18.538775510204083,19.0,20.0,11.0,19.38982959,191.0,0.5697197366167711,39.0,"**71 Evgeni Malkin**



GP:49 | G:19 | A:31

PTS: 50 | XGF:56.97%

iOff: | Off: | Def:",17 Bryan Rust,17,49.0,17.795238095238094,11.0,10.0,9.0,16.46450609,181.0,0.5646139405763996,21.0,"**17 Bryan Rust**



GP:49 | G:11 | A:19

PTS: 30 | XGF:56.46%

iOff: | Off: | Def:",Pittsburgh Penguins
PIT,3rd line,23 Brock McGinn,23,49.0,13.2156462585034,10.0,2.0,3.0,7.22781332,96.0,0.4591147610330223,12.0,"**23 Brock McGinn**



GP:49 | G:10 | A:5

PTS: 15 | XGF:45.91%

iOff: | Off: | Def:",77 Jeff Carter,77,46.0,14.813768115942027,7.0,7.0,5.0,12.02020583,108.0,0.4896533624230279,14.0,"**77 Jeff Carter**



GP:46 | G:7 | A:12

PTS: 19 | XGF:48.97%

iOff: | Off: | Def:",42 Kasperi Kapanen,42,35.0,11.752380952380951,6.0,10.0,1.0,4.44209838,63.0,0.433905420909002,16.0,"**42 Kasperi Kapanen**



GP:35 | G:6 | A:11

PTS: 17 | XGF:43.39%

iOff: | Off: | Def:",Pittsburgh Penguins
PIT,4th line,25 Ryan Poehling,25,35.0,11.065714285714286,5.0,5.0,1.0,4.60426039,62.0,0.507816636818937,10.0,"**25 Ryan Poehling**



GP:35 | G:5 | A:6

PTS: 11 | XGF:50.78%

iOff: | Off: | Def:",53 Teddy Blueger,53,34.0,12.799509803921568,1.0,5.0,1.0,4.81398167,53.0,0.4218086257518091,6.0,"**53 Teddy Blueger**



GP:34 | G:1 | A:6

PTS: 7 | XGF:42.18%

iOff: | Off: | Def:",15 Josh Archibald,15,30.0,10.24222222222222,4.0,0.0,2.0,4.05863866,54.0,0.5896746601123849,4.0,"**15 Josh Archibald**



GP:30 | G:4 | A:2

PTS: 6 | XGF:58.97%

iOff: | Off: | Def:",Pittsburgh Penguins
SEA,1st line,19 Jared McCann,19,46.0,15.06159420289855,23.0,5.0,7.0,9.74535172,138.0,0.519135031691976,28.0,"**19 Jared McCann**



GP:46 | G:23 | A:12

PTS: 35 | XGF:51.91%

iOff: | Off: | Def:",21 Alex Wennberg,21,49.0,18.36904761904762,10.0,10.0,4.0,11.3504338,81.0,0.4854421196625152,20.0,"**21 Alex Wennberg**



GP:49 | G:10 | A:14

PTS: 24 | XGF:48.54%

iOff: | Off: | Def:",7 Jordan Eberle,7,49.0,16.14761904761905,10.0,22.0,6.0,11.48639,145.0,0.5058351997310088,32.0,"**7 Jordan Eberle**



GP:49 | G:10 | A:28

PTS: 38 | XGF:50.58%

iOff: | Off: | Def:",Seattle Kraken
SEA,2nd line,17 Jaden Schwartz,17,40.0,17.424583333333334,10.0,8.0,5.0,14.54606058,112.0,0.5320529023576197,18.0,"**17 Jaden Schwartz**



GP:40 | G:10 | A:13

PTS: 23 | XGF:53.21%

iOff: | Off: | Def:",10 Matty Beniers,10,47.0,16.718794326241134,17.0,12.0,7.0,12.16792387,127.0,0.5059374075564392,29.0,"**10 Matty Beniers**



GP:47 | G:17 | A:19

PTS: 36 | XGF:50.59%

iOff: | Off: | Def:",95 Andre Burakovsky,95,48.0,16.720833333333335,13.0,15.0,11.0,9.22951635,147.0,0.4466691858547622,28.0,"**95 Andre Burakovsky**



GP:48 | G:13 | A:26

PTS: 39 | XGF:44.67%

iOff: | Off: | Def:",Seattle Kraken
SEA,3rd line,20 Eeli Tolvanen,20,28.0,13.39345238095238,10.0,4.0,0.0,4.95511948,74.0,0.506374215990381,14.0,"**20 Eeli Tolvanen**



GP:28 | G:10 | A:4

PTS: 14 | XGF:50.64%

iOff: | Off: | Def:",37 Yanni Gourde,37,48.0,16.54236111111111,6.0,12.0,14.0,11.86460323,117.0,0.5744086384700432,18.0,"**37 Yanni Gourde**



GP:48 | G:6 | A:26

PTS: 32 | XGF:57.44%

iOff: | Off: | Def:",22 Oliver Bjorkstrand,22,49.0,15.102721088435374,9.0,7.0,10.0,13.64453874,181.0,0.5329554899433,16.0,"**22 Oliver Bjorkstrand**



GP:49 | G:9 | A:17

PTS: 26 | XGF:53.3%

iOff: | Off: | Def:",Seattle Kraken
SEA,4th line,13 Brandon Tanev,13,49.0,14.266326530612243,9.0,9.0,6.0,12.57093663,112.0,0.5520906191276185,18.0,"**13 Brandon Tanev**



GP:49 | G:9 | A:15

PTS: 24 | XGF:55.21%

iOff: | Off: | Def:",9 Ryan Donato,9,42.0,11.142460317460316,12.0,5.0,3.0,7.2924585,92.0,0.5471740283826605,17.0,"**9 Ryan Donato**



GP:42 | G:12 | A:8

PTS: 20 | XGF:54.72%

iOff: | Off: | Def:",91 Daniel Sprong,91,42.0,10.998015873015872,15.0,10.0,4.0,9.71614117,124.0,0.5549244144963178,25.0,"**91 Daniel Sprong**



GP:42 | G:15 | A:14

PTS: 29 | XGF:55.49%

iOff: | Off: | Def:",Seattle Kraken
SJS,1st line,28 Timo Meier,28,51.0,19.49084967320261,28.0,12.0,8.0,27.12964557,320.0,0.5516606147217572,40.0,"**28 Timo Meier**



GP:51 | G:28 | A:20

PTS: 48 | XGF:55.17%

iOff: | Off: | Def:",48 Tomas Hertl,48,49.0,18.85816326530612,14.0,12.0,17.0,16.51584943,156.0,0.5539247580756499,26.0,"**48 Tomas Hertl**



GP:49 | G:14 | A:29

PTS: 43 | XGF:55.39%

iOff: | Off: | Def:",73 Noah Gregor,73,26.0,12.528205128205128,3.0,2.0,0.0,4.84003971,72.0,0.4817348288230651,5.0,"**73 Noah Gregor**



GP:26 | G:3 | A:2

PTS: 5 | XGF:48.17%

iOff: | Off: | Def:",San Jose Sharks
SJS,2nd line,21 Michael Eyssimont,21,29.0,11.432758620689656,3.0,5.0,3.0,7.2205531,88.0,0.6371525286745952,8.0,"**21 Michael Eyssimont**



GP:29 | G:3 | A:8

PTS: 11 | XGF:63.72%

iOff: | Off: | Def:",39 Logan Couture,39,51.0,18.212745098039218,19.0,14.0,9.0,16.23645927,160.0,0.4983431194974144,33.0,"**39 Logan Couture**



GP:51 | G:19 | A:23

PTS: 42 | XGF:49.83%

iOff: | Off: | Def:",94 Alexander Barabanov,94,46.0,17.306521739130435,7.0,16.0,8.0,12.03265569,118.0,0.5115462761303293,23.0,"**94 Alexander Barabanov**



GP:46 | G:7 | A:24

PTS: 31 | XGF:51.15%

iOff: | Off: | Def:",San Jose Sharks
SJS,3rd line,23 Oskar Lindblom,23,49.0,10.08639455782313,5.0,3.0,4.0,5.22968463,67.0,0.4359357490248184,8.0,"**23 Oskar Lindblom**



GP:49 | G:5 | A:7

PTS: 12 | XGF:43.59%

iOff: | Off: | Def:",7 Nico Sturm,7,43.0,14.434496124031009,11.0,3.0,3.0,7.43472823,98.0,0.4355564001950971,14.0,"**7 Nico Sturm**



GP:43 | G:11 | A:6

PTS: 17 | XGF:43.56%

iOff: | Off: | Def:",13 Nick Bonino,13,48.0,15.569097222222224,9.0,6.0,2.0,9.01293188,87.0,0.4469705790152287,15.0,"**13 Nick Bonino**



GP:48 | G:9 | A:8

PTS: 17 | XGF:44.7%

iOff: | Off: | Def:",San Jose Sharks
SJS,4th line,42 Jonah Gadjovich,42,32.0,8.801041666666666,2.0,0.0,3.0,5.30890571,44.0,0.4960324499498407,2.0,"**42 Jonah Gadjovich**



GP:32 | G:2 | A:3

PTS: 5 | XGF:49.6%

iOff: | Off: | Def:",16 Steven Lorentz,16,49.0,11.08265306122449,5.0,1.0,4.0,7.55312844,87.0,0.4941319508585981,6.0,"**16 Steven Lorentz**



GP:49 | G:5 | A:5

PTS: 10 | XGF:49.41%

iOff: | Off: | Def:",10 Evgeny Svechnikov,10,35.0,10.687619047619048,4.0,4.0,1.0,4.30889044,59.0,0.4368927718713629,8.0,"**10 Evgeny Svechnikov**



GP:35 | G:4 | A:5

PTS: 9 | XGF:43.69%

iOff: | Off: | Def:",San Jose Sharks
STL,1st line,20 Brandon Saad,20,44.0,17.042424242424243,14.0,6.0,1.0,10.75175599,113.0,0.468644133765029,20.0,"**20 Brandon Saad**



GP:44 | G:14 | A:7

PTS: 21 | XGF:46.86%

iOff: | Off: | Def:",18 Robert Thomas,18,48.0,19.152430555555554,12.0,18.0,13.0,10.17632181,102.0,0.4398026992450851,30.0,"**18 Robert Thomas**



GP:48 | G:12 | A:31

PTS: 43 | XGF:43.98%

iOff: | Off: | Def:",25 Jordan Kyrou,25,48.0,18.23958333333333,23.0,15.0,9.0,15.78032135,211.0,0.406277823817974,38.0,"**25 Jordan Kyrou**



GP:48 | G:23 | A:24

PTS: 47 | XGF:40.63%

iOff: | Off: | Def:",St. Louis Blues
STL,2nd line,49 Ivan Barbashev,49,51.0,16.292483660130717,9.0,7.0,8.0,7.8549983,103.0,0.4611686531085258,16.0,"**49 Ivan Barbashev**



GP:51 | G:9 | A:15

PTS: 24 | XGF:46.12%

iOff: | Off: | Def:",10 Brayden Schenn,10,51.0,18.11830065359477,13.0,15.0,9.0,12.2516296,135.0,0.4066235380288574,28.0,"**10 Brayden Schenn**



GP:51 | G:13 | A:24

PTS: 37 | XGF:40.66%

iOff: | Off: | Def:",91 Vladimir Tarasenko,91,38.0,17.517543859649123,10.0,7.0,12.0,9.14147438,138.0,0.3941647355379828,17.0,"**91 Vladimir Tarasenko**



GP:38 | G:10 | A:19

PTS: 29 | XGF:39.42%

iOff: | Off: | Def:",St. Louis Blues
STL,3rd line,13 Alexey Toropchenko,13,38.0,10.763157894736842,3.0,1.0,3.0,3.78469466,48.0,0.4200061258529516,4.0,"**13 Alexey Toropchenko**



GP:38 | G:3 | A:4

PTS: 7 | XGF:42.0%

iOff: | Off: | Def:",52 Noel Acciari,52,51.0,14.505555555555556,10.0,4.0,4.0,12.92491271,95.0,0.5038395466686962,14.0,"**52 Noel Acciari**



GP:51 | G:10 | A:8

PTS: 18 | XGF:50.38%

iOff: | Off: | Def:",17 Josh Leivo,17,38.0,12.303947368421053,4.0,8.0,1.0,6.98350179,99.0,0.5476609332355719,12.0,"**17 Josh Leivo**



GP:38 | G:4 | A:9

PTS: 13 | XGF:54.77%

iOff: | Off: | Def:",St. Louis Blues
STL,4th line,26 Nathan Walker,26,28.0,9.478571428571428,1.0,1.0,2.0,1.37098321,25.0,0.3289076904645791,2.0,"**26 Nathan Walker**



GP:28 | G:1 | A:3

PTS: 4 | XGF:32.89%

iOff: | Off: | Def:",22 Logan Brown,22,13.0,9.7,0.0,2.0,0.0,0.5683910799999999,9.0,0.3189517042665541,2.0,"**22 Logan Brown**



GP:13 | G:0 | A:2

PTS: 2 | XGF:31.9%

iOff: | Off: | Def:",9 Tyler Pitlick,9,36.0,9.411574074074077,2.0,4.0,1.0,1.82590577,35.0,0.42458864836517,6.0,"**9 Tyler Pitlick**



GP:36 | G:2 | A:5

PTS: 7 | XGF:42.46%

iOff: | Off: | Def:",St. Louis Blues
TBL,1st line,91 Steven Stamkos,91,48.0,19.282291666666666,24.0,19.0,14.0,23.58088187,227.0,0.5142756256961656,43.0,"**91 Steven Stamkos**



GP:48 | G:24 | A:33

PTS: 57 | XGF:51.43%

iOff: | Off: | Def:",21 Brayden Point,21,48.0,19.81493055555556,29.0,11.0,14.0,22.42660837,192.0,0.5530398767937711,40.0,"**21 Brayden Point**



GP:48 | G:29 | A:25

PTS: 54 | XGF:55.3%

iOff: | Off: | Def:",86 Nikita Kucherov,86,48.0,20.47222222222222,19.0,30.0,22.0,19.82129029,241.0,0.5438859331488752,49.0,"**86 Nikita Kucherov**



GP:48 | G:19 | A:52

PTS: 71 | XGF:54.39%

iOff: | Off: | Def:",Tampa Bay Lightning
TBL,2nd line,38 Brandon Hagel,38,48.0,18.85486111111111,19.0,12.0,10.0,19.87979177,143.0,0.5538580073290336,31.0,"**38 Brandon Hagel**



GP:48 | G:19 | A:22

PTS: 41 | XGF:55.39%

iOff: | Off: | Def:",71 Anthony Cirelli,71,25.0,16.639333333333333,3.0,4.0,4.0,9.46989781,76.0,0.5399379013742862,7.0,"**71 Anthony Cirelli**



GP:25 | G:3 | A:8

PTS: 11 | XGF:53.99%

iOff: | Off: | Def:",17 Alex Killorn,17,48.0,17.194444444444446,14.0,14.0,6.0,10.70258229,106.0,0.5049170229980565,28.0,"**17 Alex Killorn**



GP:48 | G:14 | A:20

PTS: 34 | XGF:50.49%

iOff: | Off: | Def:",Tampa Bay Lightning
TBL,3rd line,79 Ross Colton,79,47.0,11.974822695035462,10.0,7.0,4.0,10.11321329,116.0,0.487855319908643,17.0,"**79 Ross Colton**



GP:47 | G:10 | A:11

PTS: 21 | XGF:48.79%

iOff: | Off: | Def:",20 Nicholas Paul,20,48.0,16.511458333333334,16.0,7.0,3.0,11.53851285,110.0,0.4558838105045261,23.0,"**20 Nicholas Paul**



GP:48 | G:16 | A:10

PTS: 26 | XGF:45.59%

iOff: | Off: | Def:",14 Pat Maroon,14,48.0,10.332986111111111,2.0,2.0,5.0,6.42847338,67.0,0.4972977028303483,4.0,"**14 Pat Maroon**



GP:48 | G:2 | A:7

PTS: 9 | XGF:49.73%

iOff: | Off: | Def:",Tampa Bay Lightning
TBL,4th line,90 Vladislav Namestnikov,90,46.0,11.927898550724636,4.0,4.0,3.0,7.18011462,69.0,0.5520080277531771,8.0,"**90 Vladislav Namestnikov**



GP:46 | G:4 | A:7

PTS: 11 | XGF:55.2%

iOff: | Off: | Def:",41 Pierre-Edouard Bellemare,41,46.0,11.368115942028984,3.0,4.0,0.0,3.63490922,50.0,0.4850107409490592,7.0,"**41 Pierre-Edouard Bellemare**



GP:46 | G:3 | A:4

PTS: 7 | XGF:48.5%

iOff: | Off: | Def:",10 Corey Perry,10,48.0,11.729513888888889,9.0,5.0,5.0,11.32943539,103.0,0.5148579085800026,14.0,"**10 Corey Perry**



GP:48 | G:9 | A:10

PTS: 19 | XGF:51.49%

iOff: | Off: | Def:",Tampa Bay Lightning
TOR,1st line,58 Michael Bunting,58,52.0,16.288141025641025,15.0,16.0,4.0,19.63280833,166.0,0.5867049963857752,31.0,"**58 Michael Bunting**



GP:52 | G:15 | A:20

PTS: 35 | XGF:58.67%

iOff: | Off: | Def:",91 John Tavares,91,52.0,17.575641025641026,21.0,18.0,12.0,28.94307513,259.0,0.5577942078755475,39.0,"**91 John Tavares**



GP:52 | G:21 | A:30

PTS: 51 | XGF:55.78%

iOff: | Off: | Def:",16 Mitchell Marner,16,52.0,21.23173076923077,19.0,19.0,22.0,12.8773006,177.0,0.5640403557949425,38.0,"**16 Mitchell Marner**



GP:52 | G:19 | A:41

PTS: 60 | XGF:56.4%

iOff: | Off: | Def:",Toronto Maple Leafs
TOR,2nd line,19 Calle Jarnkrok,19,45.0,13.617777777777777,12.0,9.0,4.0,8.61816067,88.0,0.5206616881001215,21.0,"**19 Calle Jarnkrok**



GP:45 | G:12 | A:13

PTS: 25 | XGF:52.07%

iOff: | Off: | Def:",15 Alexander Kerfoot,15,52.0,14.65096153846154,7.0,8.0,8.0,11.10040245,117.0,0.5199385045542366,15.0,"**15 Alexander Kerfoot**



GP:52 | G:7 | A:16

PTS: 23 | XGF:51.99%

iOff: | Off: | Def:",88 William Nylander,88,52.0,18.61794871794872,28.0,21.0,10.0,22.03785992,252.0,0.5635958567465782,49.0,"**88 William Nylander**



GP:52 | G:28 | A:31

PTS: 59 | XGF:56.36%

iOff: | Off: | Def:",Toronto Maple Leafs
TOR,3rd line,47 Pierre Engvall,47,50.0,13.058,10.0,5.0,3.0,9.9757716,118.0,0.5989698573068335,15.0,"**47 Pierre Engvall**



GP:50 | G:10 | A:8

PTS: 18 | XGF:59.9%

iOff: | Off: | Def:",64 David Kampf,64,52.0,15.452884615384615,4.0,6.0,6.0,7.78850922,84.0,0.4959587307041446,10.0,"**64 David Kampf**



GP:52 | G:4 | A:12

PTS: 16 | XGF:49.6%

iOff: | Off: | Def:",28 Joey Anderson,28,11.0,9.324242424242424,2.0,1.0,0.0,0.80846823,14.0,0.7116209379968337,3.0,"**28 Joey Anderson**



GP:11 | G:2 | A:1

PTS: 3 | XGF:71.16%

iOff: | Off: | Def:",Toronto Maple Leafs
TOR,4th line,12 Zach Aston-Reese,12,49.0,11.048639455782313,5.0,0.0,2.0,5.87105254,80.0,0.4707391901208919,5.0,"**12 Zach Aston-Reese**



GP:49 | G:5 | A:2

PTS: 7 | XGF:47.07%

iOff: | Off: | Def:",,,,,,,,,,,,,24 Wayne Simmonds,24,13.0,7.411538461538462,0.0,1.0,0.0,0.58147084,11.0,0.4245295186120699,1.0,"**24 Wayne Simmonds**



GP:13 | G:0 | A:1

PTS: 1 | XGF:42.45%

iOff: | Off: | Def:",Toronto Maple Leafs
VAN,1st line,96 Andrei Kuzmenko,96,48.0,15.145486111111111,21.0,9.0,13.0,13.419992,118.0,0.4949804519678223,30.0,"**96 Andrei Kuzmenko**



GP:48 | G:21 | A:22

PTS: 43 | XGF:49.5%

iOff: | Off: | Def:",40 Elias Pettersson,40,47.0,18.95177304964539,21.0,24.0,13.0,17.78510543,227.0,0.5242032607637652,45.0,"**40 Elias Pettersson**



GP:47 | G:21 | A:37

PTS: 58 | XGF:52.42%

iOff: | Off: | Def:",72 Anthony Beauvillier,72,49.0,15.678231292517006,9.0,7.0,4.0,9.5138103,143.0,0.4954951601078595,16.0,"**72 Anthony Beauvillier**



GP:49 | G:9 | A:11

PTS: 20 | XGF:49.55%

iOff: | Off: | Def:",Vancouver Canucks
VAN,2nd line,81 Dakota Joshua,81,46.0,10.078985507246376,8.0,1.0,3.0,7.68057762,53.0,0.4603898176366961,9.0,"**81 Dakota Joshua**



GP:46 | G:8 | A:4

PTS: 12 | XGF:46.04%

iOff: | Off: | Def:",9 J.T. Miller,9,49.0,19.793537414965986,18.0,19.0,7.0,15.78870648,188.0,0.4616763864647138,37.0,"**9 J.T. Miller**



GP:49 | G:18 | A:26

PTS: 44 | XGF:46.17%

iOff: | Off: | Def:",8 Conor Garland,8,48.0,14.654861111111112,9.0,6.0,9.0,9.55249399,145.0,0.4849300260785503,15.0,"**8 Conor Garland**



GP:48 | G:9 | A:15

PTS: 24 | XGF:48.49%

iOff: | Off: | Def:",Vancouver Canucks
VAN,3rd line,92 Vasily Podkolzin,92,16.0,12.572916666666666,0.0,2.0,1.0,2.15132325,31.0,0.5165930777797859,2.0,"**92 Vasily Podkolzin**



GP:16 | G:0 | A:3

PTS: 3 | XGF:51.66%

iOff: | Off: | Def:",15 Sheldon Dries,15,30.0,10.602222222222222,6.0,2.0,2.0,5.62211869,62.0,0.4560148921283545,8.0,"**15 Sheldon Dries**



GP:30 | G:6 | A:4

PTS: 10 | XGF:45.6%

iOff: | Off: | Def:",6 Brock Boeser,6,41.0,15.8369918699187,9.0,9.0,12.0,10.17969912,120.0,0.4717375060401863,18.0,"**6 Brock Boeser**



GP:41 | G:9 | A:21

PTS: 30 | XGF:47.17%

iOff: | Off: | Def:",Vancouver Canucks
VAN,4th line,34 Phillip Di Giuseppe,34,1.0,7.516666666666667,0.0,0.0,0.0,0.0,0.0,0.3360936119111524,0.0,"**34 Phillip Di Giuseppe**



GP:1 | G:0 | A:0

PTS: 0 | XGF:33.61%

iOff: | Off: | Def:",88 Nils man,88,0.0,0.0,0.0,0.0,0.0,0.0,0.0,0.0,0.0,"**88 Nils man**



GP:0 | G:0 | A:0

PTS: 0 | XGF:0.0%

iOff: | Off: | Def:",20 Curtis Lazar,20,39.0,11.708119658119658,1.0,1.0,1.0,5.62598105,60.0,0.4336809303374073,2.0,"**20 Curtis Lazar**



GP:39 | G:1 | A:2

PTS: 3 | XGF:43.37%

iOff: | Off: | Def:",Vancouver Canucks
VGK,1st line,43 Paul Cotter,43,33.0,12.47878787878788,8.0,1.0,2.0,5.24060934,62.0,0.4326847828092133,9.0,"**43 Paul Cotter**



GP:33 | G:8 | A:3

PTS: 11 | XGF:43.27%

iOff: | Off: | Def:",9 Jack Eichel,9,38.0,18.21929824561404,15.0,11.0,8.0,13.17969647,170.0,0.5371187688784326,26.0,"**9 Jack Eichel**



GP:38 | G:15 | A:19

PTS: 34 | XGF:53.71%

iOff: | Off: | Def:",81 Jonathan Marchessault,81,45.0,16.503333333333334,15.0,10.0,7.0,15.18938972,204.0,0.5541544176050537,25.0,"**81 Jonathan Marchessault**



GP:45 | G:15 | A:17

PTS: 32 | XGF:55.42%

iOff: | Off: | Def:",Vegas Golden Knights
VGK,2nd line,19 Reilly Smith,19,51.0,16.85032679738562,18.0,7.0,7.0,15.99793018,172.0,0.5449542638677404,25.0,"**19 Reilly Smith**



GP:51 | G:18 | A:14

PTS: 32 | XGF:54.5%

iOff: | Off: | Def:",71 William Karlsson,71,51.0,17.35686274509804,11.0,12.0,11.0,13.90717047,145.0,0.57154673064299,23.0,"**71 William Karlsson**



GP:51 | G:11 | A:23

PTS: 34 | XGF:57.15%

iOff: | Off: | Def:",22 Michael Amadio,22,37.0,11.37747747747748,7.0,4.0,1.0,6.18085345,70.0,0.5406020447917173,11.0,"**22 Michael Amadio**



GP:37 | G:7 | A:5

PTS: 12 | XGF:54.06%

iOff: | Off: | Def:",Vegas Golden Knights
VGK,3rd line,28 William Carrier,28,45.0,12.25703703703704,12.0,5.0,1.0,11.7524213,115.0,0.5635784058710943,17.0,"**28 William Carrier**



GP:45 | G:12 | A:6

PTS: 18 | XGF:56.36%

iOff: | Off: | Def:",20 Chandler Stephenson,20,51.0,19.28529411764706,11.0,18.0,15.0,11.25703164,107.0,0.5277488961818972,29.0,"**20 Chandler Stephenson**



GP:51 | G:11 | A:33

PTS: 44 | XGF:52.77%

iOff: | Off: | Def:",8 Phil Kessel,8,51.0,12.27091503267974,9.0,5.0,7.0,7.60296907,128.0,0.4886638810810226,14.0,"**8 Phil Kessel**



GP:51 | G:9 | A:12

PTS: 21 | XGF:48.87%

iOff: | Off: | Def:",Vegas Golden Knights
VGK,4th line,21 Brett Howden,21,24.0,13.008333333333333,1.0,1.0,1.0,3.25446628,43.0,0.4515739910359412,2.0,"**21 Brett Howden**



GP:24 | G:1 | A:2

PTS: 3 | XGF:45.16%

iOff: | Off: | Def:",10 Nicolas Roy,10,48.0,15.44097222222222,9.0,9.0,3.0,9.45560959,90.0,0.5167509912380265,18.0,"**10 Nicolas Roy**



GP:48 | G:9 | A:12

PTS: 21 | XGF:51.68%

iOff: | Off: | Def:",55 Keegan Kolesar,55,49.0,11.141496598639456,5.0,6.0,0.0,5.45325332,59.0,0.5378604546553553,11.0,"**55 Keegan Kolesar**



GP:49 | G:5 | A:6

PTS: 11 | XGF:53.79%

iOff: | Off: | Def:",Vegas Golden Knights
WPG,1st line,81 Kyle Connor,81,52.0,20.379807692307693,24.0,24.0,11.0,23.30665527,245.0,0.5020859052958156,48.0,"**81 Kyle Connor**



GP:52 | G:24 | A:35

PTS: 59 | XGF:50.21%

iOff: | Off: | Def:",55 Mark Scheifele,55,52.0,20.389102564102565,31.0,9.0,7.0,21.18190616,199.0,0.4818787281951791,40.0,"**55 Mark Scheifele**



GP:52 | G:31 | A:16

PTS: 47 | XGF:48.19%

iOff: | Off: | Def:",20 Karson Kuhlman,20,36.0,11.874537037037037,3.0,1.0,3.0,5.57377928,61.0,0.5087264114779032,4.0,"**20 Karson Kuhlman**



GP:36 | G:3 | A:4

PTS: 7 | XGF:50.87%

iOff: | Off: | Def:",Winnipeg Jets
WPG,2nd line,36 Morgan Barron,36,40.0,14.255,5.0,3.0,4.0,8.24263935,87.0,0.5182080968919334,8.0,"**36 Morgan Barron**



GP:40 | G:5 | A:7

PTS: 12 | XGF:51.82%

iOff: | Off: | Def:",80 Pierre-Luc Dubois,80,52.0,18.316987179487175,22.0,15.0,15.0,20.8758242,223.0,0.4905052004518832,37.0,"**80 Pierre-Luc Dubois**



GP:52 | G:22 | A:30

PTS: 52 | XGF:49.05%

iOff: | Off: | Def:",8 Saku Maenalanen,8,36.0,11.349537037037036,4.0,2.0,2.0,3.76616921,55.0,0.4004822494866336,6.0,"**8 Saku Maenalanen**



GP:36 | G:4 | A:4

PTS: 8 | XGF:40.05%

iOff: | Off: | Def:",Winnipeg Jets
WPG,3rd line,91 Cole Perfetti,91,47.0,14.909219858156028,7.0,11.0,11.0,9.73853674,111.0,0.4989817514831116,18.0,"**91 Cole Perfetti**



GP:47 | G:7 | A:22

PTS: 29 | XGF:49.9%

iOff: | Off: | Def:",17 Adam Lowry,17,52.0,15.317628205128203,7.0,12.0,5.0,11.11525175,104.0,0.5257455621119517,19.0,"**17 Adam Lowry**



GP:52 | G:7 | A:17

PTS: 24 | XGF:52.57%

iOff: | Off: | Def:",26 Blake Wheeler,26,43.0,17.293023255813953,12.0,15.0,10.0,13.92921793,130.0,0.4745846515321928,27.0,"**26 Blake Wheeler**



GP:43 | G:12 | A:25

PTS: 37 | XGF:47.46%

iOff: | Off: | Def:",Winnipeg Jets
WPG,4th line,27 Nikolaj Ehlers,27,16.0,16.93125,4.0,8.0,6.0,4.69711456,86.0,0.536668309058864,12.0,"**27 Nikolaj Ehlers**



GP:16 | G:4 | A:14

PTS: 18 | XGF:53.67%

iOff: | Off: | Def:",28 Kevin Stenlund,28,24.0,12.161111111111111,3.0,1.0,1.0,3.69325336,48.0,0.473265874278967,4.0,"**28 Kevin Stenlund**



GP:24 | G:3 | A:2

PTS: 5 | XGF:47.33%

iOff: | Off: | Def:",89 Sam Gagner,89,43.0,12.365503875968994,8.0,4.0,2.0,6.39243937,100.0,0.5162593884222013,12.0,"**89 Sam Gagner**



GP:43 | G:8 | A:6

PTS: 14 | XGF:51.63%

iOff: | Off: | Def:",Winnipeg Jets
WSH,1st line,8 Alex Ovechkin,8,52.0,20.52339743589744,32.0,12.0,10.0,28.36479371,318.0,0.5107260564865422,44.0,"**8 Alex Ovechkin**



GP:52 | G:32 | A:22

PTS: 54 | XGF:51.07%

iOff: | Off: | Def:",17 Dylan Strome,17,52.0,16.589743589743588,11.0,16.0,9.0,12.69883078,135.0,0.519968102438716,27.0,"**17 Dylan Strome**



GP:52 | G:11 | A:25

PTS: 36 | XGF:52.0%

iOff: | Off: | Def:",73 Conor Sheary,73,53.0,15.88616352201258,12.0,10.0,8.0,13.72878927,146.0,0.5275382284322254,22.0,"**73 Conor Sheary**



GP:53 | G:12 | A:18

PTS: 30 | XGF:52.75%

iOff: | Off: | Def:",Washington Capitals
WSH,2nd line,90 Marcus Johansson,90,53.0,15.822641509433964,13.0,8.0,6.0,8.69333902,110.0,0.5405467186141508,21.0,"**90 Marcus Johansson**



GP:53 | G:13 | A:14

PTS: 27 | XGF:54.05%

iOff: | Off: | Def:",19 Nicklas Backstrom,19,10.0,15.53,1.0,3.0,1.0,2.16283937,26.0,0.5073839026307073,4.0,"**19 Nicklas Backstrom**



GP:10 | G:1 | A:4

PTS: 5 | XGF:50.74%

iOff: | Off: | Def:",77 T.J. Oshie,77,35.0,16.70190476190476,10.0,3.0,4.0,13.40989219,113.0,0.44144926519877,13.0,"**77 T.J. Oshie**



GP:35 | G:10 | A:7

PTS: 17 | XGF:44.14%

iOff: | Off: | Def:",Washington Capitals
WSH,3rd line,15 Sonny Milano,15,40.0,13.374583333333334,8.0,6.0,8.0,7.97700431,82.0,0.521910120515971,14.0,"**15 Sonny Milano**



GP:40 | G:8 | A:14

PTS: 22 | XGF:52.19%

iOff: | Off: | Def:",92 Evgeny Kuznetsov,92,52.0,18.22179487179487,7.0,22.0,14.0,10.41298849,168.0,0.470050999104617,29.0,"**92 Evgeny Kuznetsov**



GP:52 | G:7 | A:36

PTS: 43 | XGF:47.01%

iOff: | Off: | Def:",39 Anthony Mantha,39,49.0,14.32891156462585,9.0,10.0,5.0,9.93755669,118.0,0.5268303311917337,19.0,"**39 Anthony Mantha**



GP:49 | G:9 | A:15

PTS: 24 | XGF:52.68%

iOff: | Off: | Def:",Washington Capitals
WSH,4th line,96 Nicolas Aube-Kubel,96,27.0,10.82777777777778,2.0,2.0,3.0,3.58335794,50.0,0.5010751563162702,4.0,"**96 Nicolas Aube-Kubel**



GP:27 | G:2 | A:5

PTS: 7 | XGF:50.11%

iOff: | Off: | Def:",20 Lars Eller,20,51.0,15.30653594771242,7.0,5.0,4.0,7.87994627,116.0,0.5126998927889447,12.0,"**20 Lars Eller**



GP:51 | G:7 | A:9

PTS: 16 | XGF:51.27%

iOff: | Off: | Def:",21 Garnet Hathaway,21,53.0,11.981446540880505,8.0,2.0,5.0,7.59300309,84.0,0.5425121572183015,10.0,"**21 Garnet Hathaway**



GP:53 | G:8 | A:7

PTS: 15 | XGF:54.25%

iOff: | Off: | Def:",Washington Capitals
