team,player,line,pos,num,handedness,gp,toi_pg,ppts,g,a1,a2,iXG,iFW,xg_perc,iOff,Off,Def,age,status,years_remaining,free_agency_type,cap_hit,full,info
TOR,Auston Matthews,scratch,F,34.0,L,73.0,20.27579908675799,69.0,40.0,29.0,16.0,38.10188445,449.0,0.5697744495860112,115.10188445,261.68757724,-124.10530612,25,NHL,2,UFA,11640250,Toronto Maple Leafs,"Auston Matthews

GP: 73.0

TOI per game: 20.27579908675799

G: 40.0

A: 45.0

Primary PTS: 69.0

iXG: 38.10188445

iFW: 449.0

XG%: 0.5697744495860112"
TOR,Mitchell Marner,scratch,F,16.0,R,79.0,21.252320675105487,70.0,30.0,40.0,29.0,20.29160149,259.0,0.5623279398763709,104.79160149,252.90043256,-162.48286144,25,NHL,3,UFA,10903000,Toronto Maple Leafs,"Mitchell Marner

GP: 79.0

TOI per game: 21.252320675105487

G: 30.0

A: 69.0

Primary PTS: 70.0

iXG: 20.29160149

iFW: 259.0

XG%: 0.5623279398763709"
MTL,Carey Price,injured reserve,G,31.0,L,,,,,,,,,,,,,35,LTIR,4,UFA,10500000,Montreal Canadiens,"Carey Price

GP: nan

TOI per game: nan

G: nan

A: nan

Primary PTS: nan

iXG: nan

iFW: nan

XG%: nan"
VGK,Jack Eichel,scratch,F,9.0,R,66.0,18.3959595959596,49.0,27.0,22.0,16.0,19.92822831,280.0,0.5155683314291012,76.92822831000001,166.68925000000002,-108.38365284,26,NHL,4,UFA,10000000,Vegas Golden Knights,"Jack Eichel

GP: 66.0

TOI per game: 18.3959595959596

G: 27.0

A: 38.0

Primary PTS: 49.0

iXG: 19.92822831

iFW: 280.0

XG%: 0.5155683314291012"
CBJ,Zach Werenski,injured reserve,D,8.0,L,13.0,23.596153846153847,7.0,3.0,4.0,1.0,1.79303916,54.0,0.5384301955229452,9.29303916,35.79879698,-37.76847808,25,LTIR,6,UFA,9583333,Columbus Blue Jackets,"Zach Werenski

GP: 13.0

TOI per game: 23.596153846153847

G: 3.0

A: 5.0

Primary PTS: 7.0

iXG: 1.79303916

iFW: 54.0

XG%: 0.5384301955229452"
WSH,Alex Ovechkin,scratch,F,8.0,R,72.0,20.20648148148148,60.0,42.0,18.0,14.0,37.06757273,408.0,0.4887102077612493,104.06757273,217.74423621,-152.66741666,37,NHL,4,UFA,9500000,Washington Capitals,"Alex Ovechkin

GP: 72.0

TOI per game: 20.20648148148148

G: 42.0

A: 32.0

Primary PTS: 60.0

iXG: 37.06757273

iFW: 408.0

XG%: 0.4887102077612493"
VGK,Mark Stone,injured reserve,F,61.0,R,43.0,19.23565891472868,30.0,17.0,13.0,8.0,17.65482165,152.0,0.5770863998869856,51.65482165,118.34061845,-69.25132138000001,30,LTIR,5,UFA,9500000,Vegas Golden Knights,"Mark Stone

GP: 43.0

TOI per game: 19.23565891472868

G: 17.0

A: 21.0

Primary PTS: 30.0

iXG: 17.65482165

iFW: 152.0

XG%: 0.5770863998869856"
NSH,Roman Josi,scratch,D,59.0,L,67.0,25.16716417910448,39.0,18.0,21.0,20.0,17.69457155,357.0,0.5026969517658253,66.69457155,216.19845804,-166.49511093,32,NHL,6,UFA,9059000,Nashville Predators,"Roman Josi

GP: 67.0

TOI per game: 25.16716417910448

G: 18.0

A: 41.0

Primary PTS: 39.0

iXG: 17.69457155

iFW: 357.0

XG%: 0.5026969517658253"
COL,Cale Makar,scratch,D,8.0,R,60.0,26.196944444444444,46.0,17.0,29.0,20.0,12.25852554,259.0,0.5749901320993053,68.25852554,218.60731946,-152.02294833000002,24,NHL,5,UFA,9000000,Colorado Avalanche,"Cale Makar

GP: 60.0

TOI per game: 26.196944444444444

G: 17.0

A: 49.0

Primary PTS: 46.0

iXG: 12.25852554

iFW: 259.0

XG%: 0.5749901320993053"
CBJ,Patrik Laine,scratch,F,29.0,R,55.0,19.03212121212121,40.0,22.0,18.0,12.0,18.04804599,268.0,0.5040237300807878,64.04804598999999,139.97636312,-112.50919374,24,NHL,4,UFA,8700000,Columbus Blue Jackets,"Patrik Laine

GP: 55.0

TOI per game: 19.03212121212121

G: 22.0

A: 30.0

Primary PTS: 40.0

iXG: 18.04804599

iFW: 268.0

XG%: 0.5040237300807878"
NSH,Filip Forsberg,injured reserve,F,9.0,R,50.0,17.472,32.0,19.0,13.0,10.0,20.14222434,242.0,0.5248150595439166,57.14222434,132.98353301999998,-90.77974598,28,IR,8,UFA,8500000,Nashville Predators,"Filip Forsberg

GP: 50.0

TOI per game: 17.472

G: 19.0

A: 23.0

Primary PTS: 32.0

iXG: 20.14222434

iFW: 242.0

XG%: 0.5248150595439166"
ARI,Jakub Voracek,injured reserve,F,,L,11.0,15.95909090909091,3.0,1.0,2.0,3.0,1.7225275,21.0,0.3748211023286934,6.2225275,18.35097629,-25.10707078,33,IR,2,UFA,8250000,Arizona Coyotes,"Jakub Voracek

GP: 11.0

TOI per game: 15.95909090909091

G: 1.0

A: 5.0

Primary PTS: 3.0

iXG: 1.7225275

iFW: 21.0

XG%: 0.3748211023286934"
NSH,Matt Duchene,scratch,F,95.0,L,71.0,18.31737089201878,40.0,22.0,18.0,16.0,20.49409811,239.0,0.4954180355849014,68.49409811,181.30790374,-131.98638209,32,NHL,4,UFA,8000000,Nashville Predators,"Matt Duchene

GP: 71.0

TOI per game: 18.31737089201878

G: 22.0

A: 34.0

Primary PTS: 40.0

iXG: 20.49409811

iFW: 239.0

XG%: 0.4954180355849014"
OTT,Thomas Chabot,scratch,D,72.0,L,68.0,24.972303921568624,23.0,11.0,12.0,18.0,9.32866636,228.0,0.5305210089718589,41.32866636,237.43557138,-169.30219625,26,NHL,6,UFA,8000000,Ottawa Senators,"Thomas Chabot

GP: 68.0

TOI per game: 24.972303921568624

G: 11.0

A: 30.0

Primary PTS: 23.0

iXG: 9.32866636

iFW: 228.0

XG%: 0.5305210089718589"
NSH,Ryan Johansen,scratch,F,92.0,R,55.0,15.74151515151515,22.0,12.0,10.0,6.0,15.96092903,128.0,0.5053681345893369,40.96092903,113.68387572,-81.79614395,30,NHL,3,UFA,8000000,Nashville Predators,"Ryan Johansen

GP: 55.0

TOI per game: 15.74151515151515

G: 12.0

A: 16.0

Primary PTS: 22.0

iXG: 15.96092903

iFW: 128.0

XG%: 0.5053681345893369"
OTT,Josh Norris,injured reserve,F,9.0,L,8.0,17.9875,2.0,2.0,0.0,1.0,2.66272954,23.0,0.5832446804651723,5.16272954,19.24660038,-18.73949214,23,IR,8,UFA,7950000,Ottawa Senators,"Josh Norris

GP: 8.0

TOI per game: 17.9875

G: 2.0

A: 1.0

Primary PTS: 2.0

iXG: 2.66272954

iFW: 23.0

XG%: 0.5832446804651723"
LAK,Kevin Fiala,scratch,F,22.0,L,69.0,17.247101449275362,56.0,23.0,33.0,16.0,25.90736989,271.0,0.5486966301565687,89.90736989,174.38453884,-114.5312352,26,NHL,7,UFA,7875000,Los Angeles Kings,"Kevin Fiala

GP: 69.0

TOI per game: 17.247101449275362

G: 23.0

A: 49.0

Primary PTS: 56.0

iXG: 25.90736989

iFW: 271.0

XG%: 0.5486966301565687"
ARI,Shea Weber,injured reserve,D,,R,,,,,,,,,,,,,37,IR,4,UFA,7857143,Arizona Coyotes,"Shea Weber

GP: nan

TOI per game: nan

G: nan

A: nan

Primary PTS: nan

iXG: nan

iFW: nan

XG%: nan"
PHI,Sean Couturier,injured reserve,F,14.0,L,,,,,,,,,,,,,30,IR,8,UFA,7750000,Philadelphia Flyers,"Sean Couturier

GP: nan

TOI per game: nan

G: nan

A: nan

Primary PTS: nan

iXG: nan

iFW: nan

XG%: nan"
CAR,Andrei Svechnikov,injured reserve,F,37.0,L,64.0,18.04817708333333,41.0,23.0,18.0,14.0,24.46233574,318.0,0.5770232495170946,72.46233574,174.66925322,-92.23187712,23,LTIR,7,UFA,7750000,Carolina Hurricanes,"Andrei Svechnikov

GP: 64.0

TOI per game: 18.04817708333333

G: 23.0

A: 32.0

Primary PTS: 41.0

iXG: 24.46233574

iFW: 318.0

XG%: 0.5770232495170946"
VAN,Oliver Ekman-Larsson,injured reserve,D,23.0,L,54.0,19.39537037037037,14.0,2.0,12.0,8.0,2.50074044,127.0,0.4426284277889278,20.50074044,96.52793258,-140.6763858,31,IR,5,UFA,7260000,Vancouver Canucks,"Oliver Ekman-Larsson

GP: 54.0

TOI per game: 19.39537037037037

G: 2.0

A: 20.0

Primary PTS: 14.0

iXG: 2.50074044

iFW: 127.0

XG%: 0.4426284277889278"
COL,Gabriel Landeskog,injured reserve,F,92,L,,,,,,,,,,,,,30,LTIR,7,UFA,7000000,Colorado Avalanche,"Gabriel Landeskog

GP: nan

TOI per game: nan

G: nan

A: nan

Primary PTS: nan

iXG: nan

iFW: nan

XG%: nan"
CAR,Max Pacioretty,injured reserve,F,67.0,L,5.0,13.643333333333334,3.0,3.0,0.0,0.0,2.56239297,26.0,0.4282487262669959,5.562392969999999,8.55054371,-5.64462738,34,LTIR,1,UFA,7000000,Carolina Hurricanes,"Max Pacioretty

GP: 5.0

TOI per game: 13.643333333333334

G: 3.0

A: 0.0

Primary PTS: 3.0

iXG: 2.56239297

iFW: 26.0

XG%: 0.4282487262669959"
NYI,Mathew Barzal,scratch,F,13.0,R,58.0,18.635919540229885,36.0,14.0,22.0,15.0,13.2971258,195.0,0.4924898054857186,56.7971258,143.04506872000002,-89.53636535,25,NHL,9,UFA,7000000,New York Islanders,"Mathew Barzal

GP: 58.0

TOI per game: 18.635919540229885

G: 14.0

A: 37.0

Primary PTS: 36.0

iXG: 13.2971258

iFW: 195.0

XG%: 0.4924898054857186"
SJS,Marc-Edouard Vlasic,scratch,D,44.0,L,78.0,17.23205128205128,6.0,1.0,5.0,12.0,3.5490272,114.0,0.5003512165669234,15.5490272,105.28840374,-151.03146749,36,NHL,4,UFA,7000000,San Jose Sharks,"Marc-Edouard Vlasic

GP: 78.0

TOI per game: 17.23205128205128

G: 1.0

A: 17.0

Primary PTS: 6.0

iXG: 3.5490272

iFW: 114.0

XG%: 0.5003512165669234"
TBL,Brent Seabrook,injured reserve,D,,R,,,,,,,,,,,,,37,LTIR,2,UFA,6875000,Tampa Bay Lightning,"Brent Seabrook

GP: nan

TOI per game: nan

G: nan

A: nan

Primary PTS: nan

iXG: nan

iFW: nan

XG%: nan"
MTL,Sean Monahan,injured reserve,F,91.0,L,25.0,17.367333333333335,13.0,6.0,7.0,4.0,6.77560405,70.0,0.3992227069449909,21.77560405,49.24376291,-56.47138484,28,LTIR,1,UFA,6375000,Montreal Canadiens,"Sean Monahan

GP: 25.0

TOI per game: 17.367333333333335

G: 6.0

A: 11.0

Primary PTS: 13.0

iXG: 6.77560405

iFW: 70.0

XG%: 0.3992227069449909"
PHI,Ryan Ellis,injured reserve,D,94.0,R,,,,,,,,,,,,,32,LTIR,5,UFA,6250000,Philadelphia Flyers,"Ryan Ellis

GP: nan

TOI per game: nan

G: nan

A: nan

Primary PTS: nan

iXG: nan

iFW: nan

XG%: nan"
DET,Dylan Larkin,scratch,F,71.0,L,79.0,19.56772151898734,56.0,32.0,24.0,23.0,27.22079062,345.0,0.5204707084887917,94.72079062,212.25827611,-176.61343327999998,26,NHL,9,UFA,6100000,Detroit Red Wings,"Dylan Larkin

GP: 79.0

TOI per game: 19.56772151898734

G: 32.0

A: 47.0

Primary PTS: 56.0

iXG: 27.22079062

iFW: 345.0

XG%: 0.5204707084887917"
PHI,Cam Atkinson,injured reserve,F,89.0,R,,,,,,,,,,,,,33,IR,3,UFA,5875000,Philadelphia Flyers,"Cam Atkinson

GP: nan

TOI per game: nan

G: nan

A: nan

Primary PTS: nan

iXG: nan

iFW: nan

XG%: nan"
WSH,T.J. Oshie,scratch,F,77.0,R,58.0,16.632758620689657,27.0,19.0,8.0,8.0,20.40120593,187.0,0.4327718061931339,51.40120593,119.31798976,-100.40690188,36,NHL,3,UFA,5750000,Washington Capitals,"T.J. Oshie

GP: 58.0

TOI per game: 16.632758620689657

G: 19.0

A: 16.0

Primary PTS: 27.0

iXG: 20.40120593

iFW: 187.0

XG%: 0.4327718061931339"
WSH,Anthony Mantha,scratch,F,39.0,L,67.0,14.150248756218906,21.0,11.0,10.0,6.0,13.25042216,156.0,0.5169479006473924,37.25042216,84.15208824999999,-85.47073262,28,NHL,2,UFA,5700000,Washington Capitals,"Anthony Mantha

GP: 67.0

TOI per game: 14.150248756218906

G: 11.0

A: 16.0

Primary PTS: 21.0

iXG: 13.25042216

iFW: 156.0

XG%: 0.5169479006473924"
TOR,Jake Muzzin,injured reserve,D,8.0,L,4.0,16.716666666666665,1.0,0.0,1.0,0.0,0.314218,12.0,0.5020911996415793,1.314218,5.16784322,-7.84160092,34,LTIR,2,UFA,5625000,Toronto Maple Leafs,"Jake Muzzin

GP: 4.0

TOI per game: 16.716666666666665

G: 0.0

A: 1.0

Primary PTS: 1.0

iXG: 0.314218

iFW: 12.0

XG%: 0.5020911996415793"
MTL,Josh Anderson,scratch,F,17.0,R,69.0,16.959903381642512,28.0,21.0,7.0,4.0,24.21671287,230.0,0.4314244198417011,54.21671287,122.60512017,-155.87360230000002,28,NHL,5,UFA,5500000,Montreal Canadiens,"Josh Anderson

GP: 69.0

TOI per game: 16.959903381642512

G: 21.0

A: 11.0

Primary PTS: 28.0

iXG: 24.21671287

iFW: 230.0

XG%: 0.4314244198417011"
SEA,Andre Burakovsky,injured reserve,F,95,L,49.0,16.386734693877553,28.0,13.0,15.0,11.0,9.22951635,147.0,0.4466691858547622,42.72951635,99.15695835,-80.87957249,28,IR,5,UFA,5500000,Seattle Kraken,"Andre Burakovsky

GP: 49.0

TOI per game: 16.386734693877553

G: 13.0

A: 26.0

Primary PTS: 28.0

iXG: 9.22951635

iFW: 147.0

XG%: 0.4466691858547622"
ARI,Andrew Ladd,injured reserve,F,16.0,L,,,,,,,,,,,,,37,IR,1,UFA,5500000,Arizona Coyotes,"Andrew Ladd

GP: nan

TOI per game: nan

G: nan

A: nan

Primary PTS: nan

iXG: nan

iFW: nan

XG%: nan"
CBJ,Elvis Merzlikins,scratch,G,90.0,L,,,,,,,,,,,,,28,NHL,5,UFA,5400000,Columbus Blue Jackets,"Elvis Merzlikins

GP: nan

TOI per game: nan

G: nan

A: nan

Primary PTS: nan

iXG: nan

iFW: nan

XG%: nan"
FLA,Patric Hornqvist,injured reserve,F,70,R,22.0,9.267424242424244,3.0,1.0,2.0,0.0,5.64319417,55.0,0.5903560929312778,8.643194170000001,20.03830939,-14.79746389,36,LTIR,1,UFA,5300000,Florida Panthers,"Patric Hornqvist

GP: 22.0

TOI per game: 9.267424242424244

G: 1.0

A: 2.0

Primary PTS: 3.0

iXG: 5.64319417

iFW: 55.0

XG%: 0.5903560929312778"
ARI,Bryan Little,injured reserve,F,,R,,,,,,,,,,,,,35,IR,2,UFA,5291667,Arizona Coyotes,"Bryan Little

GP: nan

TOI per game: nan

G: nan

A: nan

Primary PTS: nan

iXG: nan

iFW: nan

XG%: nan"
MIN,Joel Eriksson Ek,scratch,F,14.0,L,78.0,18.997008547008548,45.0,23.0,22.0,16.0,32.78253343,336.0,0.5174427328667668,85.78253343,197.2807122,-147.91909789,26,NHL,7,UFA,5250000,Minnesota Wild,"Joel Eriksson Ek

GP: 78.0

TOI per game: 18.997008547008548

G: 23.0

A: 38.0

Primary PTS: 45.0

iXG: 32.78253343

iFW: 336.0

XG%: 0.5174427328667668"
VGK,Shea Theodore,scratch,D,27.0,L,54.0,21.508333333333333,23.0,8.0,15.0,18.0,7.29412804,183.0,0.5425314408890514,39.29412804,140.79097808,-88.48511672000001,27,NHL,3,UFA,5200000,Vegas Golden Knights,"Shea Theodore

GP: 54.0

TOI per game: 21.508333333333333

G: 8.0

A: 33.0

Primary PTS: 23.0

iXG: 7.29412804

iFW: 183.0

XG%: 0.5425314408890514"
VGK,Robin Lehner,injured reserve,G,90.0,L,,,,,,,,,,,,,31,LTIR,3,UFA,5000000,Vegas Golden Knights,"Robin Lehner

GP: nan

TOI per game: nan

G: nan

A: nan

Primary PTS: nan

iXG: nan

iFW: nan

XG%: nan"
NYI,Josh Bailey,scratch,F,12.0,L,63.0,15.11084656084656,20.0,8.0,12.0,5.0,8.59241042,94.0,0.4276703349371069,31.09241042,84.91551910999999,-95.56461576,33,NHL,2,UFA,5000000,New York Islanders,"Josh Bailey

GP: 63.0

TOI per game: 15.11084656084656

G: 8.0

A: 17.0

Primary PTS: 20.0

iXG: 8.59241042

iFW: 94.0

XG%: 0.4276703349371069"
PHI,Tony DeAngelo,scratch,D,77.0,R,70.0,21.957857142857144,27.0,11.0,16.0,15.0,9.50141009,216.0,0.4313007558477346,44.00141009,171.36899783,-189.69108156,27,NHL,2,UFA,5000000,Philadelphia Flyers,"Tony DeAngelo

GP: 70.0

TOI per game: 21.957857142857144

G: 11.0

A: 31.0

Primary PTS: 27.0

iXG: 9.50141009

iFW: 216.0

XG%: 0.4313007558477346"
BUF,Ben Bishop,injured reserve,G,,L,,,,,,,,,,,,,36,IR,1,UFA,4916667,Buffalo Sabres,"Ben Bishop

GP: nan

TOI per game: nan

G: nan

A: nan

Primary PTS: nan

iXG: nan

iFW: nan

XG%: nan"
BUF,Victor Olofsson,scratch,F,71.0,L,73.0,14.368036529680364,34.0,26.0,8.0,4.0,19.33272368,202.0,0.4314285072660394,55.33272368,126.24255099,-116.39875893,27,NHL,2,UFA,4750000,Buffalo Sabres,"Victor Olofsson

GP: 73.0

TOI per game: 14.368036529680364

G: 26.0

A: 12.0

Primary PTS: 34.0

iXG: 19.33272368

iFW: 202.0

XG%: 0.4314285072660394"
VAN,Ilya Mikheyev,injured reserve,F,65.0,L,46.0,16.178260869565218,22.0,13.0,9.0,6.0,10.02931756,112.0,0.4539758772585225,35.02931756,84.20769686,-97.28140033,28,LTIR,4,UFA,4750000,Vancouver Canucks,"Ilya Mikheyev

GP: 46.0

TOI per game: 16.178260869565218

G: 13.0

A: 15.0

Primary PTS: 22.0

iXG: 10.02931756

iFW: 112.0

XG%: 0.4539758772585225"
DET,Ville Husso,scratch,G,35.0,L,,,,,,,,,,,,,28,NHL,3,UFA,4750000,Detroit Red Wings,"Ville Husso

GP: nan

TOI per game: nan

G: nan

A: nan

Primary PTS: nan

iXG: nan

iFW: nan

XG%: nan"
TOR,Matt Murray,scratch,G,30.0,L,,,,,,,,,,,,,28,NHL,2,UFA,4687500,Toronto Maple Leafs,"Matt Murray

GP: nan

TOI per game: nan

G: nan

A: nan

Primary PTS: nan

iXG: nan

iFW: nan

XG%: nan"
OTT,Jakob Chychrun,scratch,D,6.0,L,48.0,22.703819444444445,16.0,9.0,7.0,17.0,11.71609187,205.0,0.4826615873218411,36.21609187,128.77649622,-110.64193054,25,NHL,3,UFA,4600000,Ottawa Senators,"Jakob Chychrun

GP: 48.0

TOI per game: 22.703819444444445

G: 9.0

A: 24.0

Primary PTS: 16.0

iXG: 11.71609187

iFW: 205.0

XG%: 0.4826615873218411"
DAL,Mason Marchment,scratch,F,27.0,L,67.0,15.633830845771143,25.0,12.0,13.0,6.0,18.7610459,209.0,0.5015434083094376,46.7610459,101.44521401,-86.80749885,27,NHL,4,UFA,4500000,Dallas Stars,"Mason Marchment

GP: 67.0

TOI per game: 15.633830845771143

G: 12.0

A: 19.0

Primary PTS: 25.0

iXG: 18.7610459

iFW: 209.0

XG%: 0.5015434083094376"
COL,Artturi Lehkonen,scratch,F,62.0,L,62.0,20.144086021505377,28.0,20.0,8.0,21.0,19.1994688,205.0,0.5254600059516413,57.699468800000005,177.77101075000002,-115.6678337,27,NHL,5,UFA,4500000,Colorado Avalanche,"Artturi Lehkonen

GP: 62.0

TOI per game: 20.144086021505377

G: 20.0

A: 29.0

Primary PTS: 28.0

iXG: 19.1994688

iFW: 205.0

XG%: 0.5254600059516413"
COL,Josh Manson,scratch,D,42.0,R,27.0,17.687654320987654,8.0,2.0,6.0,2.0,2.06518377,52.0,0.4156574294423802,11.06518377,41.09445447,-54.28223311,31,NHL,4,UFA,4500000,Colorado Avalanche,"Josh Manson

GP: 27.0

TOI per game: 17.687654320987654

G: 2.0

A: 8.0

Primary PTS: 8.0

iXG: 2.06518377

iFW: 52.0

XG%: 0.4156574294423802"
MTL,Christian Dvorak,scratch,F,28.0,L,64.0,16.860677083333332,16.0,10.0,6.0,12.0,12.30778003,115.0,0.4238029600611295,34.30778003,94.30209631,-145.80619008,27,NHL,3,UFA,4450000,Montreal Canadiens,"Christian Dvorak

GP: 64.0

TOI per game: 16.860677083333332

G: 10.0

A: 18.0

Primary PTS: 16.0

iXG: 12.30778003

iFW: 115.0

XG%: 0.4238029600611295"
FLA,Sam Bennett,scratch,F,9.0,L,63.0,17.320634920634923,31.0,16.0,15.0,9.0,22.60722449,252.0,0.5797944817852869,58.10722449,150.17949222,-115.78322133,26,NHL,3,UFA,4425000,Florida Panthers,"Sam Bennett

GP: 63.0

TOI per game: 17.320634920634923

G: 16.0

A: 24.0

Primary PTS: 31.0

iXG: 22.60722449

iFW: 252.0

XG%: 0.5797944817852869"
VAN,Filip Hronek,scratch,D,17.0,R,64.0,21.71223958333333,22.0,9.0,13.0,17.0,5.54707547,168.0,0.4900962386247411,36.04707547,156.43812137,-124.35829666,25,NHL,2,RFA,4400000,Vancouver Canucks,"Filip Hronek

GP: 64.0

TOI per game: 21.71223958333333

G: 9.0

A: 30.0

Primary PTS: 22.0

iXG: 5.54707547

iFW: 168.0

XG%: 0.4900962386247411"
EDM,Oscar Klefbom,injured reserve,D,77.0,L,,,,,,,,,,,,,29,LTIR,1,UFA,4167000,Edmonton Oilers,"Oscar Klefbom

GP: nan

TOI per game: nan

G: nan

A: nan

Primary PTS: nan

iXG: nan

iFW: nan

XG%: nan"
NJD,Jonathan Bernier,injured reserve,G,45.0,L,,,,,,,,,,,,,34,LTIR,1,UFA,4125000,New Jersey Devils,"Jonathan Bernier

GP: nan

TOI per game: nan

G: nan

A: nan

Primary PTS: nan

iXG: nan

iFW: nan

XG%: nan"
CAR,Jake Gardiner,injured reserve,D,51.0,L,,,,,,,,,,,,,32,LTIR,1,UFA,4050000,Carolina Hurricanes,"Jake Gardiner

GP: nan

TOI per game: nan

G: nan

A: nan

Primary PTS: nan

iXG: nan

iFW: nan

XG%: nan"
PIT,Marcus Pettersson,injured reserve,D,28.0,L,67.0,20.54303482587065,15.0,1.0,14.0,9.0,5.8910282,148.0,0.5757935965782022,25.3910282,147.79280429,-137.49611169000002,26,LTIR,3,UFA,4025175,Pittsburgh Penguins,"Marcus Pettersson

GP: 67.0

TOI per game: 20.54303482587065

G: 1.0

A: 23.0

Primary PTS: 15.0

iXG: 5.8910282

iFW: 148.0

XG%: 0.5757935965782022"
DET,Robby Fabbri,scratch,F,14.0,L,28.0,15.997619047619049,12.0,7.0,5.0,2.0,6.81438202,53.0,0.4072966646735205,19.81438202,43.48765549,-31.82302406,27,NHL,3,UFA,4000000,Detroit Red Wings,"Robby Fabbri

GP: 28.0

TOI per game: 15.997619047619049

G: 7.0

A: 7.0

Primary PTS: 12.0

iXG: 6.81438202

iFW: 53.0

XG%: 0.4072966646735205"
CBJ,Erik Gudbranson,scratch,D,44.0,R,70.0,21.24738095238095,6.0,1.0,5.0,7.0,3.78802259,141.0,0.4351563421303863,13.28802259,108.10354649,-191.4067137,31,NHL,4,UFA,4000000,Columbus Blue Jackets,"Erik Gudbranson

GP: 70.0

TOI per game: 21.24738095238095

G: 1.0

A: 12.0

Primary PTS: 6.0

iXG: 3.78802259

iFW: 141.0

XG%: 0.4351563421303863"
SEA,Joonas Donskoi,injured reserve,F,72,R,,,,,,,,,,,,,30,IR,1,UFA,3900000,Seattle Kraken,"Joonas Donskoi

GP: nan

TOI per game: nan

G: nan

A: nan

Primary PTS: nan

iXG: nan

iFW: nan

XG%: nan"
BOS,Nick Foligno,injured reserve,F,17.0,L,60.0,12.259444444444446,22.0,10.0,12.0,4.0,8.5402228,97.0,0.4915490003791388,32.5402228,73.94683142,-43.02994267,35,LTIR,1,UFA,3800000,Boston Bruins,"Nick Foligno

GP: 60.0

TOI per game: 12.259444444444446

G: 10.0

A: 16.0

Primary PTS: 22.0

iXG: 8.5402228

iFW: 97.0

XG%: 0.4915490003791388"
CBJ,Boone Jenner,scratch,F,38.0,L,68.0,20.147058823529413,37.0,26.0,11.0,8.0,30.94574039,316.0,0.513885262453502,71.94574039,171.11667731,-180.74713478,29,NHL,4,UFA,3750000,Columbus Blue Jackets,"Boone Jenner

GP: 68.0

TOI per game: 20.147058823529413

G: 26.0

A: 19.0

Primary PTS: 37.0

iXG: 30.94574039

iFW: 316.0

XG%: 0.513885262453502"
WSH,Connor Brown,injured reserve,F,28,R,4.0,16.766666666666666,0.0,0.0,0.0,0.0,0.4539518999999999,5.0,0.4494136689375145,0.4539518999999999,3.1719956,-12.33064028,29,LTIR,1,UFA,3600000,Washington Capitals,"Connor Brown

GP: 4.0

TOI per game: 16.766666666666666

G: 0.0

A: 0.0

Primary PTS: 0.0

iXG: 0.4539518999999999

iFW: 5.0

XG%: 0.4494136689375145"
MTL,David Savard,scratch,D,58.0,R,62.0,22.387096774193548,9.0,3.0,6.0,11.0,3.02135014,82.0,0.4240556372126467,17.52135014,101.44773843,-198.31434486,32,NHL,3,UFA,3500000,Montreal Canadiens,"David Savard

GP: 62.0

TOI per game: 22.387096774193548

G: 3.0

A: 17.0

Primary PTS: 9.0

iXG: 3.02135014

iFW: 82.0

XG%: 0.4240556372126467"
VAN,Micheal Ferland,injured reserve,F,79.0,L,,,,,,,,,,,,,30,LTIR,1,UFA,3500000,Vancouver Canucks,"Micheal Ferland

GP: nan

TOI per game: nan

G: nan

A: nan

Primary PTS: nan

iXG: nan

iFW: nan

XG%: nan"
SJS,Andreas Johnsson,scratch,F,18.0,L,13.0,13.464102564102564,1.0,0.0,1.0,2.0,1.36577935,19.0,0.4962259426876184,3.36577935,13.91164611,-19.00727305,28,NHL,1,UFA,3400000,San Jose Sharks,"Andreas Johnsson

GP: 13.0

TOI per game: 13.464102564102564

G: 0.0

A: 3.0

Primary PTS: 1.0

iXG: 1.36577935

iFW: 19.0

XG%: 0.4962259426876184"
MTL,Paul Byron,injured reserve,F,41.0,L,,,,,,,,,,,,,33,LTIR,1,UFA,3400000,Montreal Canadiens,"Paul Byron

GP: nan

TOI per game: nan

G: nan

A: nan

Primary PTS: nan

iXG: nan

iFW: nan

XG%: nan"
MTL,Kirby Dach,scratch,F,77.0,R,58.0,18.495689655172413,29.0,14.0,15.0,9.0,14.71543803,151.0,0.4494674021264498,48.21543803,127.40550462,-101.28609147,22,NHL,4,RFA,3362500,Montreal Canadiens,"Kirby Dach

GP: 58.0

TOI per game: 18.495689655172413

G: 14.0

A: 24.0

Primary PTS: 29.0

iXG: 14.71543803

iFW: 151.0

XG%: 0.4494674021264498"
STL,Marco Scandella,scratch,D,6.0,L,20.0,17.835,2.0,1.0,1.0,0.0,0.42063337,19.0,0.3832576239561875,2.42063337,31.09028882,-50.37762052,33,NHL,2,UFA,3275000,St. Louis Blues,"Marco Scandella

GP: 20.0

TOI per game: 17.835

G: 1.0

A: 1.0

Primary PTS: 2.0

iXG: 0.42063337

iFW: 19.0

XG%: 0.3832576239561875"
VAN,Tanner Pearson,injured reserve,F,70.0,L,14.0,13.49404761904762,4.0,1.0,3.0,1.0,1.90938261,27.0,0.3809099811305356,6.40938261,16.98876197,-26.47030823,30,LTIR,2,UFA,3250000,Vancouver Canucks,"Tanner Pearson

GP: 14.0

TOI per game: 13.49404761904762

G: 1.0

A: 4.0

Primary PTS: 4.0

iXG: 1.90938261

iFW: 27.0

XG%: 0.3809099811305356"
EDM,Cody Ceci,scratch,D,5.0,R,79.0,19.421729957805905,5.0,1.0,4.0,9.0,4.12751729,121.0,0.5044896687025624,13.62751729,140.56906845,-186.25457349,29,NHL,3,UFA,3250000,Edmonton Oilers,"Cody Ceci

GP: 79.0

TOI per game: 19.421729957805905

G: 1.0

A: 13.0

Primary PTS: 5.0

iXG: 4.12751729

iFW: 121.0

XG%: 0.5044896687025624"
ARI,Zack Kassian,scratch,F,44.0,R,51.0,9.165686274509804,2.0,2.0,0.0,0.0,3.23553353,34.0,0.3431510602509119,5.23553353,20.44506116,-53.17834461,32,NHL,2,UFA,3200000,Arizona Coyotes,"Zack Kassian

GP: 51.0

TOI per game: 9.165686274509804

G: 2.0

A: 0.0

Primary PTS: 2.0

iXG: 3.23553353

iFW: 34.0

XG%: 0.3431510602509119"
OTT,Travis Hamonic,scratch,D,23.0,R,75.0,18.560222222222222,14.0,6.0,8.0,7.0,4.88460332,180.0,0.4837330726821943,22.38460332,121.32986381,-177.91277658,32,NHL,1,UFA,3000000,Ottawa Senators,"Travis Hamonic

GP: 75.0

TOI per game: 18.560222222222222

G: 6.0

A: 15.0

Primary PTS: 14.0

iXG: 4.88460332

iFW: 180.0

XG%: 0.4837330726821943"
SEA,Justin Schultz,scratch,D,4.0,R,72.0,17.67523148148148,19.0,7.0,12.0,15.0,5.42692762,128.0,0.5072978492548021,31.92692762,148.7159818,-101.35063198,32,NHL,2,UFA,3000000,Seattle Kraken,"Justin Schultz

GP: 72.0

TOI per game: 17.67523148148148

G: 7.0

A: 27.0

Primary PTS: 19.0

iXG: 5.42692762

iFW: 128.0

XG%: 0.5072978492548021"
BOS,Derek Forbort,injured reserve,D,28.0,L,54.0,17.601543209876542,10.0,5.0,5.0,2.0,1.59446533,55.0,0.4861261578660469,12.59446533,81.31429313999999,-100.17370135,31,LTIR,2,UFA,3000000,Boston Bruins,"Derek Forbort

GP: 54.0

TOI per game: 17.601543209876542

G: 5.0

A: 7.0

Primary PTS: 10.0

iXG: 1.59446533

iFW: 55.0

XG%: 0.4861261578660469"
SEA,Carson Soucy,scratch,D,28.0,L,77.0,16.06320346320346,7.0,3.0,4.0,8.0,3.23871908,129.0,0.5118329121026424,14.23871908,110.67293781,-118.19581177,28,NHL,1,UFA,2750000,Seattle Kraken,"Carson Soucy

GP: 77.0

TOI per game: 16.06320346320346

G: 3.0

A: 12.0

Primary PTS: 7.0

iXG: 3.23871908

iFW: 129.0

XG%: 0.5118329121026424"
SJS,Luke Kunin,injured reserve,F,11.0,R,31.0,15.473655913978495,10.0,5.0,5.0,3.0,7.32854677,83.0,0.3942714143588885,18.82854677,41.87204761,-63.53638234,25,LTIR,2,RFA,2750000,San Jose Sharks,"Luke Kunin

GP: 31.0

TOI per game: 15.473655913978495

G: 5.0

A: 8.0

Primary PTS: 10.0

iXG: 7.32854677

iFW: 83.0

XG%: 0.3942714143588885"
VGK,Zach Whitecloud,scratch,D,2.0,R,59.0,17.12627118644068,9.0,5.0,4.0,3.0,3.5214374900000003,88.0,0.4578437650485095,14.02143749,80.60115359,-95.81002326,26,NHL,6,UFA,2750000,Vegas Golden Knights,"Zach Whitecloud

GP: 59.0

TOI per game: 17.12627118644068

G: 5.0

A: 7.0

Primary PTS: 9.0

iXG: 3.5214374900000003

iFW: 88.0

XG%: 0.4578437650485095"
ANA,John Moore,injured reserve,D,2.0,L,,,,,,,,,,,,,32,IR,1,UFA,2750000,Anaheim Ducks,"John Moore

GP: nan

TOI per game: nan

G: nan

A: nan

Primary PTS: nan

iXG: nan

iFW: nan

XG%: nan"
ANA,Brock McGinn,scratch,F,26.0,L,75.0,13.034,15.0,12.0,3.0,4.0,9.97564142,130.0,0.4542158801286705,26.97564142,68.3667226,-123.03042024,29,NHL,3,UFA,2750000,Anaheim Ducks,"Brock McGinn

GP: 75.0

TOI per game: 13.034

G: 12.0

A: 7.0

Primary PTS: 15.0

iXG: 9.97564142

iFW: 130.0

XG%: 0.4542158801286705"
OTT,Anton Forsberg,injured reserve,G,31.0,L,,,,,,,,,,,,,30,IR,3,UFA,2750000,Ottawa Senators,"Anton Forsberg

GP: nan

TOI per game: nan

G: nan

A: nan

Primary PTS: nan

iXG: nan

iFW: nan

XG%: nan"
WSH,Carl Hagelin,injured reserve,F,62,L,,,,,,,,,,,,,34,LTIR,1,UFA,2750000,Washington Capitals,"Carl Hagelin

GP: nan

TOI per game: nan

G: nan

A: nan

Primary PTS: nan

iXG: nan

iFW: nan

XG%: nan"
MIN,Oskar Sundqvist,scratch,F,70.0,R,67.0,13.865174129353234,18.0,10.0,8.0,10.0,10.52326778,97.0,0.4408568306532486,33.52326778,100.47400093,-90.13637151,29,NHL,1,UFA,2750000,Minnesota Wild,"Oskar Sundqvist

GP: 67.0

TOI per game: 13.865174129353234

G: 10.0

A: 18.0

Primary PTS: 18.0

iXG: 10.52326778

iFW: 97.0

XG%: 0.4408568306532486"
MIN,Gustav Nyquist,scratch,F,28.0,L,50.0,17.613,21.0,11.0,10.0,4.0,13.04607642,128.0,0.5134441645286013,36.04607642,91.13530994,-120.53171913,33,NHL,1,UFA,2750000,Minnesota Wild,"Gustav Nyquist

GP: 50.0

TOI per game: 17.613

G: 11.0

A: 14.0

Primary PTS: 21.0

iXG: 13.04607642

iFW: 128.0

XG%: 0.5134441645286013"
SJS,Alexander Barabanov,scratch,F,94.0,L,68.0,17.73676470588235,36.0,15.0,21.0,11.0,18.32130261,168.0,0.4846018838690634,59.82130261,159.09776387,-146.07858098,28,NHL,2,UFA,2500000,San Jose Sharks,"Alexander Barabanov

GP: 68.0

TOI per game: 17.73676470588235

G: 15.0

A: 32.0

Primary PTS: 36.0

iXG: 18.32130261

iFW: 168.0

XG%: 0.4846018838690634"
SJS,Oskar Lindblom,scratch,F,23.0,L,73.0,10.39200913242009,10.0,6.0,4.0,5.0,7.66774653,100.0,0.4285626761710633,20.16774653,53.33291946,-80.90320170000001,26,NHL,2,UFA,2500000,San Jose Sharks,"Oskar Lindblom

GP: 73.0

TOI per game: 10.39200913242009

G: 6.0

A: 9.0

Primary PTS: 10.0

iXG: 7.66774653

iFW: 100.0

XG%: 0.4285626761710633"
VAN,Tucker Poolman,injured reserve,D,5.0,R,3.0,13.96111111111111,1.0,0.0,1.0,0.0,0.0586750999999999,3.0,0.3238157645117571,1.0586751,3.2363024,-3.72311984,29,LTIR,3,UFA,2500000,Vancouver Canucks,"Tucker Poolman

GP: 3.0

TOI per game: 13.96111111111111

G: 0.0

A: 1.0

Primary PTS: 1.0

iXG: 0.0586750999999999

iFW: 3.0

XG%: 0.3238157645117571"
NYI,Alexander Romanov,scratch,D,28.0,L,76.0,19.360526315789475,13.0,2.0,11.0,9.0,3.59313997,134.0,0.4496598141198737,21.09313997,124.6448911,-151.95420317999998,23,NHL,3,RFA,2500000,New York Islanders,"Alexander Romanov

GP: 76.0

TOI per game: 19.360526315789475

G: 2.0

A: 20.0

Primary PTS: 13.0

iXG: 3.59313997

iFW: 134.0

XG%: 0.4496598141198737"
NJD,Erik Haula,scratch,F,56.0,L,79.0,16.546835443037974,26.0,12.0,14.0,13.0,21.70310312,228.0,0.564509197351518,54.20310312,138.35765649,-131.28064164,32,NHL,1,UFA,2375000,New Jersey Devils,"Erik Haula

GP: 79.0

TOI per game: 16.546835443037974

G: 12.0

A: 27.0

Primary PTS: 26.0

iXG: 21.70310312

iFW: 228.0

XG%: 0.564509197351518"
CBJ,Jake Bean,injured reserve,D,22.0,L,14.0,15.703571428571427,1.0,1.0,0.0,5.0,0.7201123300000001,21.0,0.4152787123694174,4.22011233,20.58939497,-25.19370878,24,IR,2,RFA,2333333,Columbus Blue Jackets,"Jake Bean

GP: 14.0

TOI per game: 15.703571428571427

G: 1.0

A: 5.0

Primary PTS: 1.0

iXG: 0.7201123300000001

iFW: 21.0

XG%: 0.4152787123694174"
SJS,Radim Simek,scratch,D,51.0,L,42.0,14.661507936507936,2.0,1.0,1.0,0.0,2.99248046,54.0,0.5147156320069364,4.99248046,45.80840579,-63.08654474,30,NHL,2,UFA,2250000,San Jose Sharks,"Radim Simek

GP: 42.0

TOI per game: 14.661507936507936

G: 1.0

A: 1.0

Primary PTS: 2.0

iXG: 2.99248046

iFW: 54.0

XG%: 0.5147156320069364"
EDM,Mike Smith,injured reserve,G,41.0,L,,,,,,,,,,,,,41,LTIR,1,UFA,2200000,Edmonton Oilers,"Mike Smith

GP: nan

TOI per game: nan

G: nan

A: nan

Primary PTS: nan

iXG: nan

iFW: nan

XG%: nan"
VGK,Adin Hill,scratch,G,33.0,L,,,,,,,,,,,,,26,NHL,1,UFA,2175000,Vegas Golden Knights,"Adin Hill

GP: nan

TOI per game: nan

G: nan

A: nan

Primary PTS: nan

iXG: nan

iFW: nan

XG%: nan"
DET,Adam Erne,scratch,F,73.0,L,60.0,13.39611111111111,14.0,8.0,6.0,4.0,6.48935004,83.0,0.4179732623930663,22.48935004,48.05001275,-92.10575316,27,NHL,1,UFA,2100000,Detroit Red Wings,"Adam Erne

GP: 60.0

TOI per game: 13.39611111111111

G: 8.0

A: 10.0

Primary PTS: 14.0

iXG: 6.48935004

iFW: 83.0

XG%: 0.4179732623930663"
ANA,Max Comtois,scratch,F,44.0,L,64.0,13.55078125,14.0,9.0,5.0,5.0,9.51785384,121.0,0.3857958007164993,26.01785384,72.80236848,-100.97813542,24,NHL,1,RFA,2037500,Anaheim Ducks,"Max Comtois

GP: 64.0

TOI per game: 13.55078125

G: 9.0

A: 10.0

Primary PTS: 14.0

iXG: 9.51785384

iFW: 121.0

XG%: 0.3857958007164993"
NSH,Jeremy Lauzon,scratch,D,3.0,L,67.0,16.84179104477612,5.0,3.0,2.0,7.0,4.12720866,112.0,0.4541169459304388,12.62720866,84.77793014,-141.47034532,25,NHL,4,UFA,2000000,Nashville Predators,"Jeremy Lauzon

GP: 67.0

TOI per game: 16.84179104477612

G: 3.0

A: 9.0

Primary PTS: 5.0

iXG: 4.12720866

iFW: 112.0

XG%: 0.4541169459304388"
MIN,Alex Goligoski,scratch,D,33.0,L,45.0,17.516666666666666,4.0,2.0,2.0,2.0,2.32081478,73.0,0.4857416161246399,7.32081478,67.11187878999999,-82.49279299,37,NHL,2,UFA,2000000,Minnesota Wild,"Alex Goligoski

GP: 45.0

TOI per game: 17.516666666666666

G: 2.0

A: 4.0

Primary PTS: 4.0

iXG: 2.32081478

iFW: 73.0

XG%: 0.4857416161246399"
SEA,Martin Jones,scratch,G,30.0,L,,,,,,,,,,,,,33,NHL,1,UFA,2000000,Seattle Kraken,"Martin Jones

GP: nan

TOI per game: nan

G: nan

A: nan

Primary PTS: nan

iXG: nan

iFW: nan

XG%: nan"
BUF,Jacob Bryson,scratch,D,78.0,L,58.0,14.682471264367816,5.0,1.0,4.0,4.0,0.91366487,39.0,0.4647453991607235,7.91366487,60.14866941,-105.94098018,25,NHL,2,RFA,1850000,Buffalo Sabres,"Jacob Bryson

GP: 58.0

TOI per game: 14.682471264367816

G: 1.0

A: 8.0

Primary PTS: 5.0

iXG: 0.91366487

iFW: 39.0

XG%: 0.4647453991607235"
DET,Filip Zadina,scratch,F,11.0,L,30.0,13.097222222222223,5.0,3.0,2.0,2.0,4.76157755,67.0,0.557195348438938,10.76157755,25.11046103,-27.71446982,23,NHL,3,RFA,1825000,Detroit Red Wings,"Filip Zadina

GP: 30.0

TOI per game: 13.097222222222223

G: 3.0

A: 4.0

Primary PTS: 5.0

iXG: 4.76157755

iFW: 67.0

XG%: 0.557195348438938"
TOR,Ilya Samsonov,scratch,G,35.0,L,,,,,,,,,,,,,26,NHL,1,RFA,1800000,Toronto Maple Leafs,"Ilya Samsonov

GP: nan

TOI per game: nan

G: nan

A: nan

Primary PTS: nan

iXG: nan

iFW: nan

XG%: nan"
BUF,Eric Comrie,scratch,G,31.0,L,,,,,,,,,,,,,27,NHL,2,UFA,1800000,Buffalo Sabres,"Eric Comrie

GP: nan

TOI per game: nan

G: nan

A: nan

Primary PTS: nan

iXG: nan

iFW: nan

XG%: nan"
BUF,Vinnie Hinostroza,scratch,F,29.0,R,26.0,12.600641025641028,7.0,2.0,5.0,4.0,2.77153339,55.0,0.4342608811735813,11.77153339,29.64591408,-35.15759148,29,NHL,1,UFA,1700000,Buffalo Sabres,"Vinnie Hinostroza

GP: 26.0

TOI per game: 12.600641025641028

G: 2.0

A: 9.0

Primary PTS: 7.0

iXG: 2.77153339

iFW: 55.0

XG%: 0.4342608811735813"
CBJ,Eric Robinson,scratch,F,50.0,L,72.0,13.923842592592592,18.0,12.0,6.0,6.0,13.2250813,134.0,0.4204686396966531,34.2250813,63.72957304,-129.03521646000002,27,NHL,2,UFA,1600000,Columbus Blue Jackets,"Eric Robinson

GP: 72.0

TOI per game: 13.923842592592592

G: 12.0

A: 12.0

Primary PTS: 18.0

iXG: 13.2250813

iFW: 134.0

XG%: 0.4204686396966531"
SJS,Markus Nutivaara,injured reserve,D,77.0,L,,,,,,,,,,,,,28,LTIR,1,UFA,1500000,San Jose Sharks,"Markus Nutivaara

GP: nan

TOI per game: nan

G: nan

A: nan

Primary PTS: nan

iXG: nan

iFW: nan

XG%: nan"
VAN,Travis Dermott,injured reserve,D,24.0,L,11.0,11.315151515151516,1.0,1.0,0.0,0.0,0.61755333,9.0,0.4768333515972967,1.61755333,11.88802297,-17.16176954,26,IR,1,RFA,1500000,Vancouver Canucks,"Travis Dermott

GP: 11.0

TOI per game: 11.315151515151516

G: 1.0

A: 0.0

Primary PTS: 1.0

iXG: 0.61755333

iFW: 9.0

XG%: 0.4768333515972967"
BUF,Craig Anderson,scratch,G,41.0,L,,,,,,,,,,,,,41,NHL,1,UFA,1500000,Buffalo Sabres,"Craig Anderson

GP: nan

TOI per game: nan

G: nan

A: nan

Primary PTS: nan

iXG: nan

iFW: nan

XG%: nan"
OTT,Austin Watson,scratch,F,16.0,R,75.0,10.232888888888889,10.0,9.0,1.0,1.0,8.3754484,115.0,0.4327390274626073,18.8754484,40.47304386,-88.90728036,31,NHL,1,UFA,1500000,Ottawa Senators,"Austin Watson

GP: 75.0

TOI per game: 10.232888888888889

G: 9.0

A: 2.0

Primary PTS: 10.0

iXG: 8.3754484

iFW: 115.0

XG%: 0.4327390274626073"
CAR,Ondrej Kase,injured reserve,F,73.0,R,1.0,11.033333333333331,0.0,0.0,0.0,0.0,0.06036976,2.0,0.7893120672697367,0.06036976,1.12039166,-0.24339096,27,LTIR,1,UFA,1500000,Carolina Hurricanes,"Ondrej Kase

GP: 1.0

TOI per game: 11.033333333333331

G: 0.0

A: 0.0

Primary PTS: 0.0

iXG: 0.06036976

iFW: 2.0

XG%: 0.7893120672697367"
DET,Michael Rasmussen,injured reserve,F,27.0,L,56.0,15.097619047619048,23.0,10.0,13.0,6.0,14.91554288,121.0,0.5270666345018051,40.91554288,86.82291058,-97.12677371,23,IR,2,RFA,1460000,Detroit Red Wings,"Michael Rasmussen

GP: 56.0

TOI per game: 15.097619047619048

G: 10.0

A: 19.0

Primary PTS: 23.0

iXG: 14.91554288

iFW: 121.0

XG%: 0.5270666345018051"
VGK,William Carrier,scratch,F,28.0,L,56.0,12.388392857142858,24.0,16.0,8.0,1.0,15.39101686,144.0,0.5673886586983132,39.89101686,72.54108719999999,-48.48933203,28,NHL,2,UFA,1400000,Vegas Golden Knights,"William Carrier

GP: 56.0

TOI per game: 12.388392857142858

G: 16.0

A: 9.0

Primary PTS: 24.0

iXG: 15.39101686

iFW: 144.0

XG%: 0.5673886586983132"
WSH,Nic Dowd,scratch,F,26.0,R,65.0,13.351282051282052,21.0,13.0,8.0,4.0,7.844439889999999,84.0,0.5178167967019799,30.84443989,65.26359709,-95.47798047,32,NHL,3,UFA,1300000,Washington Capitals,"Nic Dowd

GP: 65.0

TOI per game: 13.351282051282052

G: 13.0

A: 12.0

Primary PTS: 21.0

iXG: 7.844439889999999

iFW: 84.0

XG%: 0.5178167967019799"
COL,Darren Helm,scratch,F,43.0,L,11.0,8.627272727272727,0.0,0.0,0.0,0.0,1.01086245,13.0,0.4534145444875301,1.01086245,7.01935741,-12.54756091,36,NHL,1,UFA,1250000,Colorado Avalanche,"Darren Helm

GP: 11.0

TOI per game: 8.627272727272727

G: 0.0

A: 0.0

Primary PTS: 0.0

iXG: 1.01086245

iFW: 13.0

XG%: 0.4534145444875301"
STL,Thomas Greiss,scratch,G,1.0,L,,,,,,,,,,,,,37,NHL,1,UFA,1250000,St. Louis Blues,"Thomas Greiss

GP: nan

TOI per game: nan

G: nan

A: nan

Primary PTS: nan

iXG: nan

iFW: nan

XG%: nan"
PHI,Kieffer Bellows,scratch,F,20.0,L,28.0,9.69047619047619,3.0,3.0,0.0,0.0,1.9973926,41.0,0.4102822763901278,4.9973926,14.49800339,-26.36466751,24,NHL,1,RFA,1200000,Philadelphia Flyers,"Kieffer Bellows

GP: 28.0

TOI per game: 9.69047619047619

G: 3.0

A: 0.0

Primary PTS: 3.0

iXG: 1.9973926

iFW: 41.0

XG%: 0.4102822763901278"
VGK,Nolan Patrick,injured reserve,F,41.0,R,,,,,,,,,,,,,24,LTIR,1,RFA,1200000,Vegas Golden Knights,"Nolan Patrick

GP: nan

TOI per game: nan

G: nan

A: nan

Primary PTS: nan

iXG: nan

iFW: nan

XG%: nan"
CHI,Colin Blackwell,scratch,F,43.0,R,53.0,11.727358490566036,9.0,2.0,7.0,1.0,5.77401655,72.0,0.3948493591370255,15.27401655,34.54626123,-71.39408165,30,NHL,2,UFA,1200000,Chicago Blackhawks,"Colin Blackwell

GP: 53.0

TOI per game: 11.727358490566036

G: 2.0

A: 8.0

Primary PTS: 9.0

iXG: 5.77401655

iFW: 72.0

XG%: 0.3948493591370255"
SEA,Ryan Donato,scratch,F,9.0,L,70.0,11.016904761904764,23.0,14.0,9.0,4.0,12.36667711,154.0,0.5295487895860383,37.36667711,83.36791362,-57.84175823,27,NHL,1,UFA,1200000,Seattle Kraken,"Ryan Donato

GP: 70.0

TOI per game: 11.016904761904764

G: 14.0

A: 13.0

Primary PTS: 23.0

iXG: 12.36667711

iFW: 154.0

XG%: 0.5295487895860383"
TOR,Sam Lafferty,scratch,F,28.0,R,70.0,14.533333333333331,20.0,12.0,8.0,7.0,11.28164519,135.0,0.419745692607023,34.78164519,67.92297074999999,-116.96756571,28,NHL,2,UFA,1150000,Toronto Maple Leafs,"Sam Lafferty

GP: 70.0

TOI per game: 14.533333333333331

G: 12.0

A: 15.0

Primary PTS: 20.0

iXG: 11.28164519

iFW: 135.0

XG%: 0.419745692607023"
BOS,Jakub Zboril,scratch,D,67.0,L,22.0,13.15227272727273,2.0,1.0,1.0,2.0,0.76901116,21.0,0.4904603715528161,3.76901116,23.83342066,-30.95334193,26,NHL,2,UFA,1137500,Boston Bruins,"Jakub Zboril

GP: 22.0

TOI per game: 13.15227272727273

G: 1.0

A: 3.0

Primary PTS: 2.0

iXG: 0.76901116

iFW: 21.0

XG%: 0.4904603715528161"
NYI,Ross Johnston,scratch,F,32.0,L,16.0,7.575,2.0,0.0,2.0,0.0,0.3349081,5.0,0.3634850037888098,2.3349081,6.8564218,-10.00200914,29,NHL,4,UFA,1100000,New York Islanders,"Ross Johnston

GP: 16.0

TOI per game: 7.575

G: 0.0

A: 2.0

Primary PTS: 2.0

iXG: 0.3349081

iFW: 5.0

XG%: 0.3634850037888098"
NJD,Brendan Smith,scratch,D,2.0,L,59.0,15.33954802259887,1.0,0.0,1.0,4.0,3.64299293,82.0,0.5707212502366712,6.64299293,77.13811435,-83.16898721,34,NHL,2,UFA,1100000,New Jersey Devils,"Brendan Smith

GP: 59.0

TOI per game: 15.33954802259887

G: 0.0

A: 5.0

Primary PTS: 1.0

iXG: 3.64299293

iFW: 82.0

XG%: 0.5707212502366712"
PIT,Nick Bonino,injured reserve,F,13.0,L,62.0,15.611827956989249,17.0,10.0,7.0,2.0,11.79283011,118.0,0.4626703473970206,29.79283011,82.88756332,-115.40887203,34,LTIR,1,UFA,1025000,Pittsburgh Penguins,"Nick Bonino

GP: 62.0

TOI per game: 15.611827956989249

G: 10.0

A: 9.0

Primary PTS: 17.0

iXG: 11.79283011

iFW: 118.0

XG%: 0.4626703473970206"
BOS,David Krejci,scratch,F,46.0,R,70.0,17.090238095238096,41.0,16.0,25.0,15.0,15.51051576,156.0,0.4723599593073422,64.01051576,170.22199954,-103.12912776,36,NHL,1,UFA,1000000,Boston Bruins,"David Krejci

GP: 70.0

TOI per game: 17.090238095238096

G: 16.0

A: 40.0

Primary PTS: 41.0

iXG: 15.51051576

iFW: 156.0

XG%: 0.4723599593073422"
NJD,Curtis Lazar,scratch,F,42.0,R,48.0,11.507291666666667,4.0,3.0,1.0,1.0,6.62678865,69.0,0.4569195397265518,11.12678865,34.93521272,-66.85810809,28,NHL,3,UFA,1000000,New Jersey Devils,"Curtis Lazar

GP: 48.0

TOI per game: 11.507291666666667

G: 3.0

A: 2.0

Primary PTS: 4.0

iXG: 6.62678865

iFW: 69.0

XG%: 0.4569195397265518"
COL,Kurtis MacDermid,scratch,D,56.0,L,43.0,8.1,4.0,1.0,3.0,2.0,1.15598349,28.0,0.4543106029238791,6.15598349,24.55299907,-27.92449993,29,NHL,2,UFA,987500,Colorado Avalanche,"Kurtis MacDermid

GP: 43.0

TOI per game: 8.1

G: 1.0

A: 5.0

Primary PTS: 4.0

iXG: 1.15598349

iFW: 28.0

XG%: 0.4543106029238791"
CBJ,Justin Danforth,injured reserve,F,17.0,R,6.0,13.388888888888888,3.0,2.0,1.0,0.0,1.64379393,17.0,0.4827742296559227,4.64379393,8.5912753,-10.08951055,30,IR,2,UFA,975000,Columbus Blue Jackets,"Justin Danforth

GP: 6.0

TOI per game: 13.388888888888888

G: 2.0

A: 1.0

Primary PTS: 3.0

iXG: 1.64379393

iFW: 17.0

XG%: 0.4827742296559227"
NJD,Michael McLeod,scratch,F,20.0,R,80.0,12.142708333333331,16.0,4.0,12.0,10.0,10.13226612,122.0,0.4848480770255401,31.13226612,79.47941428,-86.92666371,25,NHL,1,RFA,975000,New Jersey Devils,"Michael McLeod

GP: 80.0

TOI per game: 12.142708333333331

G: 4.0

A: 22.0

Primary PTS: 16.0

iXG: 10.13226612

iFW: 122.0

XG%: 0.4848480770255401"
CHI,Jujhar Khaira,scratch,F,16.0,L,50.0,13.774333333333336,9.0,5.0,4.0,4.0,7.65749785,80.0,0.4760840734520015,18.65749785,51.03836076,-79.48166196,28,NHL,1,UFA,975000,Chicago Blackhawks,"Jujhar Khaira

GP: 50.0

TOI per game: 13.774333333333336

G: 5.0

A: 8.0

Primary PTS: 9.0

iXG: 7.65749785

iFW: 80.0

XG%: 0.4760840734520015"
STL,Robert Bortuzzo,scratch,D,41.0,R,43.0,12.566666666666666,4.0,2.0,2.0,1.0,1.3924877,43.0,0.460643229260213,5.8924877,41.38301048,-63.01702794,34,NHL,2,UFA,950000,St. Louis Blues,"Robert Bortuzzo

GP: 43.0

TOI per game: 12.566666666666666

G: 2.0

A: 3.0

Primary PTS: 4.0

iXG: 1.3924877

iFW: 43.0

XG%: 0.460643229260213"
ANA,Anthony Stolarz,injured reserve,G,41.0,L,,,,,,,,,,,,,29,IR,1,UFA,950000,Anaheim Ducks,"Anthony Stolarz

GP: nan

TOI per game: nan

G: nan

A: nan

Primary PTS: nan

iXG: nan

iFW: nan

XG%: nan"
DET,Marco Kasper,scratch,F,92.0,L,1.0,14.983333333333333,0.0,0.0,0.0,0.0,0.17675,1.0,0.3346525121347461,0.17675,0.84265142,-1.63956757,19,NHL,3,RFA,950000,Detroit Red Wings,"Marco Kasper

GP: 1.0

TOI per game: 14.983333333333333

G: 0.0

A: 0.0

Primary PTS: 0.0

iXG: 0.17675

iFW: 1.0

XG%: 0.3346525121347461"
WSH,Trevor van Riemsdyk,scratch,D,57.0,R,75.0,19.006,14.0,7.0,7.0,9.0,3.99297044,127.0,0.5102598718689572,22.49297044,132.58464292,-163.75790644,31,NHL,4,UFA,950000,Washington Capitals,"Trevor van Riemsdyk

GP: 75.0

TOI per game: 19.006

G: 7.0

A: 16.0

Primary PTS: 14.0

iXG: 3.99297044

iFW: 127.0

XG%: 0.5102598718689572"
MTL,Juraj Slafkovsky,injured reserve,F,20.0,L,39.0,12.215384615384616,6.0,4.0,2.0,4.0,4.43094105,61.0,0.3891096920819162,12.43094105,31.12195219,-46.46283719,19,IR,3,RFA,950000,Montreal Canadiens,"Juraj Slafkovsky

GP: 39.0

TOI per game: 12.215384615384616

G: 4.0

A: 6.0

Primary PTS: 6.0

iXG: 4.43094105

iFW: 61.0

XG%: 0.3891096920819162"
CHI,Cole Guttman,scratch,F,70.0,R,14.0,14.560714285714283,6.0,4.0,2.0,0.0,2.85182131,30.0,0.4888719787166798,8.85182131,18.54972986,-17.45055317,24,NHL,2,RFA,950000,Chicago Blackhawks,"Cole Guttman

GP: 14.0

TOI per game: 14.560714285714283

G: 4.0

A: 2.0

Primary PTS: 6.0

iXG: 2.85182131

iFW: 30.0

XG%: 0.4888719787166798"
DAL,Nils Lundkvist,scratch,D,5.0,R,60.0,16.197777777777777,11.0,6.0,5.0,5.0,4.09757501,129.0,0.5231117891436805,17.59757501,98.28263828,-83.68564812,22,NHL,2,RFA,925000,Dallas Stars,"Nils Lundkvist

GP: 60.0

TOI per game: 16.197777777777777

G: 6.0

A: 10.0

Primary PTS: 11.0

iXG: 4.09757501

iFW: 129.0

XG%: 0.5231117891436805"
CGY,Matthew Coronato,scratch,F,39.0,R,,,,,,,,,,,,,20,NHL,3,10.2(c),925000,Calgary Flames,"Matthew Coronato

GP: nan

TOI per game: nan

G: nan

A: nan

Primary PTS: nan

iXG: nan

iFW: nan

XG%: nan"
MIN,Brock Faber,scratch,D,7.0,R,1.0,21.816666666666663,0.0,0.0,0.0,0.0,0.0189583,1.0,0.6013493208154127,0.0189583,1.5833814,-0.47950796,20,NHL,3,RFA,925000,Minnesota Wild,"Brock Faber

GP: 1.0

TOI per game: 21.816666666666663

G: 0.0

A: 0.0

Primary PTS: 0.0

iXG: 0.0189583

iFW: 1.0

XG%: 0.6013493208154127"
LAK,Zack MacEwen,scratch,F,17.0,R,55.0,11.496666666666668,5.0,4.0,1.0,5.0,7.23901731,100.0,0.437642823166577,14.73901731,40.854480370000005,-57.7762551,26,NHL,1,RFA,925000,Los Angeles Kings,"Zack MacEwen

GP: 55.0

TOI per game: 11.496666666666668

G: 4.0

A: 6.0

Primary PTS: 5.0

iXG: 7.23901731

iFW: 100.0

XG%: 0.437642823166577"
CBJ,Marcus Bjork,scratch,D,47.0,R,33.0,18.17373737373737,8.0,3.0,5.0,3.0,1.13905171,47.0,0.4524011468245688,10.63905171,65.65963252,-66.25431813,25,Minor,1,RFA,925000,Columbus Blue Jackets,"Marcus Bjork

GP: 33.0

TOI per game: 18.17373737373737

G: 3.0

A: 8.0

Primary PTS: 8.0

iXG: 1.13905171

iFW: 47.0

XG%: 0.4524011468245688"
ANA,Jamie Drysdale,injured reserve,D,6.0,R,8.0,17.620833333333334,0.0,0.0,0.0,0.0,0.3409924,12.0,0.4227432625102579,0.3409924,8.78728591,-17.63227339,21,IR,1,RFA,925000,Anaheim Ducks,"Jamie Drysdale

GP: 8.0

TOI per game: 17.620833333333334

G: 0.0

A: 0.0

Primary PTS: 0.0

iXG: 0.3409924

iFW: 12.0

XG%: 0.4227432625102579"
VAN,Vasily Podkolzin,scratch,F,92.0,L,39.0,11.837606837606838,6.0,4.0,2.0,1.0,4.7636633,63.0,0.4945949770809626,11.2636633,32.36306499,-38.2134608,21,NHL,2,RFA,925000,Vancouver Canucks,"Vasily Podkolzin

GP: 39.0

TOI per game: 11.837606837606838

G: 4.0

A: 3.0

Primary PTS: 6.0

iXG: 4.7636633

iFW: 63.0

XG%: 0.4945949770809626"
NSH,Mark Borowiecki,injured reserve,D,90.0,L,4.0,9.925,0.0,0.0,0.0,0.0,0.07250997,4.0,0.5214559019566235,0.07250997,4.28336633,-5.772231,33,IR,1,UFA,900000,Nashville Predators,"Mark Borowiecki

GP: 4.0

TOI per game: 9.925

G: 0.0

A: 0.0

Primary PTS: 0.0

iXG: 0.07250997

iFW: 4.0

XG%: 0.5214559019566235"
WPG,Logan Stanley,scratch,D,64.0,L,18.0,13.580555555555556,2.0,1.0,1.0,1.0,0.50455521,21.0,0.4772371791852041,3.00455521,18.95404272,-25.53844636,24,NHL,1,RFA,900000,Winnipeg Jets,"Logan Stanley

GP: 18.0

TOI per game: 13.580555555555556

G: 1.0

A: 2.0

Primary PTS: 2.0

iXG: 0.50455521

iFW: 21.0

XG%: 0.4772371791852041"
CHI,Jarred Tinordi,scratch,D,25.0,L,44.0,16.457575757575757,4.0,2.0,2.0,4.0,1.23415308,52.0,0.4032751162053741,7.23415308,40.84229245,-85.40855221000001,31,NHL,2,UFA,900000,Chicago Blackhawks,"Jarred Tinordi

GP: 44.0

TOI per game: 16.457575757575757

G: 2.0

A: 6.0

Primary PTS: 4.0

iXG: 1.23415308

iFW: 52.0

XG%: 0.4032751162053741"
NYI,Oliver Wahlstrom,injured reserve,F,26,R,35.0,12.165714285714284,9.0,7.0,2.0,7.0,5.85349337,97.0,0.4367648459976105,18.35349337,43.64276848,-37.56772179,22,IR,1,RFA,894167,New York Islanders,"Oliver Wahlstrom

GP: 35.0

TOI per game: 12.165714285714284

G: 7.0

A: 9.0

Primary PTS: 9.0

iXG: 5.85349337

iFW: 97.0

XG%: 0.4367648459976105"
WPG,Cole Perfetti,injured reserve,F,91,L,51.0,14.973856209150329,19.0,8.0,11.0,11.0,10.74445561,122.0,0.4996112213541335,35.24445561,84.51177505999999,-53.93026177,21,IR,2,RFA,894167,Winnipeg Jets,"Cole Perfetti

GP: 51.0

TOI per game: 14.973856209150329

G: 8.0

A: 22.0

Primary PTS: 19.0

iXG: 10.74445561

iFW: 122.0

XG%: 0.4996112213541335"
MTL,Cole Caufield,injured reserve,F,22.0,R,46.0,18.04963768115942,28.0,26.0,2.0,8.0,15.46412773,228.0,0.4076259166175908,47.46412773,98.6781309,-99.04147389,22,IR,1,RFA,880833,Montreal Canadiens,"Cole Caufield

GP: 46.0

TOI per game: 18.04963768115942

G: 26.0

A: 10.0

Primary PTS: 28.0

iXG: 15.46412773

iFW: 228.0

XG%: 0.4076259166175908"
LAK,Alex Laferriere,scratch,F,78.0,R,,,,,,,,,,,,,21,NHL,3,RFA,875000,Los Angeles Kings,"Alex Laferriere

GP: nan

TOI per game: nan

G: nan

A: nan

Primary PTS: nan

iXG: nan

iFW: nan

XG%: nan"
VAN,Vitali Kravtsov,scratch,F,91.0,L,44.0,11.207575757575755,6.0,4.0,2.0,2.0,5.43400684,64.0,0.4839397825869532,12.43400684,38.37698935,-27.87320549,23,NHL,1,RFA,875000,Vancouver Canucks,"Vitali Kravtsov

GP: 44.0

TOI per game: 11.207575757575755

G: 4.0

A: 4.0

Primary PTS: 6.0

iXG: 5.43400684

iFW: 64.0

XG%: 0.4839397825869532"
CGY,Jakob Pelletier,scratch,F,49.0,L,23.0,14.19855072463768,5.0,3.0,2.0,2.0,6.56110808,65.0,0.5613846072569326,12.56110808,37.55079335,-27.46562205,22,NHL,2,RFA,863333,Calgary Flames,"Jakob Pelletier

GP: 23.0

TOI per game: 14.19855072463768

G: 3.0

A: 4.0

Primary PTS: 5.0

iXG: 6.56110808

iFW: 65.0

XG%: 0.5613846072569326"
MTL,Kaiden Guhle,scratch,D,21.0,L,44.0,20.51590909090909,13.0,4.0,9.0,5.0,2.30114046,65.0,0.4128282709866236,17.80114046,64.25497331,-131.38810234,21,NHL,3,RFA,863333,Montreal Canadiens,"Kaiden Guhle

GP: 44.0

TOI per game: 20.51590909090909

G: 4.0

A: 14.0

Primary PTS: 13.0

iXG: 2.30114046

iFW: 65.0

XG%: 0.4128282709866236"
CAR,Calvin de Haan,scratch,D,44.0,L,53.0,13.533333333333331,6.0,2.0,4.0,6.0,2.93802242,102.0,0.6081245816108564,11.93802242,67.97299398,-49.89283035,31,NHL,1,UFA,850000,Carolina Hurricanes,"Calvin de Haan

GP: 53.0

TOI per game: 13.533333333333331

G: 2.0

A: 10.0

Primary PTS: 6.0

iXG: 2.93802242

iFW: 102.0

XG%: 0.6081245816108564"
TBL,Zach Bogosian,scratch,D,24.0,R,45.0,14.882222222222223,4.0,1.0,3.0,1.0,2.02231766,73.0,0.4910348421830424,6.522317660000001,56.80936735,-67.47945712,32,NHL,2,UFA,850000,Tampa Bay Lightning,"Zach Bogosian

GP: 45.0

TOI per game: 14.882222222222223

G: 1.0

A: 4.0

Primary PTS: 4.0

iXG: 2.02231766

iFW: 73.0

XG%: 0.4910348421830424"
DET,Mark Pysyk,injured reserve,D,43.0,R,,,,,,,,,,,,,31,IR,1,UFA,850000,Detroit Red Wings,"Mark Pysyk

GP: nan

TOI per game: nan

G: nan

A: nan

Primary PTS: nan

iXG: nan

iFW: nan

XG%: nan"
ANA,Sam Carrick,scratch,F,39.0,R,51.0,10.262745098039217,5.0,3.0,2.0,2.0,3.87726501,69.0,0.3134165848623073,9.87726501,28.28412819,-66.93325764,31,NHL,2,UFA,850000,Anaheim Ducks,"Sam Carrick

GP: 51.0

TOI per game: 10.262745098039217

G: 3.0

A: 4.0

Primary PTS: 5.0

iXG: 3.87726501

iFW: 69.0

XG%: 0.3134165848623073"
ANA,Urho Vaakanainen,injured reserve,D,5.0,L,23.0,15.760144927536231,1.0,0.0,1.0,1.0,0.83755324,40.0,0.3862103770022985,2.33755324,19.5527583,-45.70453419,24,IR,2,RFA,850000,Anaheim Ducks,"Urho Vaakanainen

GP: 23.0

TOI per game: 15.760144927536231

G: 0.0

A: 2.0

Primary PTS: 1.0

iXG: 0.83755324

iFW: 40.0

XG%: 0.3862103770022985"
EDM,Devin Shore,scratch,F,19.0,L,47.0,8.920921985815601,7.0,1.0,6.0,2.0,4.1677897,48.0,0.5025954137509594,12.1677897,30.74440686,-27.65100994,28,NHL,1,UFA,850000,Edmonton Oilers,"Devin Shore

GP: 47.0

TOI per game: 8.920921985815601

G: 1.0

A: 8.0

Primary PTS: 7.0

iXG: 4.1677897

iFW: 48.0

XG%: 0.5025954137509594"
MTL,Jordan Harris,scratch,D,54.0,L,65.0,18.65230769230769,9.0,4.0,5.0,8.0,3.87436854,95.0,0.4837424941970213,16.87436854,105.84353028,-126.56208317,22,NHL,3,RFA,842500,Montreal Canadiens,"Jordan Harris

GP: 65.0

TOI per game: 18.65230769230769

G: 4.0

A: 13.0

Primary PTS: 9.0

iXG: 3.87436854

iFW: 95.0

XG%: 0.4837424941970213"
MTL,Arber Xhekaj,injured reserve,D,72.0,L,51.0,15.27091503267974,9.0,5.0,4.0,3.0,2.8839776,103.0,0.3847888972317472,13.3839776,59.32369874,-83.41444835,22,IR,2,RFA,828333,Montreal Canadiens,"Arber Xhekaj

GP: 51.0

TOI per game: 15.27091503267974

G: 5.0

A: 7.0

Primary PTS: 9.0

iXG: 2.8839776

iFW: 103.0

XG%: 0.3847888972317472"
CBJ,Nick Blankenburg,scratch,D,77.0,R,36.0,19.08055555555556,9.0,4.0,5.0,5.0,2.81946827,71.0,0.4467021919476328,14.31946827,71.64261007,-89.02785605,24,NHL,2,RFA,825000,Columbus Blue Jackets,"Nick Blankenburg

GP: 36.0

TOI per game: 19.08055555555556

G: 4.0

A: 10.0

Primary PTS: 9.0

iXG: 2.81946827

iFW: 71.0

XG%: 0.4467021919476328"
NSH,Rasmus Asplund,scratch,F,71.0,L,44.0,11.05530303030303,4.0,2.0,2.0,4.0,5.5591278,64.0,0.4197290318206492,11.5591278,36.02626796,-57.33273461,25,NHL,1,RFA,825000,Nashville Predators,"Rasmus Asplund

GP: 44.0

TOI per game: 11.05530303030303

G: 2.0

A: 6.0

Primary PTS: 4.0

iXG: 5.5591278

iFW: 64.0

XG%: 0.4197290318206492"
WPG,Karson Kuhlman,scratch,F,20.0,R,46.0,11.611231884057972,4.0,3.0,1.0,3.0,6.77460587,76.0,0.5232887585642306,12.27460587,42.80514865,-54.99240304,27,NHL,1,UFA,825000,Winnipeg Jets,"Karson Kuhlman

GP: 46.0

TOI per game: 11.611231884057972

G: 3.0

A: 4.0

Primary PTS: 4.0

iXG: 6.77460587

iFW: 76.0

XG%: 0.5232887585642306"
LAK,Gabriel Vilardi,scratch,F,13.0,R,63.0,15.26904761904762,33.0,23.0,10.0,8.0,17.50377794,160.0,0.5372296572090072,54.50377794,123.20484205,-61.65588692,23,NHL,1,RFA,825000,Los Angeles Kings,"Gabriel Vilardi

GP: 63.0

TOI per game: 15.26904761904762

G: 23.0

A: 18.0

Primary PTS: 33.0

iXG: 17.50377794

iFW: 160.0

XG%: 0.5372296572090072"
PIT,Chad Ruhwedel,scratch,D,2.0,R,47.0,14.568439716312058,2.0,1.0,1.0,3.0,1.86909767,59.0,0.5266272706258398,5.36909767,54.69828098,-75.139572,32,NHL,2,UFA,800000,Pittsburgh Penguins,"Chad Ruhwedel

GP: 47.0

TOI per game: 14.568439716312058

G: 1.0

A: 4.0

Primary PTS: 2.0

iXG: 1.86909767

iFW: 59.0

XG%: 0.5266272706258398"
TBL,Tanner Jeannot,scratch,F,84.0,L,76.0,14.253070175438596,12.0,6.0,6.0,6.0,14.95199193,154.0,0.5160129188895713,29.95199193,85.64698382,-125.52906355,25,NHL,1,RFA,800000,Tampa Bay Lightning,"Tanner Jeannot

GP: 76.0

TOI per game: 14.253070175438596

G: 6.0

A: 12.0

Primary PTS: 12.0

iXG: 14.95199193

iFW: 154.0

XG%: 0.5160129188895713"
TOR,Mark Giordano,scratch,D,55.0,L,78.0,18.95,12.0,4.0,8.0,12.0,4.86267458,154.0,0.5685038186700904,22.86267458,148.04089032000002,-128.66003283,39,NHL,2,UFA,800000,Toronto Maple Leafs,"Mark Giordano

GP: 78.0

TOI per game: 18.95

G: 4.0

A: 20.0

Primary PTS: 12.0

iXG: 4.86267458

iFW: 154.0

XG%: 0.5685038186700904"
TOR,Erik Gustafsson,scratch,D,56.0,L,70.0,19.70619047619048,25.0,7.0,18.0,17.0,6.47978034,188.0,0.5246941140358988,39.97978034,170.03164829,-117.8828156,31,NHL,1,UFA,800000,Toronto Maple Leafs,"Erik Gustafsson

GP: 70.0

TOI per game: 19.70619047619048

G: 7.0

A: 35.0

Primary PTS: 25.0

iXG: 6.47978034

iFW: 188.0

XG%: 0.5246941140358988"
TOR,Nicholas Robertson,injured reserve,F,89.0,L,15.0,10.884444444444446,2.0,2.0,0.0,3.0,2.41234946,36.0,0.4938770485659441,5.91234946,14.82527469,-12.76031766,21,LTIR,2,RFA,796667,Toronto Maple Leafs,"Nicholas Robertson

GP: 15.0

TOI per game: 10.884444444444446

G: 2.0

A: 3.0

Primary PTS: 2.0

iXG: 2.41234946

iFW: 36.0

XG%: 0.4938770485659441"
MIN,Calen Addison,scratch,D,2.0,R,61.0,16.218032786885246,16.0,3.0,13.0,13.0,2.51271165,105.0,0.4988887447062,25.01271165,133.72980141,-82.43094686,23,NHL,1,RFA,795000,Minnesota Wild,"Calen Addison

GP: 61.0

TOI per game: 16.218032786885246

G: 3.0

A: 26.0

Primary PTS: 16.0

iXG: 2.51271165

iFW: 105.0

XG%: 0.4988887447062"
VGK,Kaedan Korczak,scratch,D,6.0,R,10.0,15.436666666666667,1.0,0.0,1.0,1.0,0.60106867,26.0,0.6282015059397668,2.10106867,16.874280390000003,-16.95324672,22,Emerg. Loan,2,RFA,789167,Vegas Golden Knights,"Kaedan Korczak

GP: 10.0

TOI per game: 15.436666666666667

G: 0.0

A: 2.0

Primary PTS: 1.0

iXG: 0.60106867

iFW: 26.0

XG%: 0.6282015059397668"
ANA,Brett Leason,scratch,F,20.0,R,54.0,10.64351851851852,8.0,6.0,2.0,1.0,5.90901687,78.0,0.3509284585049371,14.40901687,34.046837780000004,-73.30413748000001,23,NHL,2,RFA,775000,Anaheim Ducks,"Brett Leason

GP: 54.0

TOI per game: 10.64351851851852

G: 6.0

A: 3.0

Primary PTS: 8.0

iXG: 5.90901687

iFW: 78.0

XG%: 0.3509284585049371"
PIT,Mark Friedman,scratch,D,52.0,R,23.0,14.45,2.0,1.0,1.0,1.0,1.53372012,51.0,0.5656906710643665,4.03372012,27.77085097,-28.67266539,27,NHL,2,UFA,775000,Pittsburgh Penguins,"Mark Friedman

GP: 23.0

TOI per game: 14.45

G: 1.0

A: 2.0

Primary PTS: 2.0

iXG: 1.53372012

iFW: 51.0

XG%: 0.5656906710643665"
PHI,Nick Seeler,scratch,D,24.0,L,76.0,14.453070175438596,11.0,4.0,7.0,3.0,3.30057965,107.0,0.527301898502614,15.80057965,90.21878176,-100.31081818,29,NHL,2,UFA,775000,Philadelphia Flyers,"Nick Seeler

GP: 76.0

TOI per game: 14.453070175438596

G: 4.0

A: 10.0

Primary PTS: 11.0

iXG: 3.30057965

iFW: 107.0

XG%: 0.527301898502614"
WPG,David Gustafsson,scratch,F,19.0,L,45.0,9.985185185185184,5.0,0.0,5.0,1.0,3.97694047,55.0,0.4829559709187068,9.47694047,27.30525202,-39.19258671,23,NHL,2,RFA,775000,Winnipeg Jets,"David Gustafsson

GP: 45.0

TOI per game: 9.985185185185184

G: 0.0

A: 6.0

Primary PTS: 5.0

iXG: 3.97694047

iFW: 55.0

XG%: 0.4829559709187068"
VGK,Logan Thompson,scratch,G,36.0,R,,,,,,,,,,,,,26,NHL,3,UFA,766667,Vegas Golden Knights,"Logan Thompson

GP: nan

TOI per game: nan

G: nan

A: nan

Primary PTS: nan

iXG: nan

iFW: nan

XG%: nan"
BOS,Jakub Lauko,scratch,F,94.0,L,22.0,8.853030303030302,6.0,4.0,2.0,0.0,2.55862428,25.0,0.5145831997561441,8.55862428,15.7666778,-18.42843063,23,NHL,1,RFA,764167,Boston Bruins,"Jakub Lauko

GP: 22.0

TOI per game: 8.853030303030302

G: 4.0

A: 2.0

Primary PTS: 6.0

iXG: 2.55862428

iFW: 25.0

XG%: 0.5145831997561441"
NSH,Kevin Gravel,scratch,D,5.0,L,23.0,14.268840579710146,1.0,0.0,1.0,0.0,0.97313902,29.0,0.4405063245980057,1.97313902,16.60452734,-35.7561689,31,Emerg. Loan,2,UFA,762500,Nashville Predators,"Kevin Gravel

GP: 23.0

TOI per game: 14.268840579710146

G: 0.0

A: 1.0

Primary PTS: 1.0

iXG: 0.97313902

iFW: 29.0

XG%: 0.4405063245980057"
TBL,Haydn Fleury,scratch,D,7.0,L,28.0,12.579761904761906,0.0,0.0,0.0,1.0,1.90232322,49.0,0.4953502781926469,2.40232322,20.1631691,-38.50735512,26,NHL,2,UFA,762500,Tampa Bay Lightning,"Haydn Fleury

GP: 28.0

TOI per game: 12.579761904761906

G: 0.0

A: 1.0

Primary PTS: 0.0

iXG: 1.90232322

iFW: 49.0

XG%: 0.4953502781926469"
CGY,Dennis Gilbert,scratch,D,48.0,L,23.0,11.73913043478261,2.0,1.0,1.0,2.0,0.37277617,22.0,0.559398275075543,3.37277617,25.1086886,-22.03413362,26,NHL,2,UFA,762500,Calgary Flames,"Dennis Gilbert

GP: 23.0

TOI per game: 11.73913043478261

G: 1.0

A: 3.0

Primary PTS: 2.0

iXG: 0.37277617

iFW: 22.0

XG%: 0.559398275075543"
CAR,Dylan Coghlan,scratch,D,15.0,R,17.0,12.720588235294118,2.0,0.0,2.0,1.0,1.61893746,44.0,0.6513652819149568,4.11893746,22.5737462,-16.44841888,25,NHL,1,RFA,762500,Carolina Hurricanes,"Dylan Coghlan

GP: 17.0

TOI per game: 12.720588235294118

G: 0.0

A: 3.0

Primary PTS: 2.0

iXG: 1.61893746

iFW: 44.0

XG%: 0.6513652819149568"
WPG,Kyle Capobianco,scratch,D,77.0,L,13.0,11.943589743589744,2.0,2.0,0.0,0.0,0.66058901,22.0,0.5530258536478594,2.66058901,13.17773888,-9.91169961,25,NHL,2,RFA,762500,Winnipeg Jets,"Kyle Capobianco

GP: 13.0

TOI per game: 11.943589743589744

G: 2.0

A: 0.0

Primary PTS: 2.0

iXG: 0.66058901

iFW: 22.0

XG%: 0.5530258536478594"
CGY,Adam Ruzicka,scratch,F,63.0,L,44.0,11.529924242424242,13.0,6.0,7.0,7.0,6.81738288,90.0,0.539721542640451,23.31738288,51.47216524,-39.19930382,23,NHL,2,RFA,762500,Calgary Flames,"Adam Ruzicka

GP: 44.0

TOI per game: 11.529924242424242

G: 6.0

A: 14.0

Primary PTS: 13.0

iXG: 6.81738288

iFW: 90.0

XG%: 0.539721542640451"
TOR,Bobby McMann,injured reserve,F,74.0,L,10.0,10.571666666666667,0.0,0.0,0.0,1.0,2.20051817,26.0,0.5917944121735728,2.70051817,9.20915442,-8.79012447,26,LTIR,2,UFA,762500,Toronto Maple Leafs,"Bobby McMann

GP: 10.0

TOI per game: 10.571666666666667

G: 0.0

A: 1.0

Primary PTS: 0.0

iXG: 2.20051817

iFW: 26.0

XG%: 0.5917944121735728"
MIN,Nicolas Petan,scratch,F,19.0,L,,,,,,,,,,,,,28,Emerg. Loan,2,UFA,762500,Minnesota Wild,"Nicolas Petan

GP: nan

TOI per game: nan

G: nan

A: nan

Primary PTS: nan

iXG: nan

iFW: nan

XG%: nan"
OTT,Parker Kelly,scratch,F,45.0,L,55.0,10.51969696969697,2.0,1.0,1.0,2.0,5.87055724,79.0,0.4325147875872243,8.87055724,26.57091285,-67.668338,23,NHL,2,RFA,762500,Ottawa Senators,"Parker Kelly

GP: 55.0

TOI per game: 10.51969696969697

G: 1.0

A: 3.0

Primary PTS: 2.0

iXG: 5.87055724

iFW: 79.0

XG%: 0.4325147875872243"
ANA,Colton White,scratch,D,45.0,L,45.0,14.40037037037037,3.0,0.0,3.0,3.0,1.61236494,38.0,0.3668879106153946,6.11236494,39.75889809,-81.96480174,25,NHL,2,UFA,762500,Anaheim Ducks,"Colton White

GP: 45.0

TOI per game: 14.40037037037037

G: 0.0

A: 6.0

Primary PTS: 3.0

iXG: 1.61236494

iFW: 38.0

XG%: 0.3668879106153946"
VGK,Paul Cotter,scratch,F,43.0,L,55.0,12.536363636363635,15.0,13.0,2.0,3.0,8.39557177,95.0,0.4196586198679319,24.89557177,59.8167174,-68.463154,23,NHL,4,RFA,760000,Vegas Golden Knights,"Paul Cotter

GP: 55.0

TOI per game: 12.536363636363635

G: 13.0

A: 5.0

Primary PTS: 15.0

iXG: 8.39557177

iFW: 95.0

XG%: 0.4196586198679319"
CHI,Taylor Raddysh,scratch,F,11.0,R,78.0,16.485042735042732,28.0,20.0,8.0,9.0,20.333865,181.0,0.442806274847523,52.833865,138.43235973999998,-125.26745871,25,NHL,2,RFA,758333,Chicago Blackhawks,"Taylor Raddysh

GP: 78.0

TOI per game: 16.485042735042732

G: 20.0

A: 17.0

Primary PTS: 28.0

iXG: 20.333865

iFW: 181.0

XG%: 0.442806274847523"
PIT,Drew O'Connor,scratch,F,10.0,L,45.0,9.656296296296295,8.0,5.0,3.0,3.0,6.73441006,90.0,0.5188707287146894,16.234410060000002,35.19389536,-40.61541488,24,NHL,1,RFA,750000,Pittsburgh Penguins,"Drew O'Connor

GP: 45.0

TOI per game: 9.656296296296295

G: 5.0

A: 6.0

Primary PTS: 8.0

iXG: 6.73441006

iFW: 90.0

XG%: 0.5188707287146894"
DET,Danny O'Regan,scratch,F,56.0,R,,,,,,,,,,,,,29,Emerg. Loan,1,UFA,750000,Detroit Red Wings,"Danny O'Regan

GP: nan

TOI per game: nan

G: nan

A: nan

Primary PTS: nan

iXG: nan

iFW: nan

XG%: nan"
ANA,Jayson Megna,scratch,F,7.0,R,55.0,9.767272727272728,4.0,2.0,2.0,4.0,4.22319771,53.0,0.3996448682028538,10.22319771,27.25948651,-73.21420061,33,NHL,1,UFA,750000,Anaheim Ducks,"Jayson Megna

GP: 55.0

TOI per game: 9.767272727272728

G: 2.0

A: 6.0

Primary PTS: 4.0

iXG: 4.22319771

iFW: 53.0

XG%: 0.3996448682028538"
CGY,Michael Stone,scratch,D,26.0,R,47.0,13.206737588652484,9.0,6.0,3.0,2.0,2.22967117,126.0,0.5336158995203811,12.22967117,63.05223958,-53.63955677,32,NHL,1,UFA,750000,Calgary Flames,"Michael Stone

GP: 47.0

TOI per game: 13.206737588652484

G: 6.0

A: 5.0

Primary PTS: 9.0

iXG: 2.22967117

iFW: 126.0

XG%: 0.5336158995203811"
CBJ,Lane Pederson,scratch,F,18.0,R,27.0,11.680246913580246,6.0,3.0,3.0,0.0,3.82135873,36.0,0.4796261286303002,9.82135873,30.32659707,-32.253741500000004,25,NHL,1,RFA,750000,Columbus Blue Jackets,"Lane Pederson

GP: 27.0

TOI per game: 11.680246913580246

G: 3.0

A: 3.0

Primary PTS: 6.0

iXG: 3.82135873

iFW: 36.0

XG%: 0.4796261286303002"
NYI,Parker Wotherspoon,scratch,D,38.0,L,12.0,12.7625,0.0,0.0,0.0,1.0,0.34993906,12.0,0.5458906605872531,0.8499390600000001,15.75084903,-10.35745747,25,NHL,1,UFA,750000,New York Islanders,"Parker Wotherspoon

GP: 12.0

TOI per game: 12.7625

G: 0.0

A: 1.0

Primary PTS: 0.0

iXG: 0.34993906

iFW: 12.0

XG%: 0.5458906605872531"
CHI,Philipp Kurashev,scratch,F,23.0,L,70.0,17.324285714285715,20.0,9.0,11.0,5.0,11.26046525,157.0,0.409542773953211,33.76046525,104.64490185,-154.80884716999998,23,NHL,1,RFA,750000,Chicago Blackhawks,"Philipp Kurashev

GP: 70.0

TOI per game: 17.324285714285715

G: 9.0

A: 16.0

Primary PTS: 20.0

iXG: 11.26046525

iFW: 157.0

XG%: 0.409542773953211"
TOR,Matt Murray,scratch,G,30.0,L,,,,,,,,,,,,,25,Minor,1,RFA,750000,Toronto Maple Leafs,"Matt Murray

GP: nan

TOI per game: nan

G: nan

A: nan

Primary PTS: nan

iXG: nan

iFW: nan

XG%: nan"
NYR,Ben Harpur,scratch,D,5.0,L,42.0,14.063888888888888,1.0,1.0,0.0,5.0,0.84417583,47.0,0.4002224038111878,4.34417583,42.24734626,-54.70252962,28,NHL,3,UFA,750000,New York Rangers,"Ben Harpur

GP: 42.0

TOI per game: 14.063888888888888

G: 1.0

A: 5.0

Primary PTS: 1.0

iXG: 0.84417583

iFW: 47.0

XG%: 0.4002224038111878"
MIN,Mason Shaw,scratch,F,15.0,L,59.0,11.290395480225987,12.0,7.0,5.0,5.0,6.8556406,114.0,0.4779047109523633,21.3556406,43.97589215,-56.20399037,24,NHL,1,RFA,750000,Minnesota Wild,"Mason Shaw

GP: 59.0

TOI per game: 11.290395480225987

G: 7.0

A: 10.0

Primary PTS: 12.0

iXG: 6.8556406

iFW: 114.0

XG%: 0.4779047109523633"
OTT,Derick Brassard,scratch,F,61.0,L,62.0,12.18037634408602,21.0,13.0,8.0,2.0,9.65047423,117.0,0.4706553671233031,31.65047423,85.08943261,-55.80619419,35,NHL,1,UFA,750000,Ottawa Senators,"Derick Brassard

GP: 62.0

TOI per game: 12.18037634408602

G: 13.0

A: 10.0

Primary PTS: 21.0

iXG: 9.65047423

iFW: 117.0

XG%: 0.4706553671233031"
LAK,Alexander Edler,scratch,D,2.0,L,64.0,14.408333333333331,7.0,2.0,5.0,4.0,1.54914226,90.0,0.5056104255786918,10.54914226,84.09823824,-103.52794339,36,NHL,1,UFA,750000,Los Angeles Kings,"Alexander Edler

GP: 64.0

TOI per game: 14.408333333333331

G: 2.0

A: 9.0

Primary PTS: 7.0

iXG: 1.54914226

iFW: 90.0

XG%: 0.5056104255786918"
EDM,Ryan Murray,injured reserve,D,28.0,L,13.0,13.124358974358977,2.0,0.0,2.0,1.0,0.47694809,12.0,0.5396742670910316,2.97694809,13.49772292,-18.11702167,29,LTIR,1,UFA,750000,Edmonton Oilers,"Ryan Murray

GP: 13.0

TOI per game: 13.124358974358977

G: 0.0

A: 3.0

Primary PTS: 2.0

iXG: 0.47694809

iFW: 12.0

XG%: 0.5396742670910316"
CBJ,Mathieu Olivier,scratch,F,24.0,R,66.0,11.63030303030303,12.0,5.0,7.0,3.0,9.26216711,108.0,0.452380313615461,22.76216711,57.80677198,-92.4878926,26,NHL,1,RFA,750000,Columbus Blue Jackets,"Mathieu Olivier

GP: 66.0

TOI per game: 11.63030303030303

G: 5.0

A: 10.0

Primary PTS: 12.0

iXG: 9.26216711

iFW: 108.0

XG%: 0.452380313615461"
SEA,John Hayden,injured reserve,F,15,R,7.0,7.3,2.0,2.0,0.0,0.0,0.97180264,13.0,0.4699375428484681,2.97180264,4.41178567,-2.7203552,28,IR,1,UFA,750000,Seattle Kraken,"John Hayden

GP: 7.0

TOI per game: 7.3

G: 2.0

A: 0.0

Primary PTS: 2.0

iXG: 0.97180264

iFW: 13.0

XG%: 0.4699375428484681"
DAL,Fredrik Olofsson,scratch,F,42.0,L,28.0,10.088690476190475,4.0,1.0,3.0,0.0,3.73141809,45.0,0.6035666135274743,7.73141809,20.13250936,-15.96884994,26,NHL,1,UFA,750000,Dallas Stars,"Fredrik Olofsson

GP: 28.0

TOI per game: 10.088690476190475

G: 1.0

A: 3.0

Primary PTS: 4.0

iXG: 3.73141809

iFW: 45.0

XG%: 0.6035666135274743"
WPG,Sam Gagner,scratch,F,89.0,R,48.0,12.154513888888888,12.0,8.0,4.0,2.0,6.75893317,104.0,0.5024213085907535,19.75893317,52.3772405,-44.99332319,33,NHL,1,UFA,750000,Winnipeg Jets,"Sam Gagner

GP: 48.0

TOI per game: 12.154513888888888

G: 8.0

A: 6.0

Primary PTS: 12.0

iXG: 6.75893317

iFW: 104.0

XG%: 0.5024213085907535"
WPG,Axel Jonsson-Fjallby,scratch,F,71.0,L,49.0,10.32857142857143,9.0,5.0,4.0,4.0,5.15025103,72.0,0.5041305366851403,16.15025103,35.16182755,-45.2304164,25,NHL,1,RFA,750000,Winnipeg Jets,"Axel Jonsson-Fjallby

GP: 49.0

TOI per game: 10.32857142857143

G: 5.0

A: 8.0

Primary PTS: 9.0

iXG: 5.15025103

iFW: 72.0

XG%: 0.5041305366851403"
FLA,Casey Fitzgerald,scratch,D,4.0,R,27.0,11.91604938271605,2.0,0.0,2.0,1.0,0.8442334499999999,24.0,0.3976764400529403,3.34423345,25.409665330000003,-44.02437444,26,NHL,1,RFA,750000,Florida Panthers,"Casey Fitzgerald

GP: 27.0

TOI per game: 11.91604938271605

G: 0.0

A: 3.0

Primary PTS: 2.0

iXG: 0.8442334499999999

iFW: 24.0

XG%: 0.3976764400529403"
BUF,Kale Clague,scratch,D,38.0,L,32.0,14.905729166666667,0.0,0.0,0.0,3.0,1.12219548,32.0,0.4918415912190476,2.62219548,42.78315579,-50.76014739,24,NHL,1,RFA,750000,Buffalo Sabres,"Kale Clague

GP: 32.0

TOI per game: 14.905729166666667

G: 0.0

A: 3.0

Primary PTS: 0.0

iXG: 1.12219548

iFW: 32.0

XG%: 0.4918415912190476"
TOR,Victor Mete,injured reserve,D,98.0,L,11.0,13.072727272727274,0.0,0.0,0.0,2.0,0.34540013,8.0,0.378867577344135,1.34540013,12.7893874,-12.95373721,24,LTIR,1,RFA,750000,Toronto Maple Leafs,"Victor Mete

GP: 11.0

TOI per game: 13.072727272727274

G: 0.0

A: 2.0

Primary PTS: 0.0

iXG: 0.34540013

iFW: 8.0

XG%: 0.378867577344135"
VAN,Guillaume Brisebois,scratch,D,55.0,L,17.0,16.53921568627451,1.0,1.0,0.0,2.0,0.56446093,21.0,0.4931989210061667,2.56446093,22.960152,-30.43814583,25,NHL,3,UFA,750000,Vancouver Canucks,"Guillaume Brisebois

GP: 17.0

TOI per game: 16.53921568627451

G: 1.0

A: 2.0

Primary PTS: 1.0

iXG: 0.56446093

iFW: 21.0

XG%: 0.4931989210061667"
VAN,Christian Wolanin,scratch,D,86.0,L,16.0,15.75625,1.0,0.0,1.0,2.0,0.7518156300000001,23.0,0.4837318720916581,2.7518156300000003,29.70551392,-17.78332198,28,NHL,3,UFA,750000,Vancouver Canucks,"Christian Wolanin

GP: 16.0

TOI per game: 15.75625

G: 0.0

A: 3.0

Primary PTS: 1.0

iXG: 0.7518156300000001

iFW: 23.0

XG%: 0.4837318720916581"
VAN,Noah Juulsen,scratch,D,47.0,R,12.0,14.96527777777778,0.0,0.0,0.0,0.0,0.23284473,11.0,0.5576335230018361,0.23284473,13.25346726,-14.8027201,26,NHL,1,RFA,750000,Vancouver Canucks,"Noah Juulsen

GP: 12.0

TOI per game: 14.96527777777778

G: 0.0

A: 0.0

Primary PTS: 0.0

iXG: 0.23284473

iFW: 11.0

XG%: 0.5576335230018361"
DAL,Joel Hanley,scratch,D,44.0,L,26.0,11.655128205128204,1.0,0.0,1.0,1.0,0.53984174,23.0,0.5925391441717972,2.03984174,25.75689616,-16.757842330000003,31,NHL,1,UFA,750000,Dallas Stars,"Joel Hanley

GP: 26.0

TOI per game: 11.655128205128204

G: 0.0

A: 2.0

Primary PTS: 1.0

iXG: 0.53984174

iFW: 23.0

XG%: 0.5925391441717972"
SJS,Jonah Gadjovich,injured reserve,F,42.0,L,35.0,8.690476190476192,4.0,3.0,1.0,3.0,5.69941071,46.0,0.5024383180259238,11.19941071,28.06876619,-30.89279687,24,IR,1,RFA,750000,San Jose Sharks,"Jonah Gadjovich

GP: 35.0

TOI per game: 8.690476190476192

G: 3.0

A: 4.0

Primary PTS: 4.0

iXG: 5.69941071

iFW: 46.0

XG%: 0.5024383180259238"
ANA,Scott Harrington,scratch,D,17.0,L,45.0,16.15,7.0,4.0,3.0,4.0,1.81954254,58.0,0.4860998116056967,10.81954254,69.71055915,-79.93193869999999,30,NHL,1,UFA,750000,Anaheim Ducks,"Scott Harrington

GP: 45.0

TOI per game: 16.15

G: 4.0

A: 7.0

Primary PTS: 7.0

iXG: 1.81954254

iFW: 58.0

XG%: 0.4860998116056967"
CAR,Derek Stepan,scratch,F,21.0,R,73.0,9.080593607305936,10.0,5.0,5.0,1.0,8.3889272,144.0,0.6447082573296267,18.8889272,57.0485347,-46.42986856,32,NHL,1,UFA,750000,Carolina Hurricanes,"Derek Stepan

GP: 73.0

TOI per game: 9.080593607305936

G: 5.0

A: 6.0

Primary PTS: 10.0

iXG: 8.3889272

iFW: 144.0

XG%: 0.6447082573296267"
MTL,Alex Belzile,scratch,F,60.0,R,31.0,12.133870967741936,9.0,6.0,3.0,5.0,3.03363244,53.0,0.4264801241570249,14.53363244,31.22772507,-48.37959035,31,NHL,1,UFA,750000,Montreal Canadiens,"Alex Belzile

GP: 31.0

TOI per game: 12.133870967741936

G: 6.0

A: 8.0

Primary PTS: 9.0

iXG: 3.03363244

iFW: 53.0

XG%: 0.4264801241570249"
SJS,Jeffrey Viel,scratch,F,63.0,L,4.0,9.170833333333333,0.0,0.0,0.0,0.0,0.593478,5.0,0.4267670766992423,0.593478,3.04178292,-3.74251988,26,Emerg. Loan,1,UFA,750000,San Jose Sharks,"Jeffrey Viel

GP: 4.0

TOI per game: 9.170833333333333

G: 0.0

A: 0.0

Primary PTS: 0.0

iXG: 0.593478

iFW: 5.0

XG%: 0.4267670766992423"
STL,Tyler Pitlick,scratch,F,9.0,R,60.0,10.090555555555556,14.0,7.0,7.0,2.0,5.63854008,79.0,0.4369643871137141,20.63854008,43.05387965,-54.87571376,31,NHL,1,UFA,750000,St. Louis Blues,"Tyler Pitlick

GP: 60.0

TOI per game: 10.090555555555556

G: 7.0

A: 9.0

Primary PTS: 14.0

iXG: 5.63854008

iFW: 79.0

XG%: 0.4369643871137141"
STL,Logan Brown,scratch,F,22.0,L,30.0,10.403333333333334,4.0,2.0,2.0,2.0,1.55131579,24.0,0.3905406261073086,6.55131579,16.95929517,-24.32809761,25,NHL,1,RFA,750000,St. Louis Blues,"Logan Brown

GP: 30.0

TOI per game: 10.403333333333334

G: 2.0

A: 4.0

Primary PTS: 4.0

iXG: 1.55131579

iFW: 24.0

XG%: 0.3905406261073086"
STL,Josh Leivo,scratch,F,17.0,R,51.0,11.891176470588237,13.0,4.0,9.0,3.0,8.62292027,126.0,0.5282721506266669,23.12292027,54.00891404,-49.45003496,29,NHL,1,UFA,750000,St. Louis Blues,"Josh Leivo

GP: 51.0

TOI per game: 11.891176470588237

G: 4.0

A: 12.0

Primary PTS: 13.0

iXG: 8.62292027

iFW: 126.0

XG%: 0.5282721506266669"
NSH,Cole Smith,scratch,F,36.0,L,69.0,12.742512077294686,14.0,4.0,10.0,3.0,10.93068036,97.0,0.4667907976173561,26.43068036,58.83172279,-95.97058938,27,NHL,2,UFA,750000,Nashville Predators,"Cole Smith

GP: 69.0

TOI per game: 12.742512077294686

G: 4.0

A: 13.0

Primary PTS: 14.0

iXG: 10.93068036

iFW: 97.0

XG%: 0.4667907976173561"
ARI,Connor Ingram,scratch,G,39.0,L,,,,,,,,,,,,,26,NHL,1,RFA,733333,Arizona Coyotes,"Connor Ingram

GP: nan

TOI per game: nan

G: nan

A: nan

Primary PTS: nan

iXG: nan

iFW: nan

XG%: nan"
NSH,Alexandre Carrier,scratch,D,45.0,R,43.0,17.888372093023257,6.0,2.0,4.0,3.0,2.93018902,67.0,0.5259797793051547,10.43018902,62.49625508,-74.44728699000001,26,NHL,1,RFA,733333,Nashville Predators,"Alexandre Carrier

GP: 43.0

TOI per game: 17.888372093023257

G: 2.0

A: 7.0

Primary PTS: 6.0

iXG: 2.93018902

iFW: 67.0

XG%: 0.5259797793051547"
MIN,Pavel Novak,injured reserve,F,80,R,,,,,,,,,,,,,20,SOIR,3,RFA,0,Minnesota Wild,"Pavel Novak

GP: nan

TOI per game: nan

G: nan

A: nan

Primary PTS: nan

iXG: nan

iFW: nan

XG%: nan"
