team,player,pos,age,years_remaining,terms,acquired,status,cap%,free_agency_type,2023-24,2024-25,2025-26,2026-27,2027-28,2028-29,player_id,full,yrs_2324,yrs_2425,yrs_2526,yrs_2627,yrs_2728,yrs_2829
ANA,Tristan Luneau,RD,19.0,3,ELC,Draft,NHL,0.011000000000000001,RFA,896667,896667,896667,0,0,0,,Anaheim Ducks,3,2,1,0,-1,-2
ANA,Pavel Mintyukov,LD,19.0,3,ELC,Draft,NHL,0.011000000000000001,RFA,918333,918333,918333,0,0,0,,Anaheim Ducks,3,2,1,0,-1,-2
ANA,Jackson LaCombe,LD/RD,22.0,1,ELC,Draft,NHL,0.011000000000000001,RFA,925000,0,0,0,0,0,8481605.0,Anaheim Ducks,1,0,-1,-2,-3,-4
ANA,Jamie Drysdale,RD,21.0,3,,Draft,NHL,0.027999999999999997,RFA,2300000,2300000,2300000,0,0,0,8482142.0,Anaheim Ducks,3,2,1,0,-1,-2
ANA,Ilya Lyubushkin,RD,29.0,1,,Trade,NHL,0.033,UFA,2750000,0,0,0,0,0,8480950.0,Anaheim Ducks,1,0,-1,-2,-3,-4
ANA,Radko Gudas,RD,33.0,3,NTC,Signed,NHL,0.048,UFA,4000000,4000000,4000000,0,0,0,8475462.0,Anaheim Ducks,3,2,1,0,-1,-2
ANA,Cam Fowler,LD/RD,31.0,3,M-NTC,Draft,NHL,0.078,UFA,6500000,6500000,6500000,0,0,0,8475764.0,Anaheim Ducks,3,2,1,0,-1,-2
ANA,Benoit-Olivier Groulx,C,23.0,1,,Draft,NHL,0.009000000000000001,RFA,775000,0,0,0,0,0,8480870.0,Anaheim Ducks,1,0,-1,-2,-3,-4
ANA,Brett Leason,RW,24.0,1,,Waivers claim,NHL,0.009000000000000001,RFA,775000,0,0,0,0,0,8481517.0,Anaheim Ducks,1,0,-1,-2,-3,-4
ANA,Sam Carrick,"RW, C",31.0,1,,Trade,NHL,0.01,UFA,850000,0,0,0,0,0,8475842.0,Anaheim Ducks,1,0,-1,-2,-3,-4
ANA,Mason McTavish,"C, LW",20.0,2,ELC,Draft,NHL,0.011000000000000001,RFA,894167,894167,0,0,0,0,8482745.0,Anaheim Ducks,2,1,0,-1,-2,-3
ANA,Ross Johnston,LW,29.0,3,,Waivers claim,NHL,0.013000000000000001,UFA,1100000,1100000,1100000,0,0,0,8477527.0,Anaheim Ducks,3,2,1,0,-1,-2
ANA,Max Jones,"LW, RW",25.0,1,,Draft,NHL,0.016,RFA,1295000,0,0,0,0,0,8479368.0,Anaheim Ducks,1,0,-1,-2,-3,-4
ANA,Brock McGinn,"LW, RW",29.0,2,,Trade,NHL,0.033,UFA,2750000,2750000,0,0,0,0,8476934.0,Anaheim Ducks,2,1,0,-1,-2,-3
ANA,Frank Vatrano,"LW, RW",29.0,2,,Signed,NHL,0.044000000000000004,UFA,3650000,3650000,0,0,0,0,8478366.0,Anaheim Ducks,2,1,0,-1,-2,-3
ANA,Ryan Strome,"C, RW",30.0,4,,Signed,NHL,0.06,UFA,5000000,5000000,5000000,5000000,0,0,8476458.0,Anaheim Ducks,4,3,2,1,0,-1
ANA,Jakob Silfverberg,"RW, LW",32.0,1,M-NTC,Trade,NHL,0.063,UFA,5250000,0,0,0,0,0,8475164.0,Anaheim Ducks,1,0,-1,-2,-3,-4
ANA,Trevor Zegras,"C, LW",22.0,3,,Draft,NHL,0.069,RFA,5750000,5750000,5750000,0,0,0,8481533.0,Anaheim Ducks,3,2,1,0,-1,-2
ANA,Adam Henrique,"LW, C",33.0,1,M-NTC,Trade,NHL,0.07,UFA,5825000,0,0,0,0,0,8474641.0,Anaheim Ducks,1,0,-1,-2,-3,-4
ANA,Urho Vaakanainen,LD/RD,24.0,1,,Trade,NHL,0.01,RFA,850000,0,0,0,0,0,8480001.0,Anaheim Ducks,1,0,-1,-2,-3,-4
ANA,John Gibson,G,30.0,4,M-NTC,Draft,NHL,0.077,UFA,6400000,6400000,6400000,6400000,0,0,8476434.0,Anaheim Ducks,4,3,2,1,0,-1
ANA,Lukas Dostal,G,23.0,2,,Draft,NHL,0.01,RFA,812500,812500,0,0,0,0,8480843.0,Anaheim Ducks,2,1,0,-1,-2,-3
ANA,Alex Killorn,"RW, LW",34.0,4,NTC,Signed,IR,0.075,UFA,6250000,6250000,6250000,6250000,0,0,8473986.0,Anaheim Ducks,4,3,2,1,0,-1
ANA,Troy Terry,RW,26.0,7,,Draft,NHL,0.084,UFA,7000000,7000000,7000000,7000000,7000000,7000000,8478873.0,Anaheim Ducks,7,6,5,4,3,2
ANA,Isac Lundestrom,"C, LW",23.0,1,,Draft,IR,0.022000000000000002,RFA,1800000,0,0,0,0,0,8480806.0,Anaheim Ducks,1,0,-1,-2,-3,-4
ARI,Connor Ingram,G,26.0,3,,Waivers claim,NHL,0.023,UFA,1950000,1950000,1950000,0,0,0,8478971.0,Arizona Coyotes,3,2,1,0,-1,-2
ARI,Karel Vejmelka,G,27.0,2,,Signed,NHL,0.033,UFA,2725000,2725000,0,0,0,0,8478872.0,Arizona Coyotes,2,1,0,-1,-2,-3
ARI,Travis Dermott,LD/RD,26.0,1,,Signed,NHL,0.01,UFA,800000,0,0,0,0,0,8478408.0,Arizona Coyotes,1,0,-1,-2,-3,-4
ARI,J.J. Moser,LD/RD,23.0,1,ELC,Draft,NHL,0.011000000000000001,RFA,886667,0,0,0,0,0,8482655.0,Arizona Coyotes,1,0,-1,-2,-3,-4
ARI,Juuso Valimaki,LD,25.0,1,,Waivers claim,NHL,0.012,RFA,1000000,0,0,0,0,0,8479976.0,Arizona Coyotes,1,0,-1,-2,-3,-4
ARI,Troy Stecher,RD,29.0,1,,Signed,NHL,0.013000000000000001,UFA,1100000,0,0,0,0,0,8479442.0,Arizona Coyotes,1,0,-1,-2,-3,-4
ARI,Joshua Brown,RD,29.0,1,,Signed,NHL,0.015,UFA,1275000,0,0,0,0,0,8477384.0,Arizona Coyotes,1,0,-1,-2,-3,-4
ARI,Sean Durzi,LD/RD,24.0,1,,Trade,NHL,0.02,RFA,1700000,0,0,0,0,0,8480434.0,Arizona Coyotes,1,0,-1,-2,-3,-4
ARI,Matt Dumba,RD,29.0,1,,Signed,NHL,0.047,UFA,3900000,0,0,0,0,0,8476856.0,Arizona Coyotes,1,0,-1,-2,-3,-4
ARI,Michael Carcone,"LW, C",27.0,2,,Signed,NHL,0.009000000000000001,UFA,775000,775000,0,0,0,0,8479619.0,Arizona Coyotes,2,1,0,-1,-2,-3
ARI,Liam O'Brien,LW,29.0,1,,Signed,NHL,0.009000000000000001,UFA,775000,0,0,0,0,0,8477070.0,Arizona Coyotes,1,0,-1,-2,-3,-4
ARI,Logan Cooley,C,19.0,3,ELC,Draft,NHL,0.011000000000000001,RFA,950000,950000,950000,0,0,0,,Arizona Coyotes,3,2,1,0,-1,-2
ARI,Jack McBain,"C, LW",23.0,2,,Signed,NHL,0.019,RFA,1599999,1599999,0,0,0,0,8480855.0,Arizona Coyotes,2,1,0,-1,-2,-3
ARI,Travis Boyd,"C, RW",30.0,1,,Signed,NHL,0.021,UFA,1750000,0,0,0,0,0,8476329.0,Arizona Coyotes,1,0,-1,-2,-3,-4
ARI,Barrett Hayton,"C, LW",23.0,1,,Draft,NHL,0.021,RFA,1775000,0,0,0,0,0,8480849.0,Arizona Coyotes,1,0,-1,-2,-3,-4
ARI,Nick Schmaltz,"RW, C",27.0,3,M-NTC,Trade,NHL,0.07,UFA,5850000,5850000,5850000,0,0,0,8477951.0,Arizona Coyotes,3,2,1,0,-1,-2
ARI,Nick Bjugstad,"C, RW",31.0,2,,Signed,NHL,0.025,UFA,2100000,2100000,0,0,0,0,8475760.0,Arizona Coyotes,2,1,0,-1,-2,-3
ARI,Matias Maccelli,LW,22.0,3,,Draft,NHL,0.040999999999999995,RFA,3425000,3425000,3425000,0,0,0,8481711.0,Arizona Coyotes,3,2,1,0,-1,-2
ARI,Alexander Kerfoot,"LW, RW",29.0,2,M-NTC,Signed,NHL,0.042,UFA,3500000,3500000,0,0,0,0,8477021.0,Arizona Coyotes,2,1,0,-1,-2,-3
ARI,Lawson Crouse,"LW, RW",26.0,4,,Trade,NHL,0.051,UFA,4300000,4300000,4300000,4300000,0,0,8478474.0,Arizona Coyotes,4,3,2,1,0,-1
ARI,Jason Zucker,"LW, RW",31.0,1,,Signed,NHL,0.063,UFA,5300000,0,0,0,0,0,8475722.0,Arizona Coyotes,1,0,-1,-2,-3,-4
ARI,Jakub Voracek,"RW, LW",34.0,1,,Trade,IR,0.099,UFA,8250000,0,0,0,0,0,8474161.0,Arizona Coyotes,1,0,-1,-2,-3,-4
ARI,Shea Weber,RD,38.0,3,,Trade,IR,0.094,UFA,7857143,7857143,7857143,0,0,0,8470642.0,Arizona Coyotes,3,2,1,0,-1,-2
ARI,Bryan Little,"C, RW",35.0,1,M-NTC,Trade,IR,0.063,UFA,5291667,0,0,0,0,0,8473412.0,Arizona Coyotes,1,0,-1,-2,-3,-4
ARI,Clayton Keller,"LW, RW",25.0,5,,Draft,NHL,0.086,UFA,7150000,7150000,7150000,7150000,7150000,0,8479343.0,Arizona Coyotes,5,4,3,2,1,0
BOS,Kevin Shattenkirk,RD,34.0,1,,Signed,NHL,0.013000000000000001,UFA,1050000,0,0,0,0,0,8474031.0,Boston Bruins,1,0,-1,-2,-3,-4
BOS,Derek Forbort,LD,31.0,1,M-NTC,Signed,NHL,0.036000000000000004,UFA,3000000,0,0,0,0,0,8475762.0,Boston Bruins,1,0,-1,-2,-3,-4
BOS,Matt Grzelcyk,LD,29.0,1,,Draft,NHL,0.044000000000000004,UFA,3687500,0,0,0,0,0,8476891.0,Boston Bruins,1,0,-1,-2,-3,-4
BOS,Brandon Carlo,RD,26.0,4,M-NTC,Draft,NHL,0.049,UFA,4100000,4100000,4100000,4100000,0,0,8478443.0,Boston Bruins,4,3,2,1,0,-1
BOS,Hampus Lindholm,LD,29.0,7,"NTC, NMC",Trade,NHL,0.078,UFA,6500000,6500000,6500000,6500000,6500000,6500000,8476854.0,Boston Bruins,7,6,5,4,3,2
BOS,Charlie McAvoy,RD,25.0,7,,Draft,NHL,0.114,UFA,9500000,9500000,9500000,9500000,9500000,9500000,8479325.0,Boston Bruins,7,6,5,4,3,2
BOS,Jakub Lauko,"LW, RW",23.0,2,,Draft,NHL,0.009000000000000001,RFA,787500,787500,0,0,0,0,8480880.0,Boston Bruins,2,1,0,-1,-2,-3
BOS,Matthew Poitras,C,19.0,3,ELC,Draft,NHL,0.01,RFA,870000,870000,870000,0,0,0,,Boston Bruins,3,2,1,0,-1,-2
BOS,John Beecher,C,22.0,2,ELC,Draft,NHL,0.011000000000000001,RFA,925000,925000,0,0,0,0,,Boston Bruins,2,1,0,-1,-2,-3
BOS,James van Riemsdyk,"LW, RW",34.0,1,,Signed,NHL,0.012,UFA,1000000,0,0,0,0,0,8474037.0,Boston Bruins,1,0,-1,-2,-3,-4
BOS,Milan Lucic,"LW, RW",35.0,1,35+NMC,Signed,NHL,0.012,UFA,1000000,0,0,0,0,0,8473473.0,Boston Bruins,1,0,-1,-2,-3,-4
BOS,Morgan Geekie,"C, RW",25.0,2,,Signed,NHL,0.024,RFA,2000000,2000000,0,0,0,0,8479987.0,Boston Bruins,2,1,0,-1,-2,-3
BOS,Trent Frederic,"LW, RW",25.0,2,,Draft,NHL,0.027999999999999997,UFA,2300000,2300000,0,0,0,0,8479365.0,Boston Bruins,2,1,0,-1,-2,-3
BOS,Jake DeBrusk,"RW, LW",26.0,1,,Draft,NHL,0.048,UFA,4000000,0,0,0,0,0,8478498.0,Boston Bruins,1,0,-1,-2,-3,-4
BOS,Pavel Zacha,"LW, RW, C",26.0,4,M-NTC,Trade,NHL,0.057,UFA,4750000,4750000,4750000,4750000,0,0,8478401.0,Boston Bruins,4,3,2,1,0,-1
BOS,Charlie Coyle,"C, RW",31.0,3,"M-NTC, NMC",Trade,NHL,0.063,UFA,5250000,5250000,5250000,0,0,0,8475745.0,Boston Bruins,3,2,1,0,-1,-2
BOS,Brad Marchand,LW,35.0,2,M-NTC,Draft,NHL,0.073,UFA,6125000,6125000,0,0,0,0,8473419.0,Boston Bruins,2,1,0,-1,-2,-3
BOS,David Pastrnak,RW,27.0,8,NMC,Draft,NHL,0.135,UFA,11250000,11250000,11250000,11250000,11250000,11250000,8477956.0,Boston Bruins,8,7,6,5,4,3
BOS,Ian Mitchell,RD,24.0,1,,Trade,NHL,0.009000000000000001,RFA,775000,0,0,0,0,0,8480070.0,Boston Bruins,1,0,-1,-2,-3,-4
BOS,Linus Ullmark,G,30.0,2,M-NTC,Signed,NHL,0.06,UFA,5000000,5000000,0,0,0,0,8476999.0,Boston Bruins,2,1,0,-1,-2,-3
BOS,Patrick Brown,"C, RW",31.0,2,,Signed,NHL,0.01,UFA,800000,800000,0,0,0,0,8477887.0,Boston Bruins,2,1,0,-1,-2,-3
BOS,Jeremy Swayman,G,24.0,1,,Draft,NHL,0.042,RFA,3475000,0,0,0,0,0,8480280.0,Boston Bruins,1,0,-1,-2,-3,-4
BUF,Jeff Skinner,"LW, RW",31.0,4,NMC,Trade,NHL,0.10800000000000001,UFA,9000000,9000000,9000000,9000000,0,0,8475784.0,Buffalo Sabres,4,3,2,1,0,-1
BUF,Tage Thompson,C,25.0,7,,Trade,NHL,0.086,UFA,7142857,7142857,7142857,7142857,7142857,7142857,8479420.0,Buffalo Sabres,7,6,5,4,3,2
BUF,Dylan Cozens,"C, LW",22.0,7,,Draft,NHL,0.085,UFA,7100000,7100000,7100000,7100000,7100000,7100000,8481528.0,Buffalo Sabres,7,6,5,4,3,2
BUF,Victor Olofsson,"RW, LW",28.0,1,,Draft,NHL,0.057,UFA,4750000,0,0,0,0,0,8478109.0,Buffalo Sabres,1,0,-1,-2,-3,-4
BUF,Jordan Greenway,"LW, RW",26.0,2,,Trade,NHL,0.036000000000000004,UFA,3000000,3000000,0,0,0,0,8478413.0,Buffalo Sabres,2,1,0,-1,-2,-3
BUF,Casey Mittelstadt,"LW, C",24.0,1,,Draft,NHL,0.03,RFA,2500000,0,0,0,0,0,8479999.0,Buffalo Sabres,1,0,-1,-2,-3,-4
BUF,Zemgus Girgensons,"LW, C",29.0,1,,Draft,NHL,0.03,UFA,2500000,0,0,0,0,0,8476878.0,Buffalo Sabres,1,0,-1,-2,-3,-4
BUF,Kyle Okposo,RW,35.0,1,35+,Signed,NHL,0.03,UFA,2500000,0,0,0,0,0,8473449.0,Buffalo Sabres,1,0,-1,-2,-3,-4
BUF,Tyson Jost,C,25.0,1,,Signed,NHL,0.024,UFA,2000000,0,0,0,0,0,8479370.0,Buffalo Sabres,1,0,-1,-2,-3,-4
BUF,Zach Benson,LW,18.0,3,ELC,Draft,NHL,0.011000000000000001,RFA,950000,950000,950000,0,0,0,,Buffalo Sabres,3,2,1,0,-1,-2
BUF,Peyton Krebs,"C, LW",22.0,1,ELC,Trade,NHL,0.01,RFA,863333,0,0,0,0,0,8481522.0,Buffalo Sabres,1,0,-1,-2,-3,-4
BUF,Alex Tuch,"RW, LW",27.0,3,M-NTC,Trade,NHL,0.057,UFA,4750000,4750000,4750000,0,0,0,8477949.0,Buffalo Sabres,3,2,1,0,-1,-2
BUF,Rasmus Dahlin,LD/RD,23.0,9,,Draft,NHL,0.07200000000000001,UFA,6000000,11000000,11000000,11000000,11000000,11000000,8480839.0,Buffalo Sabres,9,8,7,6,5,4
BUF,John-Jason Peterka,"LW, RW",21.0,2,ELC,Draft,NHL,0.01,RFA,855833,855833,0,0,0,0,8482175.0,Buffalo Sabres,2,1,0,-1,-2,-3
BUF,Jack Quinn,"RW, LW",22.0,2,ELC,Draft,IR,0.01,RFA,863333,863333,0,0,0,0,8482097.0,Buffalo Sabres,2,1,0,-1,-2,-3
BUF,Ukko-Pekka Luukkonen,G,24.0,1,,Draft,NHL,0.01,RFA,837500,0,0,0,0,0,8480045.0,Buffalo Sabres,1,0,-1,-2,-3,-4
BUF,Eric Comrie,G,28.0,1,,Signed,NHL,0.022000000000000002,UFA,1800000,0,0,0,0,0,8477480.0,Buffalo Sabres,1,0,-1,-2,-3,-4
BUF,Owen Power,LD/RD,20.0,1,ELC,Draft,NHL,0.011000000000000001,10.2(c),916667,0,0,0,0,0,8482671.0,Buffalo Sabres,1,0,-1,-2,-3,-4
BUF,Devon Levi,G,21.0,2,ELC,Trade,NHL,0.011000000000000001,10.2(c),925000,925000,0,0,0,0,8482221.0,Buffalo Sabres,2,1,0,-1,-2,-3
BUF,Jacob Bryson,LD/RD,25.0,1,,Draft,NHL,0.022000000000000002,RFA,1850000,0,0,0,0,0,8480196.0,Buffalo Sabres,1,0,-1,-2,-3,-4
BUF,Henri Jokiharju,RD,24.0,1,,Trade,NHL,0.03,RFA,2500000,0,0,0,0,0,8480035.0,Buffalo Sabres,1,0,-1,-2,-3,-4
BUF,Erik Johnson,RD,35.0,1,35+,Signed,NHL,0.039,UFA,3250000,0,0,0,0,0,8473446.0,Buffalo Sabres,1,0,-1,-2,-3,-4
BUF,Connor Clifton,RD,28.0,3,,Signed,NHL,0.04,UFA,3333333,3333333,3333333,0,0,0,8477365.0,Buffalo Sabres,3,2,1,0,-1,-2
BUF,Mattias Samuelsson,LD,23.0,7,,Draft,NHL,0.051,UFA,4285714,4285714,4285714,4285714,4285714,4285714,8480807.0,Buffalo Sabres,7,6,5,4,3,2
CAR,Anthony Deangelo,RD,27.0,1,,Signed,NHL,0.02,UFA,1675000,0,0,0,0,0,8477950.0,Carolina Hurricanes,1,0,-1,-2,-3,-4
CAR,Brett Pesce,RD,28.0,1,M-NTC,Draft,NHL,0.048,UFA,4025000,0,0,0,0,0,8477488.0,Carolina Hurricanes,1,0,-1,-2,-3,-4
CAR,Brady Skjei,LD,29.0,1,M-NTC,Trade,NHL,0.063,UFA,5250000,0,0,0,0,0,8476869.0,Carolina Hurricanes,1,0,-1,-2,-3,-4
CAR,Brent Burns,RD,38.0,2,RSM-NTC,Trade,NHL,0.063,UFA,5280000,5280000,0,0,0,0,8470613.0,Carolina Hurricanes,2,1,0,-1,-2,-3
CAR,Sebastian Aho,C,26.0,9,,Signed,NHL,0.10099999999999999,UFA,8460250,9750000,9750000,9750000,9750000,9750000,8478427.0,Carolina Hurricanes,9,8,7,6,5,4
CAR,Teuvo Teravainen,"LW, RW",29.0,1,M-NTC,Trade,NHL,0.065,UFA,5400000,0,0,0,0,0,8476882.0,Carolina Hurricanes,1,0,-1,-2,-3,-4
CAR,Jalen Chatfield,RD,27.0,1,,Signed,NHL,0.009000000000000001,UFA,762500,0,0,0,0,0,8478970.0,Carolina Hurricanes,1,0,-1,-2,-3,-4
CAR,Jesperi Kotkaniemi,C,23.0,7,,Signed,NHL,0.057999999999999996,UFA,4820000,4820000,4820000,4820000,4820000,4820000,8480829.0,Carolina Hurricanes,7,6,5,4,3,2
CAR,Jack Drury,C,23.0,1,ELC,Draft,NHL,0.011000000000000001,RFA,925000,0,0,0,0,0,8480835.0,Carolina Hurricanes,1,0,-1,-2,-3,-4
CAR,Martin Necas,"RW, C",24.0,1,,Draft,NHL,0.036000000000000004,RFA,3000000,0,0,0,0,0,8480039.0,Carolina Hurricanes,1,0,-1,-2,-3,-4
CAR,Jordan Staal,"C, LW",35.0,4,NMC,Trade,NHL,0.035,UFA,2900000,2900000,2900000,2900000,0,0,8473533.0,Carolina Hurricanes,4,3,2,1,0,-1
CAR,Jesper Fast,RW,31.0,2,NTC,Signed,NHL,0.028999999999999998,UFA,2400000,2400000,0,0,0,0,8475855.0,Carolina Hurricanes,2,1,0,-1,-2,-3
CAR,Jordan Martinook,"LW, RW",31.0,1,,Signed,NHL,0.022000000000000002,UFA,1800000,0,0,0,0,0,8476921.0,Carolina Hurricanes,1,0,-1,-2,-3,-4
CAR,Seth Jarvis,RW,21.0,1,ELC,Draft,NHL,0.011000000000000001,RFA,894167,0,0,0,0,0,8482093.0,Carolina Hurricanes,1,0,-1,-2,-3,-4
CAR,Brendan Lemieux,"LW, RW",27.0,1,,Signed,NHL,0.01,UFA,800000,0,0,0,0,0,8477962.0,Carolina Hurricanes,1,0,-1,-2,-3,-4
CAR,Frederik Andersen,G,34.0,2,M-NTC,Signed,NHL,0.040999999999999995,UFA,3400000,3400000,0,0,0,0,8475883.0,Carolina Hurricanes,2,1,0,-1,-2,-3
CAR,Stefan Noesen,"LW, RW",30.0,1,,Signed,NHL,0.009000000000000001,UFA,762500,0,0,0,0,0,8476474.0,Carolina Hurricanes,1,0,-1,-2,-3,-4
CAR,Michael Bunting,LW,28.0,3,M-NTC,Signed,NHL,0.054000000000000006,UFA,4500000,4500000,4500000,0,0,0,8478047.0,Carolina Hurricanes,3,2,1,0,-1,-2
CAR,Antti Raanta,G,34.0,1,,Signed,NHL,0.018000000000000002,UFA,1500000,0,0,0,0,0,8477293.0,Carolina Hurricanes,1,0,-1,-2,-3,-4
CAR,Andrei Svechnikov,"LW, RW",23.0,6,,Draft,IR,0.09300000000000001,UFA,7750000,7750000,7750000,7750000,7750000,7750000,8480830.0,Carolina Hurricanes,6,5,4,3,2,1
CAR,Dmitry Orlov,LD,32.0,2,,Signed,NHL,0.09300000000000001,UFA,7750000,7750000,0,0,0,0,8475200.0,Carolina Hurricanes,2,1,0,-1,-2,-3
CAR,Jaccob Slavin,LD,29.0,2,M-NTC,Draft,NHL,0.063,UFA,5300000,5300000,0,0,0,0,8476958.0,Carolina Hurricanes,2,1,0,-1,-2,-3
CBJ,Kent Johnson,"LW, C",20.0,1,ELC,Draft,NHL,0.011000000000000001,10.2(c),925000,0,0,0,0,0,8482660.0,Columbus Blue Jackets,1,0,-1,-2,-3,-4
CBJ,Kirill Marchenko,RW,23.0,1,ELC,Draft,NHL,0.011000000000000001,RFA,925000,0,0,0,0,0,8480893.0,Columbus Blue Jackets,1,0,-1,-2,-3,-4
CBJ,Johnny Gaudreau,LW,30.0,6,NMC,Signed,NHL,0.11699999999999999,UFA,9750000,9750000,9750000,9750000,9750000,9750000,8476346.0,Columbus Blue Jackets,6,5,4,3,2,1
CBJ,Patrik Laine,"RW, LW",25.0,3,M-NTC,Trade,NHL,0.10400000000000001,UFA,8700000,8700000,8700000,0,0,0,8479339.0,Columbus Blue Jackets,3,2,1,0,-1,-2
CBJ,Boone Jenner,"C, LW",30.0,3,M-NTC,Draft,NHL,0.045,UFA,3750000,3750000,3750000,0,0,0,8476432.0,Columbus Blue Jackets,3,2,1,0,-1,-2
CBJ,Sean Kuraly,"C, LW",30.0,2,M-NTC,Signed,NHL,0.03,UFA,2500000,2500000,0,0,0,0,8476374.0,Columbus Blue Jackets,2,1,0,-1,-2,-3
CBJ,Eric Robinson,LW,28.0,1,,Signed,NHL,0.019,UFA,1600000,0,0,0,0,0,8480762.0,Columbus Blue Jackets,1,0,-1,-2,-3,-4
CBJ,Alexandre Texier,"LW, C, RW",24.0,1,,Draft,NHL,0.018000000000000002,RFA,1525000,0,0,0,0,0,8480074.0,Columbus Blue Jackets,1,0,-1,-2,-3,-4
CBJ,Justin Danforth,"RW, C",30.0,2,,Signed,NHL,0.012,UFA,975000,1100000,0,0,0,0,8479941.0,Columbus Blue Jackets,2,1,0,-1,-2,-3
CBJ,Adam Fantilli,C,18.0,3,ELC,Draft,NHL,0.011000000000000001,RFA,950000,950000,950000,0,0,0,,Columbus Blue Jackets,3,2,1,0,-1,-2
CBJ,Jack Roslovic,"C, RW",26.0,1,,Trade,NHL,0.048,UFA,4000000,0,0,0,0,0,8478458.0,Columbus Blue Jackets,1,0,-1,-2,-3,-4
CBJ,Cole Sillinger,C,20.0,1,ELC,Draft,NHL,0.011000000000000001,RFA,925000,0,0,0,0,0,8482705.0,Columbus Blue Jackets,1,0,-1,-2,-3,-4
CBJ,Liam Foudy,"LW, C",23.0,1,,Draft,NHL,0.009000000000000001,RFA,762500,0,0,0,0,0,8480853.0,Columbus Blue Jackets,1,0,-1,-2,-3,-4
CBJ,Zachary Werenski,LD,26.0,5,NMC,Draft,NHL,0.115,UFA,9583333,9583333,9583333,9583333,9583333,0,8478460.0,Columbus Blue Jackets,5,4,3,2,1,0
CBJ,Damon Severson,RD,29.0,8,NTC,Trade,NHL,0.075,UFA,6250000,6250000,6250000,6250000,6250000,6250000,8476923.0,Columbus Blue Jackets,8,7,6,5,4,3
CBJ,Ivan Provorov,LD,26.0,2,RS,Trade,NHL,0.057,UFA,4725000,4725000,0,0,0,0,8478500.0,Columbus Blue Jackets,2,1,0,-1,-2,-3
CBJ,Erik Gudbranson,RD,31.0,3,M-NTC,Signed,NHL,0.048,UFA,4000000,4000000,4000000,0,0,0,8475790.0,Columbus Blue Jackets,3,2,1,0,-1,-2
CBJ,Andrew Peeke,RD,25.0,3,,Draft,NHL,0.033,UFA,2750000,2750000,2750000,0,0,0,8479369.0,Columbus Blue Jackets,3,2,1,0,-1,-2
CBJ,Adam Boqvist,RD,23.0,2,,Trade,NHL,0.031,RFA,2600000,2600000,0,0,0,0,8480871.0,Columbus Blue Jackets,2,1,0,-1,-2,-3
CBJ,Jake Bean,LD/RD,25.0,1,,Trade,NHL,0.027999999999999997,RFA,2333333,0,0,0,0,0,8479402.0,Columbus Blue Jackets,1,0,-1,-2,-3,-4
CBJ,Tim Berni,LD,23.0,0,,Draft,NHL,,RFA,0,0,0,0,0,0,8481072.0,Columbus Blue Jackets,0,-1,-2,-3,-4,-5
CBJ,Emil Bemstrom,"RW, LW",24.0,1,,Draft,NHL,0.011000000000000001,RFA,900000,0,0,0,0,0,8480205.0,Columbus Blue Jackets,1,0,-1,-2,-3,-4
CBJ,Spencer Martin,G,28.0,1,,Waivers claim,NHL,0.009000000000000001,UFA,762500,0,0,0,0,0,8477484.0,Columbus Blue Jackets,1,0,-1,-2,-3,-4
CBJ,Elvis Merzlikins,G,29.0,4,M-NTC,Draft,NHL,0.065,UFA,5400000,5400000,5400000,5400000,0,0,8478007.0,Columbus Blue Jackets,4,3,2,1,0,-1
CBJ,Yegor Chinakhov,"RW, LW",22.0,1,,Draft,IR,0.01,RFA,800000,0,0,0,0,0,8482475.0,Columbus Blue Jackets,1,0,-1,-2,-3,-4
CBJ,Daniil Tarasov,G,24.0,2,,Draft,IR,0.013000000000000001,RFA,1050000,1050000,0,0,0,0,8480193.0,Columbus Blue Jackets,2,1,0,-1,-2,-3
CBJ,Mathieu Olivier,RW,26.0,2,,Trade,IR,0.013000000000000001,UFA,1100000,1100000,0,0,0,0,8479671.0,Columbus Blue Jackets,2,1,0,-1,-2,-3
CGY,Kevin Rooney,C,30.0,1,,Signed,IR,0.016,UFA,1300000,0,0,0,0,0,8479291.0,Calgary Flames,1,0,-1,-2,-3,-4
CGY,Jonathan Huberdeau,"LW, RW",30.0,8,NMC,Trade,NHL,0.126,UFA,10500000,10500000,10500000,10500000,10500000,10500000,8476456.0,Calgary Flames,8,7,6,5,4,3
CGY,Nazem Kadri,C,33.0,6,NMC,Signed,NHL,0.084,UFA,7000000,7000000,7000000,7000000,7000000,7000000,8475172.0,Calgary Flames,6,5,4,3,2,1
CGY,Andrew Mangiapane,"RW, LW",27.0,2,M-NTC,Draft,NHL,0.069,UFA,5800000,5800000,0,0,0,0,8478233.0,Calgary Flames,2,1,0,-1,-2,-3
CGY,Mikael Backlund,C,34.0,3,NMC,Draft,NHL,0.064,UFA,5350000,4500000,4500000,0,0,0,8474150.0,Calgary Flames,3,2,1,0,-1,-2
CGY,Blake Coleman,"RW, LW",31.0,4,NTC,Signed,NHL,0.059000000000000004,UFA,4900000,4900000,4900000,4900000,0,0,8476399.0,Calgary Flames,4,3,2,1,0,-1
CGY,Elias Lindholm,C,28.0,1,,Trade,NHL,0.057999999999999996,UFA,4850000,0,0,0,0,0,8477496.0,Calgary Flames,1,0,-1,-2,-3,-4
CGY,Yegor Sharangovich,"LW, RW, C",25.0,2,,Trade,NHL,0.037000000000000005,UFA,3100000,3100000,0,0,0,0,8481068.0,Calgary Flames,2,1,0,-1,-2,-3
CGY,Matthew Coronato,RW,20.0,2,ELC,Draft,NHL,0.011000000000000001,10.2(c),925000,925000,0,0,0,0,8482679.0,Calgary Flames,2,1,0,-1,-2,-3
CGY,Walker Duehr,RW,25.0,2,,Signed,NHL,0.01,UFA,825000,825000,0,0,0,0,8482652.0,Calgary Flames,2,1,0,-1,-2,-3
CGY,Dryden Hunt,"LW, RW",27.0,2,,Signed,NHL,0.009000000000000001,UFA,775000,775000,0,0,0,0,8478211.0,Calgary Flames,2,1,0,-1,-2,-3
CGY,Dillon Dube,"C, LW, RW",25.0,1,,Draft,NHL,0.027999999999999997,RFA,2300000,0,0,0,0,0,8479346.0,Calgary Flames,1,0,-1,-2,-3,-4
CGY,Adam Ruzicka,LW,24.0,1,,Draft,NHL,0.009000000000000001,RFA,762500,0,0,0,0,0,8480008.0,Calgary Flames,1,0,-1,-2,-3,-4
CGY,Daniel Vladar,G,26.0,2,,Trade,NHL,0.026000000000000002,UFA,2200000,2200000,0,0,0,0,8478435.0,Calgary Flames,2,1,0,-1,-2,-3
CGY,AJ Greer,"RW, LW",26.0,1,,Waivers claim,NHL,0.009000000000000001,UFA,762500,0,0,0,0,0,8478421.0,Calgary Flames,1,0,-1,-2,-3,-4
CGY,Dennis Gilbert,LD,26.0,1,,Signed,NHL,0.009000000000000001,UFA,762500,0,0,0,0,0,8478502.0,Calgary Flames,1,0,-1,-2,-3,-4
CGY,Jordan Oesterle,LD/RD,31.0,1,,Signed,NHL,0.011000000000000001,UFA,925000,0,0,0,0,0,8477851.0,Calgary Flames,1,0,-1,-2,-3,-4
CGY,Nikita Zadorov,LD/RD,28.0,1,,Signed,NHL,0.045,UFA,3750000,0,0,0,0,0,8477507.0,Calgary Flames,1,0,-1,-2,-3,-4
CGY,Christopher Tanev,RD,33.0,1,M-NTC,Signed,NHL,0.054000000000000006,UFA,4500000,0,0,0,0,0,8475690.0,Calgary Flames,1,0,-1,-2,-3,-4
CGY,Rasmus Andersson,RD,26.0,3,,Draft,NHL,0.054000000000000006,UFA,4550000,4550000,4550000,0,0,0,8478397.0,Calgary Flames,3,2,1,0,-1,-2
CGY,Jacob Markstrom,G,33.0,3,NMC,Signed,NHL,0.07200000000000001,UFA,6000000,6000000,6000000,0,0,0,8474593.0,Calgary Flames,3,2,1,0,-1,-2
CGY,MacKenzie Weegar,LD/RD,29.0,8,NTC,Trade,NHL,0.075,UFA,6250000,6250000,6250000,6250000,6250000,6250000,8477346.0,Calgary Flames,8,7,6,5,4,3
CGY,Noah Hanifin,LD,26.0,1,M-NTC,Trade,NHL,0.059000000000000004,UFA,4950000,0,0,0,0,0,8478396.0,Calgary Flames,1,0,-1,-2,-3,-4
CHI,Arvid Soderblom,G,24.0,2,,Signed,NHL,0.012,RFA,962500,962500,0,0,0,0,8482821.0,Chicago Blackhawks,2,1,0,-1,-2,-3
CHI,Philipp Kurashev,"LW, C, RW",23.0,2,,Draft,IR,0.027000000000000003,RFA,2250000,2250000,0,0,0,0,8480798.0,Chicago Blackhawks,2,1,0,-1,-2,-3
CHI,Colin Blackwell,"C, RW",30.0,1,,Signed,IR,0.013999999999999999,UFA,1200000,0,0,0,0,0,8476278.0,Chicago Blackhawks,1,0,-1,-2,-3,-4
CHI,Petr Mrazek,G,31.0,1,M-NTC,Trade,NHL,0.046,UFA,3800000,0,0,0,0,0,8475852.0,Chicago Blackhawks,1,0,-1,-2,-3,-4
CHI,Lukas Reichel,"LW, C",21.0,1,ELC,Draft,NHL,0.011000000000000001,RFA,925000,0,0,0,0,0,8482117.0,Chicago Blackhawks,1,0,-1,-2,-3,-4
CHI,Wyatt Kaiser,LD,21.0,2,ELC,Draft,NHL,0.011000000000000001,RFA,916667,916667,0,0,0,0,8482176.0,Chicago Blackhawks,2,1,0,-1,-2,-3
CHI,Jason Dickinson,"C, LW",28.0,1,,Trade,NHL,0.032,UFA,2650000,0,0,0,0,0,8477450.0,Chicago Blackhawks,1,0,-1,-2,-3,-4
CHI,Corey Perry,RW,38.0,1,35+,Trade,NHL,0.048,UFA,4000000,0,0,0,0,0,8470621.0,Chicago Blackhawks,1,0,-1,-2,-3,-4
CHI,Nick Foligno,"LW, C, RW",35.0,1,35+,Trade,NHL,0.048,UFA,4000000,0,0,0,0,0,8473422.0,Chicago Blackhawks,1,0,-1,-2,-3,-4
CHI,Andreas Athanasiou,"LW, RW",29.0,2,,Signed,NHL,0.051,UFA,4250000,4250000,0,0,0,0,8476960.0,Chicago Blackhawks,2,1,0,-1,-2,-3
CHI,Tyler Johnson,"RW, C, LW",33.0,1,M-NTC,Trade,NHL,0.06,UFA,5000000,0,0,0,0,0,8474870.0,Chicago Blackhawks,1,0,-1,-2,-3,-4
CHI,Taylor Hall,LW,31.0,2,"M-NTC, NMC",Trade,NHL,0.07200000000000001,UFA,6000000,6000000,0,0,0,0,8475791.0,Chicago Blackhawks,2,1,0,-1,-2,-3
CHI,Ryan Donato,"LW, C",27.0,2,,Signed,NHL,0.024,UFA,2000000,2000000,0,0,0,0,8477987.0,Chicago Blackhawks,2,1,0,-1,-2,-3
CHI,Connor Bedard,C,18.0,3,ELC,Draft,NHL,0.011000000000000001,RFA,950000,950000,950000,0,0,0,,Chicago Blackhawks,3,2,1,0,-1,-2
CHI,Cole Guttman,C,24.0,1,ELC,Signed,NHL,0.011000000000000001,RFA,950000,0,0,0,0,0,8480252.0,Chicago Blackhawks,1,0,-1,-2,-3,-4
CHI,Mackenzie Entwistle,"LW, C",24.0,1,,Trade,NHL,0.01,RFA,800000,0,0,0,0,0,8480025.0,Chicago Blackhawks,1,0,-1,-2,-3,-4
CHI,Reese Johnson,"RW, C",25.0,1,,Signed,NHL,0.01,RFA,800000,0,0,0,0,0,8481147.0,Chicago Blackhawks,1,0,-1,-2,-3,-4
CHI,Boris Katchouk,LW,25.0,1,,Trade,NHL,0.009000000000000001,RFA,758333,0,0,0,0,0,8479383.0,Chicago Blackhawks,1,0,-1,-2,-3,-4
CHI,Taylor Raddysh,RW,25.0,1,,Trade,NHL,0.009000000000000001,RFA,758333,0,0,0,0,0,8479390.0,Chicago Blackhawks,1,0,-1,-2,-3,-4
CHI,Seth Jones,RD,29.0,7,NMC,Trade,NHL,0.114,UFA,9500000,9500000,9500000,9500000,9500000,9500000,8477495.0,Chicago Blackhawks,7,6,5,4,3,2
CHI,Nikita Zaitsev,RD,31.0,1,M-NTC,Trade,NHL,0.054000000000000006,UFA,4500000,0,0,0,0,0,8479458.0,Chicago Blackhawks,1,0,-1,-2,-3,-4
CHI,Connor Murphy,RD,30.0,3,M-NTC,Trade,NHL,0.053,UFA,4400000,4400000,4400000,0,0,0,8476473.0,Chicago Blackhawks,3,2,1,0,-1,-2
CHI,Jarred Tinordi,LD,31.0,1,,Waivers claim,NHL,0.015,UFA,1250000,0,0,0,0,0,8475797.0,Chicago Blackhawks,1,0,-1,-2,-3,-4
CHI,Kevin Korchinski,LD,19.0,3,ELC,Draft,NHL,0.011000000000000001,RFA,918333,918333,918333,0,0,0,,Chicago Blackhawks,3,2,1,0,-1,-2
CHI,Alex Vlasic,LD,22.0,1,ELC,Draft,NHL,0.011000000000000001,RFA,916667,0,0,0,0,0,8481568.0,Chicago Blackhawks,1,0,-1,-2,-3,-4
COL,Nathan MacKinnon,C,28.0,8,NMC,Draft,NHL,0.151,UFA,12600000,12600000,12600000,12600000,12600000,12600000,8477492.0,Colorado Avalanche,8,7,6,5,4,3
COL,Alexandar Georgiev,G,27.0,2,,Trade,NHL,0.040999999999999995,UFA,3400000,3400000,0,0,0,0,8480382.0,Colorado Avalanche,2,1,0,-1,-2,-3
COL,Justus Annunen,G,23.0,1,,Draft,NHL,0.009000000000000001,RFA,775000,0,0,0,0,0,8481020.0,Colorado Avalanche,1,0,-1,-2,-3,-4
COL,Ivan Prosvetov,G,24.0,1,,Waivers claim,NHL,0.009000000000000001,RFA,775000,0,0,0,0,0,8481031.0,Colorado Avalanche,1,0,-1,-2,-3,-4
COL,Jack Johnson,LD,36.0,1,35+,Signed,NHL,0.009000000000000001,UFA,775000,0,0,0,0,0,8471677.0,Colorado Avalanche,1,0,-1,-2,-3,-4
COL,Kurtis MacDermid,"LD/RD, LW",29.0,1,,Trade,NHL,0.012,UFA,987500,0,0,0,0,0,8477073.0,Colorado Avalanche,1,0,-1,-2,-3,-4
COL,Bowen Byram,LD/RD,22.0,2,,Draft,NHL,0.046,RFA,3850000,3850000,0,0,0,0,8481524.0,Colorado Avalanche,2,1,0,-1,-2,-3
COL,Devon Toews,LD,29.0,1,,Trade,NHL,0.049,UFA,4100000,0,0,0,0,0,8478038.0,Colorado Avalanche,1,0,-1,-2,-3,-4
COL,Josh Manson,RD,32.0,3,NTC,Signed,NHL,0.054000000000000006,UFA,4500000,4500000,4500000,0,0,0,8476312.0,Colorado Avalanche,3,2,1,0,-1,-2
COL,Samuel Girard,LD/RD,25.0,4,,Trade,NHL,0.06,UFA,5000000,5000000,5000000,5000000,0,0,8479398.0,Colorado Avalanche,4,3,2,1,0,-1
COL,Cale Makar,RD,24.0,4,,Draft,NHL,0.10800000000000001,UFA,9000000,9000000,9000000,9000000,0,0,8480069.0,Colorado Avalanche,4,3,2,1,0,-1
COL,Fredrik Olofsson,LW,27.0,1,,Trade,NHL,0.009000000000000001,UFA,775000,0,0,0,0,0,8478028.0,Colorado Avalanche,1,0,-1,-2,-3,-4
COL,Jonathan Drouin,"C, LW",28.0,1,,Signed,NHL,0.01,UFA,825000,0,0,0,0,0,8477494.0,Colorado Avalanche,1,0,-1,-2,-3,-4
COL,Andrew Cogliano,LW,36.0,1,35+,Signed,NHL,0.01,UFA,825000,0,0,0,0,0,8471699.0,Colorado Avalanche,1,0,-1,-2,-3,-4
COL,Riley Tufte,LW,25.0,1,,Signed,NHL,0.009000000000000001,RFA,775000,0,0,0,0,0,8479362.0,Colorado Avalanche,1,0,-1,-2,-3,-4
COL,Tomas Tatar,"LW, RW",32.0,1,,Signed,NHL,0.018000000000000002,UFA,1500000,0,0,0,0,0,8475193.0,Colorado Avalanche,1,0,-1,-2,-3,-4
COL,Logan O'Connor,"RW, LW",27.0,2,,Signed,NHL,0.013000000000000001,UFA,1050000,1050000,0,0,0,0,8481186.0,Colorado Avalanche,2,1,0,-1,-2,-3
COL,Mikko Rantanen,"RW, C",26.0,2,M-NTC,Draft,NHL,0.111,UFA,9250000,9250000,0,0,0,0,8478420.0,Colorado Avalanche,2,1,0,-1,-2,-3
COL,Valeri Nichushkin,"RW, LW",28.0,7,NMC,Signed,NHL,0.073,UFA,6125000,6125000,6125000,6125000,6125000,6125000,8477501.0,Colorado Avalanche,7,6,5,4,3,2
COL,Artturi Lehkonen,"LW, RW",28.0,4,NTC,Trade,NHL,0.054000000000000006,UFA,4500000,4500000,4500000,4500000,0,0,8477476.0,Colorado Avalanche,4,3,2,1,0,-1
COL,Ross Colton,"LW, C",27.0,4,,Trade,NHL,0.048,UFA,4000000,4000000,4000000,4000000,0,0,8479525.0,Colorado Avalanche,4,3,2,1,0,-1
COL,Miles Wood,LW,28.0,6,,Signed,NHL,0.03,UFA,2500000,2500000,2500000,2500000,2500000,2500000,8477425.0,Colorado Avalanche,6,5,4,3,2,1
COL,Ryan Johansen,"C, RW",31.0,2,RS,Trade,NHL,0.048,UFA,4000000,4000000,0,0,0,0,8475793.0,Colorado Avalanche,2,1,0,-1,-2,-3
DAL,Ty Dellandrea,"RW, C",23.0,1,,Draft,NHL,0.011000000000000001,RFA,900000,0,0,0,0,0,8480848.0,Dallas Stars,1,0,-1,-2,-3,-4
DAL,Roope Hintz,C,26.0,8,,Draft,NHL,0.10099999999999999,UFA,8450000,8450000,8450000,8450000,8450000,8450000,8478449.0,Dallas Stars,8,7,6,5,4,3
DAL,Tyler Seguin,"C, RW",31.0,4,NMC,Trade,NHL,0.11800000000000001,UFA,9850000,9850000,9850000,9850000,0,0,8475794.0,Dallas Stars,4,3,2,1,0,-1
DAL,Jason Robertson,"LW, RW",24.0,3,,Draft,NHL,0.09300000000000001,RFA,7750000,7750000,7750000,0,0,0,8480027.0,Dallas Stars,3,2,1,0,-1,-2
DAL,Mason Marchment,"LW, RW",28.0,3,M-NTC,Signed,NHL,0.054000000000000006,UFA,4500000,4500000,4500000,0,0,0,8478975.0,Dallas Stars,3,2,1,0,-1,-2
DAL,Joe Pavelski,RW,39.0,1,35+NMC,Signed,NHL,0.042,UFA,3500000,0,0,0,0,0,8470794.0,Dallas Stars,1,0,-1,-2,-3,-4
DAL,Radek Faksa,"C, LW",29.0,2,M-NTC,Draft,NHL,0.039,UFA,3250000,3250000,0,0,0,0,8476889.0,Dallas Stars,2,1,0,-1,-2,-3
DAL,Matt Duchene,"RW, C",32.0,1,,Signed,NHL,0.036000000000000004,UFA,3000000,0,0,0,0,0,8475168.0,Dallas Stars,1,0,-1,-2,-3,-4
DAL,Evgeni Dadonov,"RW, LW",34.0,2,M-NTC,Trade,NHL,0.027000000000000003,UFA,2250000,2250000,0,0,0,0,8474149.0,Dallas Stars,2,1,0,-1,-2,-3
DAL,Craig Smith,"RW, C",34.0,1,,Signed,NHL,0.012,UFA,1000000,0,0,0,0,0,8475225.0,Dallas Stars,1,0,-1,-2,-3,-4
DAL,Jamie Benn,"LW, C",34.0,2,NMC,Draft,NHL,0.114,UFA,9500000,9500000,0,0,0,0,8473994.0,Dallas Stars,2,1,0,-1,-2,-3
DAL,Wyatt Johnston,C,20.0,2,ELC,Draft,NHL,0.011000000000000001,RFA,894167,894167,0,0,0,0,8482740.0,Dallas Stars,2,1,0,-1,-2,-3
DAL,Miro Heiskanen,LD/RD,24.0,6,,Draft,NHL,0.10099999999999999,UFA,8450000,8450000,8450000,8450000,8450000,8450000,8480036.0,Dallas Stars,6,5,4,3,2,1
DAL,Scott Wedgewood,G,31.0,1,,Trade,NHL,0.012,UFA,1000000,0,0,0,0,0,8475809.0,Dallas Stars,1,0,-1,-2,-3,-4
DAL,Jake Oettinger,G,24.0,2,,Draft,NHL,0.048,RFA,4000000,4000000,0,0,0,0,8479979.0,Dallas Stars,2,1,0,-1,-2,-3
DAL,Joel Hanley,LD/RD,32.0,2,,Signed,NHL,0.009000000000000001,UFA,787500,787500,0,0,0,0,8477810.0,Dallas Stars,2,1,0,-1,-2,-3
DAL,Thomas Harley,LD,22.0,1,ELC,Draft,NHL,0.01,RFA,863333,0,0,0,0,0,8481581.0,Dallas Stars,1,0,-1,-2,-3,-4
DAL,Nils Lundkvist,RD,23.0,1,ELC,Trade,NHL,0.011000000000000001,RFA,925000,0,0,0,0,0,8480878.0,Dallas Stars,1,0,-1,-2,-3,-4
DAL,Jani Hakanpaa,RD,31.0,1,,Signed,NHL,0.018000000000000002,UFA,1500000,0,0,0,0,0,8475825.0,Dallas Stars,1,0,-1,-2,-3,-4
DAL,Ryan Suter,LD,38.0,2,35+NMC,Signed,NHL,0.044000000000000004,UFA,3650000,3650000,0,0,0,0,8470600.0,Dallas Stars,2,1,0,-1,-2,-3
DAL,Esa Lindell,LD,29.0,2,NMC,Draft,NHL,0.069,UFA,5800000,5800000,0,0,0,0,8476902.0,Dallas Stars,2,1,0,-1,-2,-3
DAL,Sam Steel,"C, LW",25.0,1,,Signed,NHL,0.01,RFA,850000,0,0,0,0,0,8479351.0,Dallas Stars,1,0,-1,-2,-3,-4
DET,Matt Luff,RW,26.0,1,,Signed,IR,0.009000000000000001,UFA,775000,0,0,0,0,0,8479644.0,Detroit Red Wings,1,0,-1,-2,-3,-4
DET,Ville Husso,G,28.0,2,M-NTC,Trade,NHL,0.057,UFA,4750000,4750000,0,0,0,0,8478024.0,Detroit Red Wings,2,1,0,-1,-2,-3
DET,Alex Lyon,G,30.0,2,,Signed,NHL,0.011000000000000001,UFA,900000,900000,0,0,0,0,8479312.0,Detroit Red Wings,2,1,0,-1,-2,-3
DET,James Reimer,G,35.0,1,35+M-NTC,Signed,NHL,0.018000000000000002,UFA,1500000,0,0,0,0,0,8473503.0,Detroit Red Wings,1,0,-1,-2,-3,-4
DET,Moritz Seider,RD,22.0,1,ELC,Draft,NHL,0.01,RFA,863333,0,0,0,0,0,8481542.0,Detroit Red Wings,1,0,-1,-2,-3,-4
DET,Jeff Petry,RD,35.0,2,"RSM-NTC, NMC",Trade,NHL,0.027999999999999997,UFA,2343750,2343750,0,0,0,0,8473507.0,Detroit Red Wings,2,1,0,-1,-2,-3
DET,Jake Walman,LD,27.0,3,M-NTC,Trade,NHL,0.040999999999999995,UFA,3400000,3400000,3400000,0,0,0,8478013.0,Detroit Red Wings,3,2,1,0,-1,-2
DET,Justin Holl,RD,31.0,3,M-NTC,Signed,NHL,0.040999999999999995,UFA,3400000,3400000,3400000,0,0,0,8475718.0,Detroit Red Wings,3,2,1,0,-1,-2
DET,Shayne Gostisbehere,LD/RD,30.0,1,M-NTC,Signed,NHL,0.049,UFA,4125000,0,0,0,0,0,8476906.0,Detroit Red Wings,1,0,-1,-2,-3,-4
DET,Ben Chiarot,LD/RD,32.0,3,M-NTC,Signed,NHL,0.057,UFA,4750000,4750000,4750000,0,0,0,8475279.0,Detroit Red Wings,3,2,1,0,-1,-2
DET,Joseph Veleno,C,23.0,1,,Draft,NHL,0.01,RFA,825000,0,0,0,0,0,8480813.0,Detroit Red Wings,1,0,-1,-2,-3,-4
DET,Lucas Raymond,"RW, LW",21.0,1,ELC,Draft,NHL,0.011000000000000001,RFA,925000,0,0,0,0,0,8482078.0,Detroit Red Wings,1,0,-1,-2,-3,-4
DET,Christian Fischer,"RW, LW",26.0,1,,Signed,NHL,0.013000000000000001,UFA,1125000,0,0,0,0,0,8478432.0,Detroit Red Wings,1,0,-1,-2,-3,-4
DET,Michael Rasmussen,"C, LW",24.0,1,,Draft,NHL,0.017,RFA,1460000,0,0,0,0,0,8479992.0,Detroit Red Wings,1,0,-1,-2,-3,-4
DET,Daniel Sprong,"RW, LW",26.0,1,,Signed,NHL,0.024,UFA,2000000,0,0,0,0,0,8478466.0,Detroit Red Wings,1,0,-1,-2,-3,-4
DET,Klim Kostin,"LW, RW",24.0,2,,Signed,NHL,0.024,RFA,2000000,2000000,0,0,0,0,8480011.0,Detroit Red Wings,2,1,0,-1,-2,-3
DET,Robby Fabbri,"LW, C",27.0,2,,Trade,NHL,0.048,UFA,4000000,4000000,0,0,0,0,8477952.0,Detroit Red Wings,2,1,0,-1,-2,-3
DET,David Perron,"RW, LW",35.0,1,M-NTC,Signed,NHL,0.057,UFA,4750000,0,0,0,0,0,8474102.0,Detroit Red Wings,1,0,-1,-2,-3,-4
DET,Olli Maatta,LD,29.0,2,,Signed,NHL,0.036000000000000004,UFA,3000000,3000000,0,0,0,0,8476874.0,Detroit Red Wings,2,1,0,-1,-2,-3
DET,Dylan Larkin,C,27.0,8,NTC,Draft,NHL,0.10400000000000001,UFA,8700000,8700000,8700000,8700000,8700000,8700000,8477946.0,Detroit Red Wings,8,7,6,5,4,3
DET,Alex DeBrincat,"LW, RW",25.0,4,,Trade,NHL,0.094,UFA,7875000,7875000,7875000,7875000,0,0,8479337.0,Detroit Red Wings,4,3,2,1,0,-1
DET,Andrew Copp,"C, LW, RW",29.0,4,M-NTC,Signed,NHL,0.067,UFA,5625000,5625000,5625000,5625000,0,0,8477429.0,Detroit Red Wings,4,3,2,1,0,-1
DET,J.T. Compher,"C, RW",28.0,5,M-NTC,Signed,NHL,0.061,UFA,5100000,5100000,5100000,5100000,5100000,0,8477456.0,Detroit Red Wings,5,4,3,2,1,0
EDM,Mattias Ekholm,LD/RD,33.0,3,RS,Trade,NHL,0.07200000000000001,UFA,6000000,6000000,6000000,0,0,0,8475218.0,Edmonton Oilers,3,2,1,0,-1,-2
EDM,Evan Bouchard,RD,23.0,2,,Draft,NHL,0.047,RFA,3900000,3900000,0,0,0,0,8480803.0,Edmonton Oilers,2,1,0,-1,-2,-3
EDM,Jack Campbell,G,31.0,4,M-NTC,Signed,NHL,0.06,UFA,5000000,5000000,5000000,5000000,0,0,8475789.0,Edmonton Oilers,4,3,2,1,0,-1
EDM,Stuart Skinner,G,24.0,3,,Draft,NHL,0.031,UFA,2600000,2600000,2600000,0,0,0,8479973.0,Edmonton Oilers,3,2,1,0,-1,-2
EDM,Markus Niemelainen,LD,25.0,1,,Draft,NHL,0.009000000000000001,RFA,762500,0,0,0,0,0,8479338.0,Edmonton Oilers,1,0,-1,-2,-3,-4
EDM,Cody Ceci,RD,29.0,2,,Signed,NHL,0.039,UFA,3250000,3250000,0,0,0,0,8476879.0,Edmonton Oilers,2,1,0,-1,-2,-3
EDM,Vincent Desharnais,RD,27.0,1,,Signed,NHL,0.009000000000000001,UFA,762500,0,0,0,0,0,8479576.0,Edmonton Oilers,1,0,-1,-2,-3,-4
EDM,Philip Broberg,LD,22.0,1,ELC,Draft,NHL,0.01,RFA,863333,0,0,0,0,0,8481598.0,Edmonton Oilers,1,0,-1,-2,-3,-4
EDM,Brett Kulak,LD/RD,29.0,3,,Signed,NHL,0.033,UFA,2750000,2750000,2750000,0,0,0,8476967.0,Edmonton Oilers,3,2,1,0,-1,-2
EDM,Darnell Nurse,LD,28.0,7,NMC,Draft,NHL,0.111,UFA,9250000,9250000,9250000,9250000,9250000,9250000,8477498.0,Edmonton Oilers,7,6,5,4,3,2
EDM,Ryan McLeod,C,24.0,2,,Draft,NHL,0.025,RFA,2100000,2100000,0,0,0,0,8480802.0,Edmonton Oilers,2,1,0,-1,-2,-3
EDM,Derek Ryan,"C, RW",36.0,2,35+,Signed,NHL,0.011000000000000001,UFA,900000,900000,0,0,0,0,8478585.0,Edmonton Oilers,2,1,0,-1,-2,-3
EDM,Evander Kane,"LW, RW",32.0,3,NMC,Signed,NHL,0.061,UFA,5125000,5125000,5125000,0,0,0,8475169.0,Edmonton Oilers,3,2,1,0,-1,-2
EDM,Zach Hyman,"RW, LW",31.0,5,NMC,Signed,NHL,0.066,UFA,5500000,5500000,5500000,5500000,5500000,0,8475786.0,Edmonton Oilers,5,4,3,2,1,0
EDM,Leon Draisaitl,"C, LW",27.0,2,"M-NTC, NMC",Draft,NHL,0.102,UFA,8500000,8500000,0,0,0,0,8477934.0,Edmonton Oilers,2,1,0,-1,-2,-3
EDM,Connor McDavid,C,26.0,3,NMC,Draft,NHL,0.15,UFA,12500000,12500000,12500000,0,0,0,8478402.0,Edmonton Oilers,3,2,1,0,-1,-2
EDM,Ryan Nugent-Hopkins,"LW, C",30.0,6,NMC,Draft,NHL,0.061,UFA,5125000,5125000,5125000,5125000,5125000,5125000,8476454.0,Edmonton Oilers,6,5,4,3,2,1
EDM,Mattias Janmark,"LW, RW",30.0,1,,Signed,NHL,0.012,UFA,1000000,0,0,0,0,0,8477406.0,Edmonton Oilers,1,0,-1,-2,-3,-4
EDM,Dylan Holloway,"LW, C",22.0,1,ELC,Draft,NHL,0.011000000000000001,RFA,925000,0,0,0,0,0,8482077.0,Edmonton Oilers,1,0,-1,-2,-3,-4
EDM,Connor Brown,"RW, LW",29.0,1,,Signed,NHL,0.009000000000000001,UFA,775000,0,0,0,0,0,8477015.0,Edmonton Oilers,1,0,-1,-2,-3,-4
EDM,Warren Foegele,"LW, RW",27.0,1,,Trade,NHL,0.033,UFA,2750000,0,0,0,0,0,8477998.0,Edmonton Oilers,1,0,-1,-2,-3,-4
FLA,Sam Bennett,C,27.0,2,,Trade,NHL,0.053,UFA,4425000,4425000,0,0,0,0,8477935.0,Florida Panthers,2,1,0,-1,-2,-3
FLA,Josh Mahura,LD/RD,25.0,1,,Waivers claim,NHL,0.011000000000000001,RFA,925000,0,0,0,0,0,8479372.0,Florida Panthers,1,0,-1,-2,-3,-4
FLA,Dmitry Kulikov,LD/RD,32.0,1,,Signed,NHL,0.012,UFA,1000000,0,0,0,0,0,8475179.0,Florida Panthers,1,0,-1,-2,-3,-4
FLA,Mike Reilly,LD,30.0,1,,Signed,NHL,0.012,UFA,1000000,0,0,0,0,0,8476422.0,Florida Panthers,1,0,-1,-2,-3,-4
FLA,Oliver Ekman-Larsson,LD,32.0,1,,Signed,NHL,0.027000000000000003,UFA,2250000,0,0,0,0,0,8475171.0,Florida Panthers,1,0,-1,-2,-3,-4
FLA,Niko Mikkola,LD,27.0,3,,Signed,NHL,0.03,UFA,2500000,2500000,2500000,0,0,0,8478859.0,Florida Panthers,3,2,1,0,-1,-2
FLA,Gustav Forsling,LD,27.0,1,,Waivers claim,NHL,0.032,UFA,2666667,0,0,0,0,0,8478055.0,Florida Panthers,1,0,-1,-2,-3,-4
FLA,Ryan Lomberg,LW,28.0,1,,Signed,NHL,0.01,UFA,800000,0,0,0,0,0,8479066.0,Florida Panthers,1,0,-1,-2,-3,-4
FLA,Mackie Samoskevich,RW,20.0,2,ELC,Draft,NHL,0.011000000000000001,RFA,925000,925000,0,0,0,0,,Florida Panthers,2,1,0,-1,-2,-3
FLA,Anton Lundell,"C, LW",22.0,1,ELC,Draft,NHL,0.011000000000000001,RFA,925000,0,0,0,0,0,8482113.0,Florida Panthers,1,0,-1,-2,-3,-4
FLA,Kevin Stenlund,"C, RW",27.0,1,,Signed,NHL,0.012,UFA,1000000,0,0,0,0,0,8478831.0,Florida Panthers,1,0,-1,-2,-3,-4
FLA,Steven Lorentz,"C, LW, RW",27.0,1,,Trade,NHL,0.013000000000000001,UFA,1050000,0,0,0,0,0,8478904.0,Florida Panthers,1,0,-1,-2,-3,-4
FLA,Nick Cousins,"LW, C",30.0,1,,Signed,NHL,0.013000000000000001,UFA,1100000,0,0,0,0,0,8476393.0,Florida Panthers,1,0,-1,-2,-3,-4
FLA,Aleksander Barkov,C,28.0,7,NMC,Draft,NHL,0.12,UFA,10000000,10000000,10000000,10000000,10000000,10000000,8477493.0,Florida Panthers,7,6,5,4,3,2
FLA,Matthew Tkachuk,RW,25.0,7,NMC,Trade,NHL,0.114,UFA,9500000,9500000,9500000,9500000,9500000,9500000,8479314.0,Florida Panthers,7,6,5,4,3,2
FLA,Sam Reinhart,RW,27.0,1,,Trade,NHL,0.078,UFA,6500000,0,0,0,0,0,8477933.0,Florida Panthers,1,0,-1,-2,-3,-4
FLA,Carter Verhaeghe,LW,28.0,2,,Signed,NHL,0.05,UFA,4166667,4166667,0,0,0,0,8477409.0,Florida Panthers,2,1,0,-1,-2,-3
FLA,Evan Rodrigues,"C, LW",30.0,4,,Signed,NHL,0.036000000000000004,UFA,3000000,3000000,3000000,3000000,0,0,8478542.0,Florida Panthers,4,3,2,1,0,-1
FLA,Eetu Luostarinen,"LW, C",25.0,4,,Trade,NHL,0.018000000000000002,UFA,1500000,3000000,3000000,3000000,0,0,8480185.0,Florida Panthers,4,3,2,1,0,-1
FLA,Uvis Balinskis,LD,27.0,1,ELC,Signed,NHL,0.01,UFA,870000,0,0,0,0,0,,Florida Panthers,1,0,-1,-2,-3,-4
FLA,Sergei Bobrovsky,G,35.0,3,NMC,Signed,NHL,0.12,UFA,10000000,10000000,10000000,0,0,0,8475683.0,Florida Panthers,3,2,1,0,-1,-2
FLA,Justin Sourdif,C,21.0,2,ELC,Draft,NHL,0.01,RFA,847500,847500,0,0,0,0,,Florida Panthers,2,1,0,-1,-2,-3
FLA,Brandon Montour,RD,29.0,1,,Trade,IR,0.042,UFA,3500000,0,0,0,0,0,8477986.0,Florida Panthers,1,0,-1,-2,-3,-4
FLA,Anthony Stolarz,G,29.0,1,,Signed,NHL,0.013000000000000001,UFA,1100000,0,0,0,0,0,8476932.0,Florida Panthers,1,0,-1,-2,-3,-4
LAK,Cam Talbot,G,36.0,1,35+NTC,Signed,NHL,0.012,UFA,1000000,0,0,0,0,0,8475660.0,Los Angeles Kings,1,0,-1,-2,-3,-4
LAK,Michael Anderson,LD,24.0,8,,Draft,NHL,0.049,UFA,4125000,4125000,4125000,4125000,4125000,4125000,8479998.0,Los Angeles Kings,8,7,6,5,4,3
LAK,Pheonix Copley,G,31.0,1,,Signed,NHL,0.018000000000000002,UFA,1500000,0,0,0,0,0,8477831.0,Los Angeles Kings,1,0,-1,-2,-3,-4
LAK,Tobias Bjornfot,LD,22.0,2,,Draft,NHL,0.009000000000000001,RFA,775000,775000,0,0,0,0,8481600.0,Los Angeles Kings,2,1,0,-1,-2,-3
LAK,Andreas Englund,LD,27.0,2,,Signed,NHL,0.012,UFA,1000000,1000000,0,0,0,0,8477971.0,Los Angeles Kings,2,1,0,-1,-2,-3
LAK,Matt Roy,RD,28.0,1,,Draft,NHL,0.038,UFA,3150000,0,0,0,0,0,8478911.0,Los Angeles Kings,1,0,-1,-2,-3,-4
LAK,Vladislav Gavrikov,LD,27.0,2,NMC,Trade,NHL,0.07,UFA,5875000,5875000,0,0,0,0,8478882.0,Los Angeles Kings,2,1,0,-1,-2,-3
LAK,Trevor Moore,"LW, RW",28.0,5,M-NTC,Trade,NHL,0.05,UFA,4200000,4200000,4200000,4200000,4200000,0,8479675.0,Los Angeles Kings,5,4,3,2,1,0
LAK,Trevor Lewis,"RW, C",36.0,1,35+,Signed,NHL,0.009000000000000001,UFA,775000,0,0,0,0,0,8473453.0,Los Angeles Kings,1,0,-1,-2,-3,-4
LAK,Alex Laferriere,RW,21.0,2,ELC,Draft,NHL,0.01,RFA,875000,875000,0,0,0,0,,Los Angeles Kings,2,1,0,-1,-2,-3
LAK,Quinton Byfield,"C, LW",21.0,1,ELC,Draft,NHL,0.011000000000000001,RFA,894167,0,0,0,0,0,8482124.0,Los Angeles Kings,1,0,-1,-2,-3,-4
LAK,Carl Grundstrom,"LW, RW",25.0,1,,Trade,NHL,0.016,RFA,1300000,0,0,0,0,0,8479336.0,Los Angeles Kings,1,0,-1,-2,-3,-4
LAK,Blake Lizotte,C,25.0,1,,Signed,NHL,0.02,RFA,1675000,0,0,0,0,0,8481481.0,Los Angeles Kings,1,0,-1,-2,-3,-4
LAK,Viktor Arvidsson,"RW, LW",30.0,1,,Trade,NHL,0.051,UFA,4250000,0,0,0,0,0,8478042.0,Los Angeles Kings,1,0,-1,-2,-3,-4
LAK,Adrian Kempe,"LW, RW",27.0,3,,Draft,NHL,0.066,UFA,5500000,5500000,5500000,0,0,0,8477960.0,Los Angeles Kings,3,2,1,0,-1,-2
LAK,Drew Doughty,RD,33.0,4,M-NTC,Draft,NHL,0.132,UFA,11000000,11000000,11000000,11000000,0,0,8474563.0,Los Angeles Kings,4,3,2,1,0,-1
LAK,Pierre-Luc Dubois,C,25.0,8,,Trade,NHL,0.102,UFA,8500000,8500000,8500000,8500000,8500000,8500000,8479400.0,Los Angeles Kings,8,7,6,5,4,3
LAK,Anze Kopitar,C,36.0,3,NMC,Draft,NHL,0.12,UFA,10000000,7000000,7000000,0,0,0,8471685.0,Los Angeles Kings,3,2,1,0,-1,-2
LAK,Phillip Danault,C,30.0,4,NMC,Signed,NHL,0.066,UFA,5500000,5500000,5500000,5500000,0,0,8476479.0,Los Angeles Kings,4,3,2,1,0,-1
LAK,Kevin Fiala,"RW, LW",27.0,6,NMC,Trade,NHL,0.094,UFA,7875000,7875000,7875000,7875000,7875000,7875000,8477942.0,Los Angeles Kings,6,5,4,3,2,1
MIN,Kirill Kaprizov,LW,26.0,3,,Draft,NHL,0.10800000000000001,UFA,9000000,9000000,9000000,0,0,0,8478864.0,Minnesota Wild,3,2,1,0,-1,-2
MIN,Filip Gustavsson,G,25.0,3,,Trade,NHL,0.045,UFA,3750000,3750000,3750000,0,0,0,8479406.0,Minnesota Wild,3,2,1,0,-1,-2
MIN,Matthew Boldy,"RW, LW",22.0,7,,Draft,NHL,0.084,UFA,7000000,7000000,7000000,7000000,7000000,7000000,8481557.0,Minnesota Wild,7,6,5,4,3,2
MIN,Mats Zuccarello,"RW, LW",36.0,3,"M-NTC, NMC",Signed,NHL,0.07200000000000001,UFA,6000000,4125000,4125000,0,0,0,8475692.0,Minnesota Wild,3,2,1,0,-1,-2
MIN,Joel Eriksson Ek,C,26.0,6,,Draft,NHL,0.063,UFA,5250000,5250000,5250000,5250000,5250000,5250000,8478493.0,Minnesota Wild,6,5,4,3,2,1
MIN,Marcus Foligno,"RW, LW",32.0,5,NMC,Trade,NHL,0.037000000000000005,UFA,3100000,4000000,4000000,4000000,4000000,0,8475220.0,Minnesota Wild,5,4,3,2,1,0
MIN,Frederick Gaudreau,"C, LW",30.0,5,M-NTC,Signed,NHL,0.025,UFA,2100000,2100000,2100000,2100000,2100000,0,8477919.0,Minnesota Wild,5,4,3,2,1,0
MIN,Ryan Hartman,"C, RW",29.0,4,NMC,Trade,NHL,0.02,UFA,1700000,4000000,4000000,4000000,0,0,8477451.0,Minnesota Wild,4,3,2,1,0,-1
MIN,Brandon Duhaime,"RW, LW",26.0,1,,Draft,NHL,0.013000000000000001,UFA,1100000,0,0,0,0,0,8479520.0,Minnesota Wild,1,0,-1,-2,-3,-4
MIN,Marco Rossi,C,22.0,2,ELC,Draft,NHL,0.01,RFA,863333,863333,0,0,0,0,8482079.0,Minnesota Wild,2,1,0,-1,-2,-3
MIN,Connor Dewar,"LW, C",24.0,1,,Draft,NHL,0.01,RFA,800000,0,0,0,0,0,8480980.0,Minnesota Wild,1,0,-1,-2,-3,-4
MIN,Patrick Maroon,"LW, RW",35.0,1,RSM-NTC,Trade,NHL,0.01,UFA,800000,0,0,0,0,0,8474034.0,Minnesota Wild,1,0,-1,-2,-3,-4
MIN,Jared Spurgeon,RD,33.0,4,NMC,Signed,NHL,0.091,UFA,7575000,7575000,7575000,7575000,0,0,8474716.0,Minnesota Wild,4,3,2,1,0,-1
MIN,Jonas Brodin,LD,30.0,5,NMC,Draft,NHL,0.07200000000000001,UFA,6000000,6000000,6000000,6000000,6000000,0,8476463.0,Minnesota Wild,5,4,3,2,1,0
MIN,Jacob Middleton,LD,27.0,2,,Trade,NHL,0.028999999999999998,UFA,2450000,2450000,0,0,0,0,8478136.0,Minnesota Wild,2,1,0,-1,-2,-3
MIN,Alex Goligoski,LD/RD,38.0,1,35+NMC,Signed,NHL,0.024,UFA,2000000,0,0,0,0,0,8471274.0,Minnesota Wild,1,0,-1,-2,-3,-4
MIN,Jon Merrill,LD,31.0,2,,Signed,NHL,0.013999999999999999,UFA,1200000,1200000,0,0,0,0,8475750.0,Minnesota Wild,2,1,0,-1,-2,-3
MIN,Brock Faber,RD,21.0,2,ELC,Trade,NHL,0.011000000000000001,RFA,925000,925000,0,0,0,0,8482122.0,Minnesota Wild,2,1,0,-1,-2,-3
MIN,Calen Addison,RD,23.0,1,,Trade,NHL,0.01,RFA,825000,0,0,0,0,0,8480884.0,Minnesota Wild,1,0,-1,-2,-3,-4
MIN,Marc-Andre Fleury,G,38.0,1,35+NMC,Trade,NHL,0.042,UFA,3500000,0,0,0,0,0,8470594.0,Minnesota Wild,1,0,-1,-2,-3,-4
MIN,Marcus Johansson,"LW, RW",33.0,2,NTC,Trade,NHL,0.024,UFA,2000000,2000000,0,0,0,0,8475149.0,Minnesota Wild,2,1,0,-1,-2,-3
MTL,Kaiden Guhle,LD,21.0,2,ELC,Draft,NHL,0.01,RFA,863333,863333,0,0,0,0,8482087.0,Montreal Canadiens,2,1,0,-1,-2,-3
MTL,Johnathan Kovacevic,RD,26.0,2,,Waivers claim,NHL,0.009000000000000001,UFA,766667,766667,0,0,0,0,8480192.0,Montreal Canadiens,2,1,0,-1,-2,-3
MTL,Jake Allen,G,33.0,2,M-NTC,Trade,NHL,0.046,UFA,3850000,3850000,0,0,0,0,8474596.0,Montreal Canadiens,2,1,0,-1,-2,-3
MTL,Samuel Montembeault,G,26.0,1,,Waivers claim,NHL,0.012,UFA,1000000,0,0,0,0,0,8478470.0,Montreal Canadiens,1,0,-1,-2,-3,-4
MTL,Cayden Primeau,G,24.0,2,,Draft,NHL,0.011000000000000001,RFA,890000,890000,0,0,0,0,8480051.0,Montreal Canadiens,2,1,0,-1,-2,-3
MTL,Chris Wideman,RD,33.0,1,,Signed,IR,0.009000000000000001,UFA,762500,0,0,0,0,0,8475227.0,Montreal Canadiens,1,0,-1,-2,-3,-4
MTL,Justin Barron,RD,21.0,1,ELC,Trade,NHL,0.011000000000000001,RFA,925000,0,0,0,0,0,8482111.0,Montreal Canadiens,1,0,-1,-2,-3,-4
MTL,Jordan Harris,LD/RD,23.0,2,,Draft,NHL,0.017,RFA,1400000,1400000,0,0,0,0,8480887.0,Montreal Canadiens,2,1,0,-1,-2,-3
MTL,David Savard,RD,32.0,2,,Signed,NHL,0.042,UFA,3500000,3500000,0,0,0,0,8475233.0,Montreal Canadiens,2,1,0,-1,-2,-3
MTL,Michael Matheson,LD,29.0,3,M-NTC,Trade,NHL,0.057999999999999996,UFA,4875000,4875000,4875000,0,0,0,8476875.0,Montreal Canadiens,3,2,1,0,-1,-2
MTL,Nick Suzuki,C,24.0,7,,Trade,NHL,0.094,UFA,7875000,7875000,7875000,7875000,7875000,7875000,8480018.0,Montreal Canadiens,7,6,5,4,3,2
MTL,Cole Caufield,"LW, RW",22.0,8,,Draft,NHL,0.094,UFA,7850000,7850000,7850000,7850000,7850000,7850000,8481540.0,Montreal Canadiens,8,7,6,5,4,3
MTL,Brendan Gallagher,RW,31.0,4,"M-NTC, NMC",Draft,NHL,0.078,UFA,6500000,6500000,6500000,6500000,0,0,8475848.0,Montreal Canadiens,4,3,2,1,0,-1
MTL,Josh Anderson,"RW, LW",29.0,4,M-NTC,Trade,NHL,0.066,UFA,5500000,5500000,5500000,5500000,0,0,8476981.0,Montreal Canadiens,4,3,2,1,0,-1
MTL,Joel Armia,"RW, LW",30.0,2,,Trade,NHL,0.040999999999999995,UFA,3400000,3400000,0,0,0,0,8476469.0,Montreal Canadiens,2,1,0,-1,-2,-3
MTL,Kirby Dach,"C, RW",22.0,3,,Trade,NHL,0.04,RFA,3362500,3362500,3362500,0,0,0,8481523.0,Montreal Canadiens,3,2,1,0,-1,-2
MTL,Tanner Pearson,LW,31.0,1,,Trade,NHL,0.039,UFA,3250000,0,0,0,0,0,8476871.0,Montreal Canadiens,1,0,-1,-2,-3,-4
MTL,Alex Newhook,"C, LW",22.0,4,,Trade,NHL,0.035,RFA,2900000,2900000,2900000,2900000,0,0,8481618.0,Montreal Canadiens,4,3,2,1,0,-1
MTL,Sean Monahan,"C, LW, RW",28.0,1,,Trade,NHL,0.024,UFA,1985000,0,0,0,0,0,8477497.0,Montreal Canadiens,1,0,-1,-2,-3,-4
MTL,Jake Evans,C,27.0,2,,Draft,NHL,0.02,UFA,1700000,1700000,0,0,0,0,8478133.0,Montreal Canadiens,2,1,0,-1,-2,-3
MTL,Rafael Harvey-Pinard,LW,24.0,2,,Draft,NHL,0.013000000000000001,RFA,1100000,1100000,0,0,0,0,8481093.0,Montreal Canadiens,2,1,0,-1,-2,-3
MTL,Juraj Slafkovsky,"LW, RW",19.0,2,ELC,Draft,NHL,0.011000000000000001,RFA,950000,950000,0,0,0,0,8483515.0,Montreal Canadiens,2,1,0,-1,-2,-3
MTL,Michael Pezzetta,"LW, RW",25.0,2,,Draft,NHL,0.01,UFA,812500,812500,0,0,0,0,8479543.0,Montreal Canadiens,2,1,0,-1,-2,-3
MTL,Jesse Ylonen,"RW, LW",24.0,1,,Draft,NHL,0.009000000000000001,RFA,775000,0,0,0,0,0,8481058.0,Montreal Canadiens,1,0,-1,-2,-3,-4
NJD,Luke Hughes,LD/RD,20.0,2,ELC,Draft,NHL,0.011000000000000001,RFA,925000,925000,0,0,0,0,8482684.0,New Jersey Devils,2,1,0,-1,-2,-3
NJD,Vitek Vanecek,G,27.0,2,,Trade,NHL,0.040999999999999995,UFA,3400000,3400000,0,0,0,0,8477970.0,New Jersey Devils,2,1,0,-1,-2,-3
NJD,Akira Schmid,G,23.0,1,ELC,Draft,NHL,0.01,RFA,850833,0,0,0,0,0,8481033.0,New Jersey Devils,1,0,-1,-2,-3,-4
NJD,Kevin Bahl,LD,23.0,2,,Trade,NHL,0.013000000000000001,RFA,1050000,1050000,0,0,0,0,8480860.0,New Jersey Devils,2,1,0,-1,-2,-3
NJD,Jonas Siegenthaler,LD,26.0,5,,Trade,NHL,0.040999999999999995,UFA,3400000,3400000,3400000,3400000,3400000,0,8478399.0,New Jersey Devils,5,4,3,2,1,0
NJD,Colin Miller,RD,30.0,1,,Trade,NHL,0.022000000000000002,UFA,1850000,0,0,0,0,0,8476525.0,New Jersey Devils,1,0,-1,-2,-3,-4
NJD,Timo Meier,"LW, RW",27.0,8,,Trade,NHL,0.105,UFA,8800000,8800000,8800000,8800000,8800000,8800000,8478414.0,New Jersey Devils,8,7,6,5,4,3
NJD,Jack Hughes,"C, LW",22.0,7,,Draft,NHL,0.096,UFA,8000000,8000000,8000000,8000000,8000000,8000000,8481559.0,New Jersey Devils,7,6,5,4,3,2
NJD,Jesper Bratt,"RW, LW",25.0,8,,Draft,NHL,0.094,UFA,7875000,7875000,7875000,7875000,7875000,7875000,8479407.0,New Jersey Devils,8,7,6,5,4,3
NJD,Nico Hischier,C,24.0,4,,Draft,NHL,0.087,UFA,7250000,7250000,7250000,7250000,0,0,8480002.0,New Jersey Devils,4,3,2,1,0,-1
NJD,Ondrej Palat,"LW, RW",32.0,4,NMC,Signed,NHL,0.07200000000000001,UFA,6000000,6000000,6000000,6000000,0,0,8476292.0,New Jersey Devils,4,3,2,1,0,-1
NJD,Tyler Toffoli,"RW, LW",31.0,1,,Trade,NHL,0.051,UFA,4250000,0,0,0,0,0,8475726.0,New Jersey Devils,1,0,-1,-2,-3,-4
NJD,Erik Haula,"LW, C",32.0,3,NTC,Trade,NHL,0.038,UFA,3150000,3150000,3150000,0,0,0,8475287.0,New Jersey Devils,3,2,1,0,-1,-2
NJD,Michael McLeod,C,25.0,1,,Signed,NHL,0.017,RFA,1400000,0,0,0,0,0,8479415.0,New Jersey Devils,1,0,-1,-2,-3,-4
NJD,Nathan Bastian,"RW, C",25.0,2,,Signed,NHL,0.016,UFA,1350000,1350000,0,0,0,0,8479414.0,New Jersey Devils,2,1,0,-1,-2,-3
NJD,Curtis Lazar,"RW, C",28.0,2,,Trade,NHL,0.012,UFA,1000000,1000000,0,0,0,0,8477508.0,New Jersey Devils,2,1,0,-1,-2,-3
NJD,Tomas Nosek,"LW, C",31.0,1,,Signed,NHL,0.012,UFA,1000000,0,0,0,0,0,8477931.0,New Jersey Devils,1,0,-1,-2,-3,-4
NJD,Alexander Holtz,"RW, LW",21.0,2,ELC,Draft,NHL,0.011000000000000001,RFA,894167,894167,0,0,0,0,8482125.0,New Jersey Devils,2,1,0,-1,-2,-3
NJD,Dawson Mercer,"RW, C",21.0,1,ELC,Draft,NHL,0.011000000000000001,RFA,894167,0,0,0,0,0,8482110.0,New Jersey Devils,1,0,-1,-2,-3,-4
NJD,Chris Tierney,C,29.0,1,,Signed,NHL,0.009000000000000001,UFA,775000,0,0,0,0,0,8476919.0,New Jersey Devils,1,0,-1,-2,-3,-4
NJD,Dougie Hamilton,RD,30.0,5,NMC,Signed,NHL,0.10800000000000001,UFA,9000000,9000000,9000000,9000000,9000000,0,8476462.0,New Jersey Devils,5,4,3,2,1,0
NJD,John Marino,RD,26.0,4,,Trade,NHL,0.053,UFA,4400000,4400000,4400000,4400000,0,0,8478507.0,New Jersey Devils,4,3,2,1,0,-1
NJD,Brendan Smith,LD/RD,34.0,1,,Signed,NHL,0.013000000000000001,UFA,1100000,0,0,0,0,0,8474090.0,New Jersey Devils,1,0,-1,-2,-3,-4
NSH,Yakov Trenin,"LW, C",26.0,1,,Draft,NHL,0.02,UFA,1700000,0,0,0,0,0,8478508.0,Nashville Predators,1,0,-1,-2,-3,-4
NSH,Kevin Lankinen,G,28.0,1,,Signed,NHL,0.024,UFA,2000000,0,0,0,0,0,8480947.0,Nashville Predators,1,0,-1,-2,-3,-4
NSH,Juuse Saros,G,28.0,2,,Draft,NHL,0.06,UFA,5000000,5000000,0,0,0,0,8477424.0,Nashville Predators,2,1,0,-1,-2,-3
NSH,Jeremy Lauzon,LD/RD,26.0,3,,Trade,NHL,0.024,UFA,2000000,2000000,2000000,0,0,0,8478468.0,Nashville Predators,3,2,1,0,-1,-2
NSH,Dante Fabbro,RD,25.0,1,,Draft,NHL,0.03,RFA,2500000,0,0,0,0,0,8479371.0,Nashville Predators,1,0,-1,-2,-3,-4
NSH,Alexandre Carrier,RD,27.0,1,,Draft,NHL,0.03,UFA,2500000,0,0,0,0,0,8478851.0,Nashville Predators,1,0,-1,-2,-3,-4
NSH,Luke Schenn,RD,33.0,3,,Signed,NHL,0.033,UFA,2750000,2750000,2750000,0,0,0,8474568.0,Nashville Predators,3,2,1,0,-1,-2
NSH,Tyson Barrie,RD,32.0,1,,Trade,NHL,0.054000000000000006,UFA,4500000,0,0,0,0,0,8475197.0,Nashville Predators,1,0,-1,-2,-3,-4
NSH,Ryan McDonagh,LD,34.0,3,NTC,Trade,NHL,0.081,UFA,6750000,6750000,6750000,0,0,0,8474151.0,Nashville Predators,3,2,1,0,-1,-2
NSH,Roman Josi,LD,33.0,5,NMC,Draft,NHL,0.10800000000000001,UFA,9059000,9059000,9059000,9059000,9059000,0,8474600.0,Nashville Predators,5,4,3,2,1,0
NSH,Cole Smith,"RW, LW",27.0,1,,Signed,NHL,0.009000000000000001,UFA,775000,0,0,0,0,0,8482062.0,Nashville Predators,1,0,-1,-2,-3,-4
NSH,Kiefer Sherwood,"LW, RW",28.0,1,,Signed,NHL,0.009000000000000001,UFA,775000,0,0,0,0,0,8480748.0,Nashville Predators,1,0,-1,-2,-3,-4
NSH,Michael McCarron,"RW, C",28.0,1,,Signed,NHL,0.009000000000000001,UFA,775000,0,0,0,0,0,8477446.0,Nashville Predators,1,0,-1,-2,-3,-4
NSH,Samuel Fagemo,"LW, RW",23.0,1,,Waivers claim,NHL,0.009000000000000001,RFA,775000,0,0,0,0,0,8481239.0,Nashville Predators,1,0,-1,-2,-3,-4
NSH,Luke Evangelista,RW,21.0,2,ELC,Draft,NHL,0.01,RFA,797500,797500,0,0,0,0,8482146.0,Nashville Predators,2,1,0,-1,-2,-3
NSH,Thomas Novak,C,26.0,1,,Draft,NHL,0.01,UFA,800000,0,0,0,0,0,8478438.0,Nashville Predators,1,0,-1,-2,-3,-4
NSH,Juuso Parssinen,C,22.0,1,ELC,Draft,NHL,0.01,RFA,850833,0,0,0,0,0,8481704.0,Nashville Predators,1,0,-1,-2,-3,-4
NSH,Filip Forsberg,LW,29.0,7,NMC,Trade,NHL,0.102,UFA,8500000,8500000,8500000,8500000,8500000,8500000,8476887.0,Nashville Predators,7,6,5,4,3,2
NSH,Ryan O'Reilly,C,32.0,4,,Signed,NHL,0.054000000000000006,UFA,4500000,4500000,4500000,4500000,0,0,8475158.0,Nashville Predators,4,3,2,1,0,-1
NSH,Gustav Nyquist,"LW, RW",34.0,2,,Signed,NHL,0.038,UFA,3185000,3185000,0,0,0,0,8474679.0,Nashville Predators,2,1,0,-1,-2,-3
NSH,Colton Sissons,"C, RW",29.0,3,,Draft,NHL,0.034,UFA,2857143,2857143,2857143,0,0,0,8476925.0,Nashville Predators,3,2,1,0,-1,-2
NSH,Cody Glass,C,24.0,2,,Trade,NHL,0.03,RFA,2500000,2500000,0,0,0,0,8479996.0,Nashville Predators,2,1,0,-1,-2,-3
NSH,Philip Tomasino,"LW, RW",22.0,1,ELC,Draft,NHL,0.01,RFA,863333,0,0,0,0,0,8481577.0,Nashville Predators,1,0,-1,-2,-3,-4
NYI,Bo Horvat,C,28.0,8,NTC,Trade,NHL,0.102,UFA,8500000,8500000,8500000,8500000,8500000,8500000,8477500.0,New York Islanders,8,7,6,5,4,3
NYI,Mathew Barzal,"C, RW",26.0,8,,Draft,NHL,0.11,UFA,9150000,9150000,9150000,9150000,9150000,9150000,8478445.0,New York Islanders,8,7,6,5,4,3
NYI,Ryan Pulock,RD,29.0,7,NTC,Draft,NHL,0.07400000000000001,UFA,6150000,6150000,6150000,6150000,6150000,6150000,8477506.0,New York Islanders,7,6,5,4,3,2
NYI,Adam Pelech,LD,29.0,6,NTC,Draft,NHL,0.069,UFA,5750000,5750000,5750000,5750000,5750000,5750000,8476917.0,New York Islanders,6,5,4,3,2,1
NYI,Hudson Fasching,RW,28.0,2,,Signed,NHL,0.009000000000000001,UFA,775000,775000,0,0,0,0,8477392.0,New York Islanders,2,1,0,-1,-2,-3
NYI,Oliver Wahlstrom,RW,23.0,1,,Draft,NHL,0.01,RFA,874125,0,0,0,0,0,8480789.0,New York Islanders,1,0,-1,-2,-3,-4
NYI,Matt Martin,"LW, RW",34.0,1,,Signed,NHL,0.018000000000000002,UFA,1500000,0,0,0,0,0,8474709.0,New York Islanders,1,0,-1,-2,-3,-4
NYI,Cal Clutterbuck,RW,35.0,1,,Trade,NHL,0.021,UFA,1750000,0,0,0,0,0,8473504.0,New York Islanders,1,0,-1,-2,-3,-4
NYI,Casey Cizikas,C,32.0,4,,Signed,NHL,0.03,UFA,2500000,2500000,2500000,2500000,0,0,8475231.0,New York Islanders,4,3,2,1,0,-1
NYI,Pierre Engvall,"RW, LW",27.0,7,M-NTC,Signed,NHL,0.036000000000000004,UFA,3000000,3000000,3000000,3000000,3000000,3000000,8478115.0,New York Islanders,7,6,5,4,3,2
NYI,Kyle Palmieri,"RW, LW",32.0,2,M-NTC,Signed,NHL,0.06,UFA,5000000,5000000,0,0,0,0,8475151.0,New York Islanders,2,1,0,-1,-2,-3
NYI,Jean-Gabriel Pageau,C,30.0,3,M-NTC,Trade,NHL,0.06,UFA,5000000,5000000,5000000,0,0,0,8476419.0,New York Islanders,3,2,1,0,-1,-2
NYI,Brock Nelson,"C, LW",31.0,2,M-NTC,Draft,NHL,0.07200000000000001,UFA,6000000,6000000,0,0,0,0,8475754.0,New York Islanders,2,1,0,-1,-2,-3
NYI,Julien Gauthier,RW,25.0,2,,Signed,NHL,0.009000000000000001,UFA,787500,787500,0,0,0,0,8479328.0,New York Islanders,2,1,0,-1,-2,-3
NYI,Anders Lee,"LW, C",33.0,3,NTC,Signed,NHL,0.084,UFA,7000000,7000000,7000000,0,0,0,8475314.0,New York Islanders,3,2,1,0,-1,-2
NYI,Noah Dobson,RD,23.0,2,,Draft,NHL,0.048,RFA,4000000,4000000,0,0,0,0,8480865.0,New York Islanders,2,1,0,-1,-2,-3
NYI,Scott Mayfield,RD,30.0,7,NTC,Signed,NHL,0.042,UFA,3500000,3500000,3500000,3500000,3500000,3500000,8476429.0,New York Islanders,7,6,5,4,3,2
NYI,Alexander Romanov,LD,23.0,2,,Trade,NHL,0.03,RFA,2500000,2500000,0,0,0,0,8481014.0,New York Islanders,2,1,0,-1,-2,-3
NYI,Sebastian Aho,LD,27.0,1,,Draft,NHL,0.01,UFA,825000,0,0,0,0,0,8480222.0,New York Islanders,1,0,-1,-2,-3,-4
NYI,Samuel Bolduc,LD,22.0,2,,Draft,NHL,0.01,RFA,800000,800000,0,0,0,0,8481541.0,New York Islanders,2,1,0,-1,-2,-3
NYI,Ilya Sorokin,G,28.0,9,,Draft,NHL,0.048,UFA,4000000,8250000,8250000,8250000,8250000,8250000,8478009.0,New York Islanders,9,8,7,6,5,4
NYI,Semyon Varlamov,G,35.0,4,35+NTC,Signed,NHL,0.033,UFA,2750000,2750000,2750000,2750000,0,0,8473575.0,New York Islanders,4,3,2,1,0,-1
NYR,Mika Zibanejad,C,30.0,7,NMC,Trade,NHL,0.102,UFA,8500000,8500000,8500000,8500000,8500000,8500000,8476459.0,New York Rangers,7,6,5,4,3,2
NYR,Chris Kreider,LW,32.0,4,NMC,Draft,NHL,0.078,UFA,6500000,6500000,6500000,6500000,0,0,8475184.0,New York Rangers,4,3,2,1,0,-1
NYR,Artemi Panarin,LW,31.0,3,NMC,Signed,NHL,0.139,UFA,11642857,11642857,11642857,0,0,0,8478550.0,New York Rangers,3,2,1,0,-1,-2
NYR,Vincent Trocheck,"C, RW",30.0,6,NMC,Signed,NHL,0.067,UFA,5625000,5625000,5625000,5625000,5625000,5625000,8476389.0,New York Rangers,6,5,4,3,2,1
NYR,Alexis Lafreniere,"LW, RW",22.0,2,,Draft,NHL,0.027999999999999997,RFA,2325000,2325000,0,0,0,0,8482109.0,New York Rangers,2,1,0,-1,-2,-3
NYR,Barclay Goodrow,"C, LW",30.0,4,M-NTC,Trade,NHL,0.044000000000000004,UFA,3641667,3641667,3641667,3641667,0,0,8476624.0,New York Rangers,4,3,2,1,0,-1
NYR,Filip Chytil,"C, LW",24.0,4,,Draft,NHL,0.053,UFA,4437500,4437500,4437500,4437500,0,0,8480078.0,New York Rangers,4,3,2,1,0,-1
NYR,Kaapo Kakko,RW,22.0,1,,Draft,NHL,0.025,RFA,2100000,0,0,0,0,0,8481554.0,New York Rangers,1,0,-1,-2,-3,-4
NYR,Will Cuylle,LW,21.0,2,ELC,Draft,NHL,0.01,RFA,828333,828333,0,0,0,0,8482157.0,New York Rangers,2,1,0,-1,-2,-3
NYR,Blake Wheeler,"RW, C",37.0,1,35+NTC,Signed,NHL,0.01,UFA,800000,0,0,0,0,0,8471218.0,New York Rangers,1,0,-1,-2,-3,-4
NYR,Nick Bonino,"C, LW",35.0,1,35+,Signed,NHL,0.01,UFA,800000,0,0,0,0,0,8474009.0,New York Rangers,1,0,-1,-2,-3,-4
NYR,Jimmy Vesey,"RW, LW",30.0,2,,Signed,NHL,0.01,UFA,800000,800000,0,0,0,0,8476918.0,New York Rangers,2,1,0,-1,-2,-3
NYR,Tyler Pitlick,RW,31.0,1,,Signed,NHL,0.009000000000000001,UFA,787500,0,0,0,0,0,8475752.0,New York Rangers,1,0,-1,-2,-3,-4
NYR,Adam Fox,RD,25.0,6,,Trade,NHL,0.114,UFA,9500000,9500000,9500000,9500000,9500000,9500000,8479323.0,New York Rangers,6,5,4,3,2,1
NYR,Jacob Trouba,RD,29.0,3,NMC,Trade,NHL,0.096,UFA,8000000,8000000,8000000,0,0,0,8476885.0,New York Rangers,3,2,1,0,-1,-2
NYR,Zachary Jones,LD,22.0,2,,Draft,NHL,0.01,RFA,812500,812500,0,0,0,0,8481708.0,New York Rangers,2,1,0,-1,-2,-3
NYR,Ryan Lindgren,LD,25.0,1,,Trade,NHL,0.036000000000000004,RFA,3000000,0,0,0,0,0,8479324.0,New York Rangers,1,0,-1,-2,-3,-4
NYR,Braden Schneider,RD,22.0,1,ELC,Draft,NHL,0.011000000000000001,RFA,925000,0,0,0,0,0,8482073.0,New York Rangers,1,0,-1,-2,-3,-4
NYR,Erik Gustafsson,LD,31.0,1,,Signed,NHL,0.01,UFA,825000,0,0,0,0,0,8476979.0,New York Rangers,1,0,-1,-2,-3,-4
NYR,Igor Shesterkin,G,27.0,2,M-NTC,Draft,NHL,0.068,UFA,5666667,5666667,0,0,0,0,8478048.0,New York Rangers,2,1,0,-1,-2,-3
NYR,Jonathan Quick,G,37.0,1,35+M-NTC,Signed,NHL,0.01,UFA,825000,0,0,0,0,0,8471734.0,New York Rangers,1,0,-1,-2,-3,-4
NYR,K'Andre Miller,LD,23.0,2,,Draft,NHL,0.046,RFA,3872000,3872000,0,0,0,0,8480817.0,New York Rangers,2,1,0,-1,-2,-3
OTT,Joshua Norris,C,24.0,7,,Trade,IR,0.095,UFA,7950000,7950000,7950000,7950000,7950000,7950000,8480064.0,Ottawa Senators,7,6,5,4,3,2
OTT,Anton Forsberg,G,30.0,2,,Waivers claim,NHL,0.033,UFA,2750000,2750000,0,0,0,0,8476341.0,Ottawa Senators,2,1,0,-1,-2,-3
OTT,Brady Tkachuk,LW,24.0,5,,Draft,NHL,0.098,UFA,8205714,8205714,8205714,8205714,8205714,0,8480801.0,Ottawa Senators,5,4,3,2,1,0
OTT,Tim Stutzle,C,21.0,8,,Draft,NHL,0.1,UFA,8350000,8350000,8350000,8350000,8350000,8350000,8482116.0,Ottawa Senators,8,7,6,5,4,3
OTT,Claude Giroux,"RW, C",35.0,2,NMC,Signed,NHL,0.078,UFA,6500000,6500000,0,0,0,0,8473512.0,Ottawa Senators,2,1,0,-1,-2,-3
OTT,Vladimir Tarasenko,RW,31.0,1,NTC,Signed,NHL,0.06,UFA,5000000,0,0,0,0,0,8475765.0,Ottawa Senators,1,0,-1,-2,-3,-4
OTT,Drake Batherson,RW,25.0,4,,Draft,NHL,0.06,UFA,4975000,4975000,4975000,4975000,0,0,8480208.0,Ottawa Senators,4,3,2,1,0,-1
OTT,Mathieu Joseph,"LW, RW",26.0,3,,Trade,NHL,0.035,UFA,2950000,2950000,2950000,0,0,0,8478472.0,Ottawa Senators,3,2,1,0,-1,-2
OTT,Dominik Kubalik,"LW, RW",28.0,1,,Trade,NHL,0.03,UFA,2500000,0,0,0,0,0,8477330.0,Ottawa Senators,1,0,-1,-2,-3,-4
OTT,Ridly Greig,"C, LW",21.0,2,ELC,Draft,NHL,0.01,RFA,863333,863333,0,0,0,0,8482092.0,Ottawa Senators,2,1,0,-1,-2,-3
OTT,Mark Kastelic,C,24.0,2,,Draft,NHL,0.01,RFA,835000,835000,0,0,0,0,8480355.0,Ottawa Senators,2,1,0,-1,-2,-3
OTT,Rourke Chartier,C,27.0,1,,Signed,NHL,0.009000000000000001,UFA,775000,0,0,0,0,0,8478078.0,Ottawa Senators,1,0,-1,-2,-3,-4
OTT,Zack MacEwen,"RW, C",27.0,3,,Signed,NHL,0.009000000000000001,UFA,775000,775000,775000,0,0,0,8479772.0,Ottawa Senators,3,2,1,0,-1,-2
OTT,Parker Kelly,"C, LW",24.0,1,,Signed,NHL,0.009000000000000001,RFA,762500,0,0,0,0,0,8480448.0,Ottawa Senators,1,0,-1,-2,-3,-4
OTT,Joonas Korpisalo,G,29.0,5,M-NTC,Signed,NHL,0.048,UFA,4000000,4000000,4000000,4000000,4000000,0,8476914.0,Ottawa Senators,5,4,3,2,1,0
OTT,Shane Pinto,C,22.0,0,,Draft,NHL,,10.2(c),0,0,0,0,0,0,8481596.0,Ottawa Senators,0,-1,-2,-3,-4,-5
OTT,Jakob Chychrun,LD/RD,25.0,2,M-NTC,Trade,NHL,0.055,UFA,4600000,4600000,0,0,0,0,8479345.0,Ottawa Senators,2,1,0,-1,-2,-3
OTT,Artem Zub,RD,28.0,4,M-NTC,Signed,NHL,0.055,UFA,4600000,4600000,4600000,4600000,0,0,8482245.0,Ottawa Senators,4,3,2,1,0,-1
OTT,Erik Brannstrom,LD/RD,24.0,1,,Trade,NHL,0.024,RFA,2000000,0,0,0,0,0,8480073.0,Ottawa Senators,1,0,-1,-2,-3,-4
OTT,Travis Hamonic,RD,33.0,2,NMC,Signed,NHL,0.013000000000000001,UFA,1100000,1100000,0,0,0,0,8474612.0,Ottawa Senators,2,1,0,-1,-2,-3
OTT,Jake Sanderson,LD,21.0,9,ELC,Draft,NHL,0.011000000000000001,UFA,925000,8050000,8050000,8050000,8050000,8050000,8482105.0,Ottawa Senators,9,8,7,6,5,4
OTT,Thomas Chabot,LD,26.0,5,,Draft,NHL,0.096,UFA,8000000,8000000,8000000,8000000,8000000,0,8478469.0,Ottawa Senators,5,4,3,2,1,0
PHI,Garnet Hathaway,"RW, LW",31.0,2,,Signed,NHL,0.027999999999999997,UFA,2375000,2375000,0,0,0,0,8477903.0,Philadelphia Flyers,2,1,0,-1,-2,-3
PHI,Rasmus Ristolainen,RD,28.0,4,,Trade,IR,0.061,UFA,5100000,5100000,5100000,5100000,0,0,8477499.0,Philadelphia Flyers,4,3,2,1,0,-1
PHI,Ryan Ellis,RD,32.0,4,,Trade,IR,0.075,UFA,6250000,6250000,6250000,6250000,0,0,8475176.0,Philadelphia Flyers,4,3,2,1,0,-1
PHI,Felix Sandstrom,G,26.0,1,,Draft,NHL,0.009000000000000001,UFA,775000,0,0,0,0,0,8478433.0,Philadelphia Flyers,1,0,-1,-2,-3,-4
PHI,Samuel Ersson,G,23.0,3,ELC,Draft,NHL,0.01,RFA,859167,1450000,1450000,0,0,0,8481035.0,Philadelphia Flyers,3,2,1,0,-1,-2
PHI,Carter Hart,G,25.0,1,,Draft,NHL,0.048,RFA,3979000,0,0,0,0,0,8479394.0,Philadelphia Flyers,1,0,-1,-2,-3,-4
PHI,Nick Seeler,LD/RD,30.0,1,,Signed,NHL,0.009000000000000001,UFA,775000,0,0,0,0,0,8476372.0,Philadelphia Flyers,1,0,-1,-2,-3,-4
PHI,Emil Andrae,LD,21.0,3,ELC,Draft,NHL,0.011000000000000001,RFA,903333,903333,903333,0,0,0,,Philadelphia Flyers,3,2,1,0,-1,-2
PHI,Marc Staal,LD,36.0,1,35+,Signed,NHL,0.013000000000000001,UFA,1100000,0,0,0,0,0,8471686.0,Philadelphia Flyers,1,0,-1,-2,-3,-4
PHI,Cam York,LD/RD,22.0,2,,Draft,NHL,0.019,RFA,1600000,1600000,0,0,0,0,8481546.0,Philadelphia Flyers,2,1,0,-1,-2,-3
PHI,Sean Walker,LD/RD,28.0,1,,Trade,NHL,0.032,UFA,2650000,0,0,0,0,0,8480336.0,Philadelphia Flyers,1,0,-1,-2,-3,-4
PHI,Travis Sanheim,LD,27.0,8,NTC,Draft,NHL,0.075,UFA,6250000,6250000,6250000,6250000,6250000,6250000,8477948.0,Philadelphia Flyers,8,7,6,5,4,3
PHI,Bobby Brink,RW,22.0,1,ELC,Draft,NHL,0.011000000000000001,RFA,925000,0,0,0,0,0,8481553.0,Philadelphia Flyers,1,0,-1,-2,-3,-4
PHI,Ryan Poehling,"LW, C",24.0,1,,Signed,NHL,0.017,RFA,1400000,0,0,0,0,0,8480068.0,Philadelphia Flyers,1,0,-1,-2,-3,-4
PHI,Owen Tippett,RW,24.0,1,,Trade,NHL,0.018000000000000002,RFA,1500000,0,0,0,0,0,8480015.0,Philadelphia Flyers,1,0,-1,-2,-3,-4
PHI,Nicolas Deslauriers,"LW, RW",32.0,3,M-NTC,Signed,NHL,0.021,UFA,1750000,1750000,1750000,0,0,0,8475235.0,Philadelphia Flyers,3,2,1,0,-1,-2
PHI,Morgan Frost,C,24.0,2,,Draft,NHL,0.025,RFA,2100000,2100000,0,0,0,0,8480028.0,Philadelphia Flyers,2,1,0,-1,-2,-3
PHI,Noah Cates,"C, LW",24.0,2,,Draft,NHL,0.031,RFA,2625000,2625000,0,0,0,0,8480220.0,Philadelphia Flyers,2,1,0,-1,-2,-3
PHI,Scott Laughton,"LW, C",29.0,3,,Draft,NHL,0.036000000000000004,UFA,3000000,3000000,3000000,0,0,0,8476872.0,Philadelphia Flyers,3,2,1,0,-1,-2
PHI,Joel Farabee,"LW, RW",23.0,5,,Draft,NHL,0.06,UFA,5000000,5000000,5000000,5000000,5000000,0,8480797.0,Philadelphia Flyers,5,4,3,2,1,0
PHI,Travis Konecny,"RW, LW",26.0,2,,Draft,NHL,0.066,UFA,5500000,5500000,0,0,0,0,8478439.0,Philadelphia Flyers,2,1,0,-1,-2,-3
PHI,Cam Atkinson,"RW, LW",34.0,2,M-NTC,Trade,NHL,0.07,UFA,5875000,5875000,0,0,0,0,8474715.0,Philadelphia Flyers,2,1,0,-1,-2,-3
PHI,Sean Couturier,C,30.0,7,NMC,Draft,NHL,0.09300000000000001,UFA,7750000,7750000,7750000,7750000,7750000,7750000,8476461.0,Philadelphia Flyers,7,6,5,4,3,2
PHI,Tyson Foerster,"RW, C",21.0,2,ELC,Draft,NHL,0.01,RFA,863333,863333,0,0,0,0,8482159.0,Philadelphia Flyers,2,1,0,-1,-2,-3
PHI,Yegor Zamula,LD/RD,23.0,1,,Signed,NHL,0.009000000000000001,RFA,775000,0,0,0,0,0,8481178.0,Philadelphia Flyers,1,0,-1,-2,-3,-4
PIT,Rickard Rakell,"RW, LW",30.0,5,M-NTC,Trade,NHL,0.06,UFA,5000000,5000000,5000000,5000000,5000000,0,8476483.0,Pittsburgh Penguins,5,4,3,2,1,0
PIT,Bryan Rust,"RW, LW",31.0,5,NMC,Draft,NHL,0.061,UFA,5125000,5125000,5125000,5125000,5125000,0,8475810.0,Pittsburgh Penguins,5,4,3,2,1,0
PIT,Sidney Crosby,C,36.0,2,NMC,Draft,NHL,0.10400000000000001,UFA,8700000,8700000,0,0,0,0,8471675.0,Pittsburgh Penguins,2,1,0,-1,-2,-3
PIT,Reilly Smith,"LW, RW",32.0,2,M-NTC,Trade,NHL,0.06,UFA,5000000,5000000,0,0,0,0,8475191.0,Pittsburgh Penguins,2,1,0,-1,-2,-3
PIT,Jeff Carter,"C, RW",38.0,1,35+NMC,Trade,NHL,0.037000000000000005,UFA,3125000,0,0,0,0,0,8470604.0,Pittsburgh Penguins,1,0,-1,-2,-3,-4
PIT,Lars Eller,C,34.0,2,,Signed,NHL,0.028999999999999998,UFA,2450000,2450000,0,0,0,0,8474189.0,Pittsburgh Penguins,2,1,0,-1,-2,-3
PIT,Noel Acciari,"C, RW",31.0,3,M-NTC,Signed,NHL,0.024,UFA,2000000,2000000,2000000,0,0,0,8478569.0,Pittsburgh Penguins,3,2,1,0,-1,-2
PIT,Jake Guentzel,"LW, RW",29.0,1,M-NTC,Draft,NHL,0.07200000000000001,UFA,6000000,0,0,0,0,0,8477404.0,Pittsburgh Penguins,1,0,-1,-2,-3,-4
PIT,Evgeni Malkin,C,37.0,3,35+NMC,Draft,NHL,0.073,UFA,6100000,6100000,6100000,0,0,0,8471215.0,Pittsburgh Penguins,3,2,1,0,-1,-2
PIT,Drew O'Connor,LW,25.0,2,,Signed,NHL,0.011000000000000001,UFA,925000,925000,0,0,0,0,8482055.0,Pittsburgh Penguins,2,1,0,-1,-2,-3
PIT,Matt Nieto,"LW, RW",30.0,2,,Signed,NHL,0.011000000000000001,UFA,900000,900000,0,0,0,0,8476442.0,Pittsburgh Penguins,2,1,0,-1,-2,-3
PIT,Marcus Pettersson,LD,27.0,2,M-NTC,Trade,NHL,0.048,UFA,4025175,4025175,0,0,0,0,8477969.0,Pittsburgh Penguins,2,1,0,-1,-2,-3
PIT,Erik Karlsson,RD,33.0,4,RSNMC,Trade,NHL,0.12,UFA,10000000,10000000,10000000,10000000,0,0,8474578.0,Pittsburgh Penguins,4,3,2,1,0,-1
PIT,Alex Nedeljkovic,G,27.0,1,,Signed,NHL,0.018000000000000002,UFA,1500000,0,0,0,0,0,8477968.0,Pittsburgh Penguins,1,0,-1,-2,-3,-4
PIT,Tristan Jarry,G,28.0,5,M-NTC,Signed,NHL,0.064,UFA,5375000,5375000,5375000,5375000,5375000,0,8477465.0,Pittsburgh Penguins,5,4,3,2,1,0
PIT,Ryan Shea,LD,26.0,1,,Signed,NHL,0.009000000000000001,UFA,775000,0,0,0,0,0,,Pittsburgh Penguins,1,0,-1,-2,-3,-4
PIT,John Ludvig,LD,23.0,2,,Waivers claim,NHL,0.009000000000000001,RFA,775000,775000,0,0,0,0,,Pittsburgh Penguins,2,1,0,-1,-2,-3
PIT,Chad Ruhwedel,RD,33.0,1,,Signed,NHL,0.01,UFA,800000,0,0,0,0,0,8477244.0,Pittsburgh Penguins,1,0,-1,-2,-3,-4
PIT,Pierre-Olivier Joseph,LD,24.0,1,,Trade,NHL,0.01,RFA,825000,0,0,0,0,0,8480058.0,Pittsburgh Penguins,1,0,-1,-2,-3,-4
PIT,Ryan Graves,LD,28.0,6,M-NTC,Signed,NHL,0.054000000000000006,UFA,4500000,4500000,4500000,4500000,4500000,4500000,8477435.0,Pittsburgh Penguins,6,5,4,3,2,1
PIT,Kris Letang,RD,36.0,5,35+NMC,Draft,NHL,0.073,UFA,6100000,6100000,6100000,6100000,6100000,0,8471724.0,Pittsburgh Penguins,5,4,3,2,1,0
PIT,Jansen Harkins,"LW, C",26.0,1,,Waivers claim,NHL,0.01,UFA,850000,0,0,0,0,0,8478424.0,Pittsburgh Penguins,1,0,-1,-2,-3,-4
SEA,Joey Daccord,G,27.0,2,,Expansion,NHL,0.013999999999999999,UFA,1200000,1200000,0,0,0,0,8478916.0,Seattle Kraken,2,1,0,-1,-2,-3
SEA,Philipp Grubauer,G,31.0,4,NTC,Signed,NHL,0.071,UFA,5900000,5900000,5900000,5900000,0,0,8475831.0,Seattle Kraken,4,3,2,1,0,-1
SEA,Jaycob Megna,LD,30.0,1,,Trade,NHL,0.009000000000000001,UFA,762500,0,0,0,0,0,8477034.0,Seattle Kraken,1,0,-1,-2,-3,-4
SEA,William Borgen,RD,26.0,2,,Expansion,NHL,0.032,UFA,2700000,2700000,0,0,0,0,8478840.0,Seattle Kraken,2,1,0,-1,-2,-3
SEA,Justin Schultz,RD,33.0,1,M-NTC,Signed,NHL,0.036000000000000004,UFA,3000000,0,0,0,0,0,8474602.0,Seattle Kraken,1,0,-1,-2,-3,-4
SEA,Brian Dumoulin,LD,32.0,2,M-NTC,Signed,NHL,0.038,UFA,3150000,3150000,0,0,0,0,8475208.0,Seattle Kraken,2,1,0,-1,-2,-3
SEA,Adam Larsson,RD,30.0,2,M-NTC,Expansion,NHL,0.048,UFA,4000000,4000000,0,0,0,0,8476457.0,Seattle Kraken,2,1,0,-1,-2,-3
SEA,Jamie Oleksiak,LD/RD,30.0,3,NTC,Expansion,NHL,0.055,UFA,4600000,4600000,4600000,0,0,0,8476467.0,Seattle Kraken,3,2,1,0,-1,-2
SEA,Vince Dunn,LD/RD,26.0,4,,Expansion,NHL,0.08800000000000001,UFA,7350000,7350000,7350000,7350000,0,0,8478407.0,Seattle Kraken,4,3,2,1,0,-1
SEA,Pierre-Edouard Bellemare,"C, LW",38.0,1,35+,Signed,NHL,0.009000000000000001,UFA,775000,0,0,0,0,0,8477930.0,Seattle Kraken,1,0,-1,-2,-3,-4
SEA,Tye Kartye,LW,22.0,2,ELC,Signed,NHL,0.01,RFA,859167,859167,0,0,0,0,,Seattle Kraken,2,1,0,-1,-2,-3
SEA,Eeli Tolvanen,"LW, RW",24.0,1,,Waivers claim,NHL,0.017,RFA,1450000,0,0,0,0,0,8480009.0,Seattle Kraken,1,0,-1,-2,-3,-4
SEA,Kailer Yamamoto,RW,25.0,1,,Signed,NHL,0.018000000000000002,RFA,1500000,0,0,0,0,0,8479977.0,Seattle Kraken,1,0,-1,-2,-3,-4
SEA,Brandon Tanev,"LW, RW",31.0,2,M-NTC,Expansion,NHL,0.042,UFA,3500000,3500000,0,0,0,0,8479293.0,Seattle Kraken,2,1,0,-1,-2,-3
SEA,Alexander Wennberg,C,29.0,1,M-NTC,Signed,NHL,0.054000000000000006,UFA,4500000,0,0,0,0,0,8477505.0,Seattle Kraken,1,0,-1,-2,-3,-4
SEA,Jared McCann,"LW, C",27.0,4,M-NTC,Expansion,NHL,0.06,UFA,5000000,5000000,5000000,5000000,0,0,8477955.0,Seattle Kraken,4,3,2,1,0,-1
SEA,Yanni Gourde,"C, LW, RW",31.0,2,M-NTC,Expansion,NHL,0.062,UFA,5166666,5166666,0,0,0,0,8476826.0,Seattle Kraken,2,1,0,-1,-2,-3
SEA,Oliver Bjorkstrand,"RW, LW",28.0,3,M-NTC,Trade,NHL,0.065,UFA,5400000,5400000,5400000,0,0,0,8477416.0,Seattle Kraken,3,2,1,0,-1,-2
SEA,Jaden Schwartz,LW,31.0,3,NMC,Signed,NHL,0.066,UFA,5500000,5500000,5500000,0,0,0,8475768.0,Seattle Kraken,3,2,1,0,-1,-2
SEA,Jordan Eberle,RW,33.0,1,M-NTC,Expansion,NHL,0.066,UFA,5500000,0,0,0,0,0,8474586.0,Seattle Kraken,1,0,-1,-2,-3,-4
SEA,Andre Burakovsky,"RW, LW",28.0,4,M-NTC,Signed,NHL,0.066,UFA,5500000,5500000,5500000,5500000,0,0,8477444.0,Seattle Kraken,4,3,2,1,0,-1
SEA,Matthew Beniers,C,20.0,1,ELC,Draft,NHL,0.011000000000000001,RFA,897500,0,0,0,0,0,8482665.0,Seattle Kraken,1,0,-1,-2,-3,-4
SJS,Mackenzie Blackwood,G,26.0,2,,Signed,NHL,0.027999999999999997,UFA,2350000,2350000,0,0,0,0,8478406.0,San Jose Sharks,2,1,0,-1,-2,-3
SJS,Thomas Bordeleau,C,21.0,1,ELC,Draft,NHL,0.011000000000000001,10.2(c),916667,0,0,0,0,0,8482133.0,San Jose Sharks,1,0,-1,-2,-3,-4
SJS,William Eklund,"C, LW",20.0,3,ELC,Draft,NHL,0.01,RFA,863333,863333,863333,0,0,0,8482667.0,San Jose Sharks,3,2,1,0,-1,-2
SJS,Givani Smith,"LW, RW",25.0,2,,Signed,NHL,0.01,UFA,800000,800000,0,0,0,0,8479379.0,San Jose Sharks,2,1,0,-1,-2,-3
SJS,Marc-Edouard Vlasic,LD/RD,36.0,3,M-NTC,Draft,NHL,0.084,UFA,7000000,7000000,7000000,0,0,0,8471709.0,San Jose Sharks,3,2,1,0,-1,-2
SJS,Mario Ferraro,LD,25.0,3,,Draft,NHL,0.039,UFA,3250000,3250000,3250000,0,0,0,8479983.0,San Jose Sharks,3,2,1,0,-1,-2
SJS,Jan Rutta,LD/RD,33.0,2,,Trade,NHL,0.033,UFA,2750000,2750000,0,0,0,0,8480172.0,San Jose Sharks,2,1,0,-1,-2,-3
SJS,Matthew Benning,RD,29.0,3,,Signed,NHL,0.015,UFA,1250000,1250000,1250000,0,0,0,8476988.0,San Jose Sharks,3,2,1,0,-1,-2
SJS,Nikolai Knyzhov,LD/RD,25.0,2,,Signed,NHL,0.015,UFA,1250000,1250000,0,0,0,0,8481812.0,San Jose Sharks,2,1,0,-1,-2,-3
SJS,Kyle Burroughs,LD/RD,28.0,3,,Signed,NHL,0.013000000000000001,UFA,1100000,1100000,1100000,0,0,0,8477335.0,San Jose Sharks,3,2,1,0,-1,-2
SJS,Henry Thrun,LD,22.0,1,ELC,Trade,NHL,0.011000000000000001,10.2(c),912500,0,0,0,0,0,8481567.0,San Jose Sharks,1,0,-1,-2,-3,-4
SJS,Ty Emberson,RD,23.0,1,,Waivers claim,NHL,0.009000000000000001,RFA,775000,0,0,0,0,0,,San Jose Sharks,1,0,-1,-2,-3,-4
SJS,Filip Zadina,"RW, LW",23.0,1,,Signed,NHL,0.013000000000000001,RFA,1100000,0,0,0,0,0,8480821.0,San Jose Sharks,1,0,-1,-2,-3,-4
SJS,Fabian Zetterlund,RW,24.0,2,,Trade,NHL,0.017,RFA,1450000,1450000,0,0,0,0,8480188.0,San Jose Sharks,2,1,0,-1,-2,-3
SJS,Kaapo Kahkonen,G,27.0,1,,Trade,NHL,0.033,UFA,2750000,0,0,0,0,0,8478039.0,San Jose Sharks,1,0,-1,-2,-3,-4
SJS,Alexander Barabanov,"RW, LW",29.0,1,M-NTC,Trade,NHL,0.03,UFA,2500000,0,0,0,0,0,8482222.0,San Jose Sharks,1,0,-1,-2,-3,-4
SJS,Tomas Hertl,C,29.0,7,NMC,Draft,NHL,0.09699999999999999,UFA,8137500,8137500,8137500,8137500,8137500,8137500,8476881.0,San Jose Sharks,7,6,5,4,3,2
SJS,Mikael Granlund,"C, RW",31.0,2,,Trade,NHL,0.06,UFA,5000000,5000000,0,0,0,0,8475798.0,San Jose Sharks,2,1,0,-1,-2,-3
SJS,Kevin Labanc,"RW, LW",27.0,1,,Draft,NHL,0.057,UFA,4725000,0,0,0,0,0,8478099.0,San Jose Sharks,1,0,-1,-2,-3,-4
SJS,Mike Hoffman,LW,33.0,1,,Trade,NHL,0.054000000000000006,UFA,4500000,0,0,0,0,0,8474884.0,San Jose Sharks,1,0,-1,-2,-3,-4
SJS,Anthony Duclair,"LW, RW",28.0,1,,Trade,NHL,0.036000000000000004,UFA,3000000,0,0,0,0,0,8477407.0,San Jose Sharks,1,0,-1,-2,-3,-4
SJS,Luke Kunin,"RW, C",25.0,1,,Trade,NHL,0.033,RFA,2750000,0,0,0,0,0,8479316.0,San Jose Sharks,1,0,-1,-2,-3,-4
SJS,Nico Sturm,C,28.0,2,,Signed,NHL,0.024,UFA,2000000,2000000,0,0,0,0,8481477.0,San Jose Sharks,2,1,0,-1,-2,-3
SJS,Radim Simek,LD/RD,31.0,1,,Signed,IR,0.027000000000000003,UFA,2250000,0,0,0,0,0,8480160.0,San Jose Sharks,1,0,-1,-2,-3,-4
SJS,Jacob MacDonald,LD/RD,30.0,1,,Trade,IR,0.009000000000000001,UFA,762500,0,0,0,0,0,8479439.0,San Jose Sharks,1,0,-1,-2,-3,-4
SJS,Logan Couture,C,34.0,4,M-NTC,Draft,IR,0.096,UFA,8000000,8000000,8000000,8000000,0,0,8474053.0,San Jose Sharks,4,3,2,1,0,-1
STL,Joel Hofer,G,23.0,2,,Draft,NHL,0.009000000000000001,RFA,775000,775000,0,0,0,0,8480981.0,St. Louis Blues,2,1,0,-1,-2,-3
STL,Jordan Binnington,G,30.0,4,NTC,Draft,NHL,0.07200000000000001,UFA,6000000,6000000,6000000,6000000,0,0,8476412.0,St. Louis Blues,4,3,2,1,0,-1
STL,Scott Perunovich,LD,25.0,1,,Draft,NHL,0.009000000000000001,RFA,775000,0,0,0,0,0,8481059.0,St. Louis Blues,1,0,-1,-2,-3,-4
STL,Tyler Tucker,LD/RD,23.0,2,,Draft,NHL,0.01,RFA,800000,800000,0,0,0,0,8481006.0,St. Louis Blues,2,1,0,-1,-2,-3
STL,Robert Bortuzzo,RD,34.0,1,,Trade,NHL,0.011000000000000001,UFA,950000,0,0,0,0,0,8474145.0,St. Louis Blues,1,0,-1,-2,-3,-4
STL,Nick Leddy,LD,32.0,3,NTC,Signed,NHL,0.048,UFA,4000000,4000000,4000000,0,0,0,8475181.0,St. Louis Blues,3,2,1,0,-1,-2
STL,Jordan Kyrou,RW,25.0,8,,Draft,NHL,0.09699999999999999,UFA,8125000,8125000,8125000,8125000,8125000,8125000,8479385.0,St. Louis Blues,8,7,6,5,4,3
STL,Marco Scandella,LD,33.0,1,M-NTC,Trade,NHL,0.039,UFA,3275000,0,0,0,0,0,8474618.0,St. Louis Blues,1,0,-1,-2,-3,-4
STL,Robert Thomas,"C, RW",24.0,8,,Draft,NHL,0.09699999999999999,UFA,8125000,8125000,8125000,8125000,8125000,8125000,8480023.0,St. Louis Blues,8,7,6,5,4,3
STL,Brayden Schenn,"C, LW",32.0,5,NTC,Trade,NHL,0.078,UFA,6500000,6500000,6500000,6500000,6500000,0,8475170.0,St. Louis Blues,5,4,3,2,1,0
STL,Brandon Saad,"LW, RW",30.0,3,NTC,Signed,NHL,0.054000000000000006,UFA,4500000,4500000,4500000,0,0,0,8476438.0,St. Louis Blues,3,2,1,0,-1,-2
STL,Kevin Hayes,C,31.0,3,RSM-NTC,Trade,NHL,0.043,UFA,3571429,3571429,3571429,0,0,0,8475763.0,St. Louis Blues,3,2,1,0,-1,-2
STL,Kasperi Kapanen,RW,27.0,1,,Waivers claim,NHL,0.038,UFA,3200000,0,0,0,0,0,8477953.0,St. Louis Blues,1,0,-1,-2,-3,-4
STL,Jakub Vrana,LW,27.0,1,RS,Trade,NHL,0.031,UFA,2625000,0,0,0,0,0,8477944.0,St. Louis Blues,1,0,-1,-2,-3,-4
STL,Pavel Buchnevich,"LW, RW, C",28.0,2,M-NTC,Trade,NHL,0.069,UFA,5800000,5800000,0,0,0,0,8477402.0,St. Louis Blues,2,1,0,-1,-2,-3
STL,Samuel Blais,"LW, RW",27.0,1,,Trade,NHL,0.012,UFA,1000000,0,0,0,0,0,8478104.0,St. Louis Blues,1,0,-1,-2,-3,-4
STL,Jake Neighbours,LW,21.0,2,ELC,Draft,NHL,0.01,RFA,835833,835833,0,0,0,0,8482089.0,St. Louis Blues,2,1,0,-1,-2,-3
STL,Nikita Alexandrov,C,23.0,1,ELC,Draft,NHL,0.01,RFA,816667,0,0,0,0,0,8481543.0,St. Louis Blues,1,0,-1,-2,-3,-4
STL,Colton Parayko,RD,30.0,7,NTC,Draft,NHL,0.078,UFA,6500000,6500000,6500000,6500000,6500000,6500000,8476892.0,St. Louis Blues,7,6,5,4,3,2
STL,Oskar Sundqvist,"RW, C",29.0,1,,Signed,NHL,0.009000000000000001,UFA,775000,0,0,0,0,0,8476897.0,St. Louis Blues,1,0,-1,-2,-3,-4
STL,Justin Faulk,RD,31.0,4,NTC,Trade,NHL,0.078,UFA,6500000,6500000,6500000,6500000,0,0,8475753.0,St. Louis Blues,4,3,2,1,0,-1
STL,Alexey Toropchenko,"LW, RW",24.0,2,,Draft,NHL,0.015,RFA,1250000,1250000,0,0,0,0,8480281.0,St. Louis Blues,2,1,0,-1,-2,-3
STL,Torey Krug,LD,32.0,4,NTC,Signed,NHL,0.078,UFA,6500000,6500000,6500000,6500000,0,0,8476792.0,St. Louis Blues,4,3,2,1,0,-1
TBL,Nicholas Paul,"C, LW",28.0,6,NTC,Trade,NHL,0.038,UFA,3150000,3150000,3150000,3150000,3150000,3150000,8477426.0,Tampa Bay Lightning,6,5,4,3,2,1
TBL,Waltteri Merela,RW,25.0,1,ELC,Signed,NHL,0.01,RFA,870000,0,0,0,0,0,,Tampa Bay Lightning,1,0,-1,-2,-3,-4
TBL,Brandon Hagel,LW,25.0,9,,Trade,NHL,0.018000000000000002,UFA,1500000,6500000,6500000,6500000,6500000,6500000,8479542.0,Tampa Bay Lightning,9,8,7,6,5,4
TBL,Conor Sheary,"LW, RW",31.0,3,NTC,Signed,NHL,0.024,UFA,2000000,2000000,2000000,0,0,0,8477839.0,Tampa Bay Lightning,3,2,1,0,-1,-2
TBL,Tanner Jeannot,"RW, LW",26.0,2,,Trade,NHL,0.032,UFA,2665000,2665000,0,0,0,0,8479661.0,Tampa Bay Lightning,2,1,0,-1,-2,-3
TBL,Anthony Cirelli,"C, LW",26.0,8,,Draft,NHL,0.075,UFA,6250000,6250000,6250000,6250000,6250000,6250000,8478519.0,Tampa Bay Lightning,8,7,6,5,4,3
TBL,Steven Stamkos,"LW, C",33.0,1,NMC,Draft,NHL,0.102,UFA,8500000,0,0,0,0,0,8474564.0,Tampa Bay Lightning,1,0,-1,-2,-3,-4
TBL,Nikita Kucherov,RW,30.0,4,NMC,Draft,NHL,0.114,UFA,9500000,9500000,9500000,9500000,0,0,8476453.0,Tampa Bay Lightning,4,3,2,1,0,-1
TBL,Jonas Johansson,G,28.0,2,,Signed,NHL,0.009000000000000001,UFA,775000,775000,0,0,0,0,8477992.0,Tampa Bay Lightning,2,1,0,-1,-2,-3
TBL,Victor Hedman,LD,32.0,2,M-NTC,Draft,NHL,0.094,UFA,7875000,7875000,0,0,0,0,8475167.0,Tampa Bay Lightning,2,1,0,-1,-2,-3
TBL,Darren Raddysh,RD,27.0,3,,Signed,NHL,0.009000000000000001,UFA,762500,975000,975000,0,0,0,8478178.0,Tampa Bay Lightning,3,2,1,0,-1,-2
TBL,Matt Tomkins,G,29.0,2,,Signed,NHL,0.009000000000000001,UFA,775000,775000,0,0,0,0,,Tampa Bay Lightning,2,1,0,-1,-2,-3
TBL,Luke Glendening,"C, RW, LW",34.0,2,,Signed,NHL,0.01,UFA,800000,800000,0,0,0,0,8476822.0,Tampa Bay Lightning,2,1,0,-1,-2,-3
TBL,Tyler Motte,"LW, RW",28.0,1,,Signed,NHL,0.01,UFA,800000,0,0,0,0,0,8477353.0,Tampa Bay Lightning,1,0,-1,-2,-3,-4
TBL,Austin Watson,"RW, LW",31.0,1,,Signed,NHL,0.009000000000000001,UFA,776665,0,0,0,0,0,8475766.0,Tampa Bay Lightning,1,0,-1,-2,-3,-4
TBL,Mikhail Sergachev,LD/RD,25.0,8,,Trade,NHL,0.102,UFA,8500000,8500000,8500000,8500000,8500000,8500000,8479410.0,Tampa Bay Lightning,8,7,6,5,4,3
TBL,Erik Cernak,RD,26.0,8,,Trade,NHL,0.062,UFA,5200000,5200000,5200000,5200000,5200000,5200000,8478416.0,Tampa Bay Lightning,8,7,6,5,4,3
TBL,Nick Perbix,RD,25.0,2,,Draft,NHL,0.013000000000000001,UFA,1125000,1125000,0,0,0,0,8480246.0,Tampa Bay Lightning,2,1,0,-1,-2,-3
TBL,Zach Bogosian,RD,33.0,1,M-NTC,Signed,NHL,0.01,UFA,850000,0,0,0,0,0,8474567.0,Tampa Bay Lightning,1,0,-1,-2,-3,-4
TBL,Calvin De Haan,LD/RD,32.0,1,,Signed,NHL,0.009000000000000001,UFA,775000,0,0,0,0,0,8475177.0,Tampa Bay Lightning,1,0,-1,-2,-3,-4
TBL,Haydn Fleury,LD/RD,27.0,1,,Signed,NHL,0.009000000000000001,UFA,762500,0,0,0,0,0,8477938.0,Tampa Bay Lightning,1,0,-1,-2,-3,-4
TBL,Michael Eyssimont,"RW, C",27.0,2,,Trade,NHL,0.01,UFA,800000,800000,0,0,0,0,8479591.0,Tampa Bay Lightning,2,1,0,-1,-2,-3
TBL,Brayden Point,"C, RW",27.0,7,NMC,Draft,NHL,0.114,UFA,9500000,9500000,9500000,9500000,9500000,9500000,8478010.0,Tampa Bay Lightning,7,6,5,4,3,2
TOR,Joseph Woll,G,25.0,2,,Draft,NHL,0.009000000000000001,RFA,766667,766667,0,0,0,0,8479361.0,Toronto Maple Leafs,2,1,0,-1,-2,-3
TOR,Auston Matthews,C,26.0,5,NMC,Draft,NHL,0.139,UFA,11640250,13250000,13250000,13250000,13250000,0,8479318.0,Toronto Maple Leafs,5,4,3,2,1,0
TOR,John Tavares,"C, LW",33.0,2,NMC,Signed,NHL,0.132,UFA,11000000,11000000,0,0,0,0,8475166.0,Toronto Maple Leafs,2,1,0,-1,-2,-3
TOR,Mitchell Marner,RW,26.0,2,NMC,Draft,NHL,0.131,UFA,10903000,10903000,0,0,0,0,8478483.0,Toronto Maple Leafs,2,1,0,-1,-2,-3
TOR,William Nylander,"RW, C",27.0,1,M-NTC,Draft,NHL,0.083,UFA,6962366,0,0,0,0,0,8477939.0,Toronto Maple Leafs,1,0,-1,-2,-3,-4
TOR,Tyler Bertuzzi,"LW, RW",28.0,1,NMC,Signed,NHL,0.066,UFA,5500000,0,0,0,0,0,8477479.0,Toronto Maple Leafs,1,0,-1,-2,-3,-4
TOR,Max Domi,"C, LW",28.0,1,M-NTC,Signed,NHL,0.036000000000000004,UFA,3000000,0,0,0,0,0,8477503.0,Toronto Maple Leafs,1,0,-1,-2,-3,-4
TOR,David Kampf,C,28.0,4,M-NTC,Signed,NHL,0.028999999999999998,UFA,2400000,2400000,2400000,2400000,0,0,8480144.0,Toronto Maple Leafs,4,3,2,1,0,-1
TOR,Calle Jarnkrok,"LW, RW",32.0,3,M-NTC,Signed,NHL,0.025,UFA,2100000,2100000,2100000,0,0,0,8475714.0,Toronto Maple Leafs,3,2,1,0,-1,-2
TOR,Ryan Reaves,RW,36.0,3,35+,Signed,NHL,0.016,UFA,1350000,1350000,1350000,0,0,0,8471817.0,Toronto Maple Leafs,3,2,1,0,-1,-2
TOR,Matthew Knies,"LW, RW",20.0,2,ELC,Draft,NHL,0.011000000000000001,RFA,925000,925000,0,0,0,0,8482720.0,Toronto Maple Leafs,2,1,0,-1,-2,-3
TOR,Fraser Minten,"C, LW",19.0,3,ELC,Draft,NHL,0.01,RFA,845833,845833,845833,0,0,0,,Toronto Maple Leafs,3,2,1,0,-1,-2
TOR,Noah Gregor,"RW, C",25.0,1,,Signed,NHL,0.009000000000000001,RFA,775000,0,0,0,0,0,8479393.0,Toronto Maple Leafs,1,0,-1,-2,-3,-4
TOR,Morgan Rielly,LD,29.0,7,NMC,Draft,NHL,0.09,UFA,7500000,7500000,7500000,7500000,7500000,7500000,8476853.0,Toronto Maple Leafs,7,6,5,4,3,2
TOR,TJ Brodie,LD/RD,33.0,1,M-NTC,Signed,NHL,0.06,UFA,5000000,0,0,0,0,0,8474673.0,Toronto Maple Leafs,1,0,-1,-2,-3,-4
TOR,John Klingberg,RD,31.0,1,M-NTC,Signed,NHL,0.05,UFA,4150000,0,0,0,0,0,8475906.0,Toronto Maple Leafs,1,0,-1,-2,-3,-4
TOR,Jake McCabe,LD/RD,29.0,2,RSM-NTC,Trade,NHL,0.024,UFA,2000000,2000000,0,0,0,0,8476931.0,Toronto Maple Leafs,2,1,0,-1,-2,-3
TOR,Timothy Liljegren,RD,24.0,1,,Draft,NHL,0.017,RFA,1400000,0,0,0,0,0,8480043.0,Toronto Maple Leafs,1,0,-1,-2,-3,-4
TOR,Mark Giordano,LD,40.0,1,35+,Trade,NHL,0.01,UFA,800000,0,0,0,0,0,8470966.0,Toronto Maple Leafs,1,0,-1,-2,-3,-4
TOR,Simon Benoit,LD,25.0,1,,Signed,NHL,0.009000000000000001,RFA,775000,0,0,0,0,0,8481122.0,Toronto Maple Leafs,1,0,-1,-2,-3,-4
TOR,Ilya Samsonov,G,26.0,1,,Signed,NHL,0.043,UFA,3550000,0,0,0,0,0,8478492.0,Toronto Maple Leafs,1,0,-1,-2,-3,-4
VAN,Guillaume Brisebois,LD,26.0,2,,Draft,NHL,0.009000000000000001,UFA,775000,775000,0,0,0,0,8478465.0,Vancouver Canucks,2,1,0,-1,-2,-3
VAN,Noah Juulsen,RD,26.0,2,,Trade,NHL,0.009000000000000001,UFA,775000,775000,0,0,0,0,8478454.0,Vancouver Canucks,2,1,0,-1,-2,-3
VAN,Thatcher Demko,G,27.0,3,,Draft,NHL,0.06,UFA,5000000,5000000,5000000,0,0,0,8477967.0,Vancouver Canucks,3,2,1,0,-1,-2
VAN,Casey DeSmith,G,32.0,1,,Trade,NHL,0.022000000000000002,UFA,1800000,0,0,0,0,0,8479193.0,Vancouver Canucks,1,0,-1,-2,-3,-4
VAN,Ilya Mikheyev,"LW, RW",29.0,3,M-NTC,Signed,IR,0.057,UFA,4750000,4750000,4750000,0,0,0,8481624.0,Vancouver Canucks,3,2,1,0,-1,-2
VAN,Ian Cole,LD/RD,34.0,1,,Signed,NHL,0.036000000000000004,UFA,3000000,0,0,0,0,0,8474013.0,Vancouver Canucks,1,0,-1,-2,-3,-4
VAN,Carson Soucy,LD/RD,29.0,3,NTC,Signed,NHL,0.039,UFA,3250000,3250000,3250000,0,0,0,8477369.0,Vancouver Canucks,3,2,1,0,-1,-2
VAN,Tyler Myers,RD,33.0,1,M-NTC,Signed,NHL,0.07200000000000001,UFA,6000000,0,0,0,0,0,8474574.0,Vancouver Canucks,1,0,-1,-2,-3,-4
VAN,J.T. Miller,"C, LW, RW",30.0,7,NMC,Trade,NHL,0.096,UFA,8000000,8000000,8000000,8000000,8000000,8000000,8476468.0,Vancouver Canucks,7,6,5,4,3,2
VAN,Elias Pettersson,"C, LW",24.0,1,,Draft,NHL,0.08800000000000001,RFA,7350000,0,0,0,0,0,8480012.0,Vancouver Canucks,1,0,-1,-2,-3,-4
VAN,Brock Boeser,RW,26.0,2,,Draft,NHL,0.08,UFA,6650000,6650000,0,0,0,0,8478444.0,Vancouver Canucks,2,1,0,-1,-2,-3
VAN,Andrei Kuzmenko,"LW, RW",27.0,2,M-NTC,Signed,NHL,0.066,UFA,5500000,5500000,0,0,0,0,8483808.0,Vancouver Canucks,2,1,0,-1,-2,-3
VAN,Conor Garland,"RW, LW",27.0,3,,Trade,NHL,0.059000000000000004,UFA,4950000,4950000,4950000,0,0,0,8478856.0,Vancouver Canucks,3,2,1,0,-1,-2
VAN,Anthony Beauvillier,"RW, LW",26.0,1,,Trade,NHL,0.05,UFA,4150000,0,0,0,0,0,8478463.0,Vancouver Canucks,1,0,-1,-2,-3,-4
VAN,Teddy Blueger,"C, LW",29.0,1,,Signed,NHL,0.023,UFA,1900000,0,0,0,0,0,8476927.0,Vancouver Canucks,1,0,-1,-2,-3,-4
VAN,Pius Suter,"C, LW",27.0,2,,Signed,NHL,0.019,UFA,1600000,1600000,0,0,0,0,8480459.0,Vancouver Canucks,2,1,0,-1,-2,-3
VAN,Sam Lafferty,"RW, C, LW",28.0,1,,Trade,NHL,0.013999999999999999,UFA,1150000,0,0,0,0,0,8478043.0,Vancouver Canucks,1,0,-1,-2,-3,-4
VAN,Nils Hoglander,"LW, RW",22.0,2,,Draft,NHL,0.013000000000000001,RFA,1100000,1100000,0,0,0,0,8481535.0,Vancouver Canucks,2,1,0,-1,-2,-3
VAN,Vasily Podkolzin,"RW, LW",22.0,1,ELC,Draft,NHL,0.011000000000000001,RFA,925000,0,0,0,0,0,8481617.0,Vancouver Canucks,1,0,-1,-2,-3,-4
VAN,Dakota Joshua,LW,27.0,1,,Signed,NHL,0.01,UFA,825000,0,0,0,0,0,8478057.0,Vancouver Canucks,1,0,-1,-2,-3,-4
VAN,Phillip Di Giuseppe,LW,30.0,2,,Signed,NHL,0.009000000000000001,UFA,775000,775000,0,0,0,0,8476858.0,Vancouver Canucks,2,1,0,-1,-2,-3
VAN,Quinn Hughes,LD,23.0,4,,Draft,NHL,0.094,UFA,7850000,7850000,7850000,7850000,0,0,8480800.0,Vancouver Canucks,4,3,2,1,0,-1
VAN,Filip Hronek,RD,25.0,1,,Trade,NHL,0.053,RFA,4400000,0,0,0,0,0,8479425.0,Vancouver Canucks,1,0,-1,-2,-3,-4
VGK,Michael Amadio,"LW, C, RW",27.0,1,,Waivers claim,NHL,0.009000000000000001,UFA,762500,0,0,0,0,0,8478020.0,Vegas Golden Knights,1,0,-1,-2,-3,-4
VGK,Keegan Kolesar,RW,26.0,2,,Trade,NHL,0.017,UFA,1400000,1400000,0,0,0,0,8478434.0,Vegas Golden Knights,2,1,0,-1,-2,-3
VGK,William Carrier,LW,28.0,1,,Expansion,NHL,0.017,UFA,1400000,0,0,0,0,0,8477478.0,Vegas Golden Knights,1,0,-1,-2,-3,-4
VGK,Paul Cotter,"LW, C",23.0,3,,Draft,NHL,0.009000000000000001,RFA,775000,775000,775000,0,0,0,8481032.0,Vegas Golden Knights,3,2,1,0,-1,-2
VGK,Brett Howden,"C, LW",25.0,2,,Signed,NHL,0.023,UFA,1900000,1900000,0,0,0,0,8479353.0,Vegas Golden Knights,2,1,0,-1,-2,-3
VGK,Chandler Stephenson,"C, LW",29.0,1,,Trade,NHL,0.033,UFA,2750000,0,0,0,0,0,8476905.0,Vegas Golden Knights,1,0,-1,-2,-3,-4
VGK,Nicolas Roy,"C, RW",26.0,4,,Trade,NHL,0.036000000000000004,UFA,3000000,3000000,3000000,3000000,0,0,8478462.0,Vegas Golden Knights,4,3,2,1,0,-1
VGK,Ivan Barbashev,"LW, C",27.0,5,M-NTC,Trade,NHL,0.06,UFA,5000000,5000000,5000000,5000000,5000000,0,8477964.0,Vegas Golden Knights,5,4,3,2,1,0
VGK,Jonathan Marchessault,"RW, LW",32.0,1,M-NTC,Expansion,NHL,0.06,UFA,5000000,0,0,0,0,0,8476539.0,Vegas Golden Knights,1,0,-1,-2,-3,-4
VGK,William Karlsson,C,30.0,4,M-NTC,Expansion,NHL,0.071,UFA,5900000,5900000,5900000,5900000,0,0,8476448.0,Vegas Golden Knights,4,3,2,1,0,-1
VGK,Alec Martinez,LD,36.0,1,M-NTC,Signed,IR,0.063,UFA,5250000,0,0,0,0,0,8474166.0,Vegas Golden Knights,1,0,-1,-2,-3,-4
VGK,Logan Thompson,G,26.0,2,,Signed,NHL,0.009000000000000001,UFA,766667,766667,0,0,0,0,8480313.0,Vegas Golden Knights,2,1,0,-1,-2,-3
VGK,Adin Hill,G,27.0,2,M-NTC,Trade,NHL,0.059000000000000004,UFA,4900000,4900000,0,0,0,0,8478499.0,Vegas Golden Knights,2,1,0,-1,-2,-3
VGK,Brayden Pachal,RD,24.0,2,,Signed,NHL,0.009000000000000001,RFA,775000,775000,0,0,0,0,8481167.0,Vegas Golden Knights,2,1,0,-1,-2,-3
VGK,Kaedan Korczak,RD,22.0,1,ELC,Draft,NHL,0.009000000000000001,RFA,789167,0,0,0,0,0,8481527.0,Vegas Golden Knights,1,0,-1,-2,-3,-4
VGK,Ben Hutton,LD,30.0,1,,Signed,NHL,0.01,UFA,850000,0,0,0,0,0,8477018.0,Vegas Golden Knights,1,0,-1,-2,-3,-4
VGK,Nicolas Hague,LD,24.0,2,,Draft,NHL,0.027000000000000003,RFA,2294150,2294150,0,0,0,0,8479980.0,Vegas Golden Knights,2,1,0,-1,-2,-3
VGK,Brayden McNabb,LD,32.0,2,M-NTC,Expansion,NHL,0.034,UFA,2850000,2850000,0,0,0,0,8475188.0,Vegas Golden Knights,2,1,0,-1,-2,-3
VGK,Shea Theodore,LD/RD,28.0,2,M-NTC,Trade,NHL,0.062,UFA,5200000,5200000,0,0,0,0,8477447.0,Vegas Golden Knights,2,1,0,-1,-2,-3
VGK,Alex Pietrangelo,RD,33.0,4,NMC,Signed,NHL,0.105,UFA,8800000,8800000,8800000,8800000,0,0,8474565.0,Vegas Golden Knights,4,3,2,1,0,-1
VGK,Jakub Demek,"RW, C",20.0,3,ELC,Draft,NHL,0.01,RFA,851683,851683,851683,0,0,0,,Vegas Golden Knights,3,2,1,0,-1,-2
VGK,Jack Eichel,C,26.0,3,NMC,Trade,NHL,0.12,UFA,10000000,10000000,10000000,0,0,0,8478403.0,Vegas Golden Knights,3,2,1,0,-1,-2
VGK,Pavel Dorofeyev,"LW, RW",22.0,1,,Draft,NHL,0.01,RFA,825000,0,0,0,0,0,8481604.0,Vegas Golden Knights,1,0,-1,-2,-3,-4
VGK,Mark Stone,RW,31.0,4,NMC,Trade,NHL,0.114,UFA,9500000,9500000,9500000,9500000,0,0,8475913.0,Vegas Golden Knights,4,3,2,1,0,-1
WPG,Laurent Brossoit,G,30.0,1,,Signed,NHL,0.021,UFA,1750000,0,0,0,0,0,8476316.0,Winnipeg Jets,1,0,-1,-2,-3,-4
WPG,Brenden Dillon,LD,32.0,1,,Trade,NHL,0.047,UFA,3900000,0,0,0,0,0,8475455.0,Winnipeg Jets,1,0,-1,-2,-3,-4
WPG,Declan Chisholm,LD/RD,23.0,1,,Draft,NHL,0.009000000000000001,RFA,775000,0,0,0,0,0,8480990.0,Winnipeg Jets,1,0,-1,-2,-3,-4
WPG,Kyle Connor,LW,26.0,3,,Draft,NHL,0.086,UFA,7142857,7142857,7142857,0,0,0,8478398.0,Winnipeg Jets,3,2,1,0,-1,-2
WPG,Mark Scheifele,C,30.0,8,NMC,Draft,NHL,0.073,UFA,6125000,8500000,8500000,8500000,8500000,8500000,8476460.0,Winnipeg Jets,8,7,6,5,4,3
WPG,Nikolaj Ehlers,"RW, LW",27.0,2,M-NTC,Draft,NHL,0.07200000000000001,UFA,6000000,6000000,0,0,0,0,8477940.0,Winnipeg Jets,2,1,0,-1,-2,-3
WPG,Alex Iafallo,LW,29.0,2,,Trade,NHL,0.048,UFA,4000000,4000000,0,0,0,0,8480113.0,Winnipeg Jets,2,1,0,-1,-2,-3
WPG,Gabriel Vilardi,"RW, C",24.0,2,,Trade,NHL,0.040999999999999995,RFA,3437500,3437500,0,0,0,0,8480014.0,Winnipeg Jets,2,1,0,-1,-2,-3
WPG,Adam Lowry,C,30.0,3,M-NTC,Draft,NHL,0.039,UFA,3250000,3250000,3250000,0,0,0,8476392.0,Winnipeg Jets,3,2,1,0,-1,-2
WPG,Mason Appleton,RW,27.0,2,,Trade,NHL,0.026000000000000002,UFA,2166667,2166667,0,0,0,0,8478891.0,Winnipeg Jets,2,1,0,-1,-2,-3
WPG,Vladislav Namestnikov,"LW, RW, C",30.0,2,,Signed,NHL,0.024,UFA,2000000,2000000,0,0,0,0,8476480.0,Winnipeg Jets,2,1,0,-1,-2,-3
WPG,Morgan Barron,"LW, C, RW",24.0,2,,Trade,NHL,0.016,RFA,1350000,1350000,0,0,0,0,8480289.0,Winnipeg Jets,2,1,0,-1,-2,-3
WPG,Rasmus Kupari,"C, LW, RW",23.0,2,,Trade,NHL,0.012,RFA,1000000,1000000,0,0,0,0,8480845.0,Winnipeg Jets,2,1,0,-1,-2,-3
WPG,Cole Perfetti,"LW, C",21.0,1,ELC,Draft,NHL,0.011000000000000001,RFA,894167,0,0,0,0,0,8482149.0,Winnipeg Jets,1,0,-1,-2,-3,-4
WPG,David Gustafsson,"LW, C",23.0,1,,Draft,NHL,0.009000000000000001,RFA,775000,0,0,0,0,0,8481019.0,Winnipeg Jets,1,0,-1,-2,-3,-4
WPG,Joshua Morrissey,LD,28.0,5,NMC,Draft,NHL,0.075,UFA,6250000,6250000,6250000,6250000,6250000,0,8477504.0,Winnipeg Jets,5,4,3,2,1,0
WPG,Nate Schmidt,LD/RD,32.0,2,M-NTC,Trade,NHL,0.071,UFA,5950000,5950000,0,0,0,0,8477220.0,Winnipeg Jets,2,1,0,-1,-2,-3
WPG,Neal Pionk,RD,28.0,2,M-NTC,Trade,NHL,0.07,UFA,5875000,5875000,0,0,0,0,8480145.0,Winnipeg Jets,2,1,0,-1,-2,-3
WPG,Dylan DeMelo,RD,30.0,1,M-NTC,Trade,NHL,0.036000000000000004,UFA,3000000,0,0,0,0,0,8476331.0,Winnipeg Jets,1,0,-1,-2,-3,-4
WPG,Dylan Samberg,LD,24.0,2,,Draft,NHL,0.017,RFA,1400000,1400000,0,0,0,0,8480049.0,Winnipeg Jets,2,1,0,-1,-2,-3
WPG,Logan Stanley,LD,25.0,1,,Draft,NHL,0.012,RFA,1000000,0,0,0,0,0,8479378.0,Winnipeg Jets,1,0,-1,-2,-3,-4
WPG,Connor Hellebuyck,G,30.0,8,NMC,Draft,NHL,0.07400000000000001,UFA,6166667,8500000,8500000,8500000,8500000,8500000,8476945.0,Winnipeg Jets,8,7,6,5,4,3
WPG,Nino Niederreiter,"LW, RW",31.0,1,,Trade,NHL,0.048,UFA,4000000,0,0,0,0,0,8475799.0,Winnipeg Jets,1,0,-1,-2,-3,-4
WSH,Nick Jensen,RD,33.0,3,,Trade,NHL,0.049,UFA,4050000,4050000,4050000,0,0,0,8475324.0,Washington Capitals,3,2,1,0,-1,-2
WSH,Charlie Lindgren,G,29.0,2,,Signed,NHL,0.013000000000000001,UFA,1100000,1100000,0,0,0,0,8479292.0,Washington Capitals,2,1,0,-1,-2,-3
WSH,Darcy Kuemper,G,33.0,4,M-NTC,Signed,NHL,0.063,UFA,5250000,5250000,5250000,5250000,0,0,8475311.0,Washington Capitals,4,3,2,1,0,-1
WSH,Lucas Johansen,LD,25.0,1,,Draft,NHL,0.009000000000000001,RFA,762500,0,0,0,0,0,8479321.0,Washington Capitals,1,0,-1,-2,-3,-4
WSH,Alexander Alexeyev,LD/RD,23.0,2,,Draft,NHL,0.01,RFA,825000,825000,0,0,0,0,8480823.0,Washington Capitals,2,1,0,-1,-2,-3
WSH,Rasmus Sandin,LD,23.0,1,,Trade,NHL,0.017,RFA,1400000,0,0,0,0,0,8480873.0,Washington Capitals,1,0,-1,-2,-3,-4
WSH,Martin Fehervary,LD/RD,24.0,3,,Draft,NHL,0.032,RFA,2675000,2675000,2675000,0,0,0,8480796.0,Washington Capitals,3,2,1,0,-1,-2
WSH,Trevor van Riemsdyk,RD,32.0,3,,Signed,NHL,0.036000000000000004,UFA,3000000,3000000,3000000,0,0,0,8477845.0,Washington Capitals,3,2,1,0,-1,-2
WSH,John Carlson,RD,33.0,3,M-NTC,Draft,NHL,0.096,UFA,8000000,8000000,8000000,0,0,0,8474590.0,Washington Capitals,3,2,1,0,-1,-2
WSH,Sonny Milano,"LW, RW",27.0,3,,Signed,NHL,0.023,UFA,1900000,1900000,1900000,0,0,0,8477947.0,Washington Capitals,3,2,1,0,-1,-2
WSH,Matthew Phillips,C,25.0,1,,Signed,NHL,0.009000000000000001,RFA,775000,0,0,0,0,0,8479547.0,Washington Capitals,1,0,-1,-2,-3,-4
WSH,Aliaksei Protas,"RW, LW, C",22.0,1,ELC,Draft,NHL,0.009000000000000001,RFA,789167,0,0,0,0,0,8481656.0,Washington Capitals,1,0,-1,-2,-3,-4
WSH,Connor McMichael,"LW, C",22.0,1,ELC,Draft,NHL,0.01,RFA,863333,0,0,0,0,0,8481580.0,Washington Capitals,1,0,-1,-2,-3,-4
WSH,Nic Dowd,C,33.0,2,,Signed,NHL,0.016,UFA,1300000,1300000,0,0,0,0,8475343.0,Washington Capitals,2,1,0,-1,-2,-3
WSH,Joel Edmundson,LD/RD,30.0,1,RSM-NTC,Trade,IR,0.021,UFA,1750000,0,0,0,0,0,8476441.0,Washington Capitals,1,0,-1,-2,-3,-4
WSH,Dylan Strome,C,26.0,5,,Signed,NHL,0.06,UFA,5000000,5000000,5000000,5000000,5000000,0,8478440.0,Washington Capitals,5,4,3,2,1,0
WSH,Tom Wilson,RW,29.0,8,M-NTC,Draft,NHL,0.062,UFA,5166667,6500000,6500000,6500000,6500000,6500000,8476880.0,Washington Capitals,8,7,6,5,4,3
WSH,Anthony Mantha,"LW, RW",29.0,1,,Trade,NHL,0.068,UFA,5700000,0,0,0,0,0,8477511.0,Washington Capitals,1,0,-1,-2,-3,-4
WSH,T.J. Oshie,RW,36.0,2,M-NTC,Trade,NHL,0.069,UFA,5750000,5750000,0,0,0,0,8471698.0,Washington Capitals,2,1,0,-1,-2,-3
WSH,Evgeny Kuznetsov,C,31.0,2,M-NTC,Draft,NHL,0.09300000000000001,UFA,7800000,7800000,0,0,0,0,8475744.0,Washington Capitals,2,1,0,-1,-2,-3
WSH,Beck Malenstyn,"C, LW",25.0,1,,Draft,NHL,0.009000000000000001,RFA,762500,0,0,0,0,0,8479359.0,Washington Capitals,1,0,-1,-2,-3,-4
WSH,Alex Ovechkin,LW,38.0,3,"35+M-NTC, NMC",Draft,NHL,0.114,UFA,9500000,9500000,9500000,0,0,0,8471214.0,Washington Capitals,3,2,1,0,-1,-2
WSH,Nicklas Backstrom,C,35.0,2,M-NTC,Draft,NHL,0.11,UFA,9200000,9200000,0,0,0,0,8473563.0,Washington Capitals,2,1,0,-1,-2,-3
